cds_id,function
Phi_S7_1_CDS_0001,head and packaging
Phi_S7_1_CDS_0002,head and packaging
Phi_S7_1_CDS_0003,unknown function
Phi_S7_1_CDS_0004,"DNA, RNA and nucleotide metabolism"
Phi_S7_1_CDS_0005,head and packaging
Phi_S7_1_CDS_0006,unknown function
Phi_S7_1_CDS_0007,tail
Phi_S7_1_CDS_0008,head and packaging
Phi_S7_1_CDS_0009,unknown function
Phi_S7_1_CDS_0010,head and packaging
Phi_S7_1_CDS_0011,unknown function
Phi_S7_1_CDS_0012,unknown function
Phi_S7_1_CDS_0013,unknown function
Phi_S7_1_CDS_0014,"DNA, RNA and nucleotide metabolism"
Phi_S7_1_CDS_0015,unknown function
Phi_S7_1_CDS_0016,unknown function
Phi_S7_1_CDS_0017,unknown function
Phi_S7_1_CDS_0018,unknown function
Phi_S7_1_CDS_0019,unknown function
Phi_S7_1_CDS_0020,"DNA, RNA and nucleotide metabolism"
Phi_S7_1_CDS_0021,"moron, auxiliary metabolic gene and host takeover"
Phi_S7_1_CDS_0022,unknown function
Phi_S7_1_CDS_0023,"DNA, RNA and nucleotide metabolism"
Phi_S7_1_CDS_0024,"DNA, RNA and nucleotide metabolism"
Phi_S7_1_CDS_0025,"DNA, RNA and nucleotide metabolism"
Phi_S7_1_CDS_0026,"DNA, RNA and nucleotide metabolism"
Phi_S7_1_CDS_0027,unknown function
Phi_S7_1_CDS_0028,unknown function
Phi_S7_1_CDS_0029,tail
Phi_S7_1_CDS_0030,unknown function
Phi_S7_1_CDS_0031,"moron, auxiliary metabolic gene and host takeover"
Phi_S7_1_CDS_0032,tail
Phi_S7_1_CDS_0033,unknown function
Phi_S7_1_CDS_0034,unknown function
Phi_S7_1_CDS_0035,unknown function
Phi_S7_1_CDS_0036,lysis
Phi_S7_1_CDS_0037,unknown function
Phi_S7_1_CDS_0038,unknown function
Phi_S7_1_CDS_0039,lysis
Phi_S7_1_CDS_0040,unknown function
Phi_S7_1_CDS_0041,lysis
Phi_S7_1_CDS_0042,lysis
Phi_S7_1_CDS_0043,"DNA, RNA and nucleotide metabolism"
Phi_S7_1_CDS_0044,unknown function
Phi_S7_1_CDS_0045,"DNA, RNA and nucleotide metabolism"
Phi_S7_1_CDS_0046,unknown function
Phi_S7_1_CDS_0047,"DNA, RNA and nucleotide metabolism"
Phi_S7_1_CDS_0048,unknown function
Phi_S7_1_CDS_0049,"DNA, RNA and nucleotide metabolism"
Phi_S7_1_CDS_0050,"DNA, RNA and nucleotide metabolism"
Phi_S7_1_CDS_0051,unknown function
Phi_S7_1_CDS_0052,other
Phi_S7_1_CDS_0053,unknown function
Phi_S7_1_CDS_0054,"DNA, RNA and nucleotide metabolism"
Phi_S7_1_CDS_0055,unknown function
Phi_S7_1_CDS_0056,unknown function
Phi_S7_1_CDS_0057,unknown function
Phi_S7_1_CDS_0058,unknown function
Phi_S7_1_CDS_0059,transcription regulation
Phi_S7_1_CDS_0060,unknown function
Phi_S7_1_CDS_0061,unknown function
Phi_S7_1_CDS_0062,unknown function
Phi_S7_1_CDS_0063,unknown function
Phi_S7_1_CDS_0064,"DNA, RNA and nucleotide metabolism"
Phi_S7_1_CDS_0065,unknown function
Phi_S7_1_CDS_0066,unknown function
Phi_S7_1_CDS_0067,unknown function
Phi_S7_1_CDS_0068,"DNA, RNA and nucleotide metabolism"
Phi_S7_1_CDS_0069,unknown function
Phi_S7_1_CDS_0070,other
Phi_S7_1_CDS_0071,unknown function
Phi_S7_1_CDS_0072,other
Phi_S7_1_CDS_0073,unknown function
Phi_S7_1_CDS_0074,unknown function
Phi_S7_1_CDS_0075,unknown function
Phi_S7_1_CDS_0076,unknown function
Phi_S7_1_CDS_0077,unknown function
Phi_S7_1_CDS_0078,unknown function
Phi_S7_1_CDS_0079,unknown function
Phi_S7_1_CDS_0080,unknown function
Phi_S7_1_CDS_0081,unknown function
Phi_S7_1_CDS_0082,unknown function
Phi_S7_1_CDS_0083,unknown function
Phi_S7_1_CDS_0084,unknown function
Phi_S7_1_CDS_0085,unknown function
Phi_S7_1_CDS_0086,unknown function
Phi_S7_1_CDS_0087,unknown function
Phi_S7_1_CDS_0088,unknown function
Phi_S7_1_CDS_0089,unknown function
Phi_S7_1_CDS_0090,unknown function
Phi_S7_1_CDS_0091,unknown function
Phi_S7_1_CDS_0092,unknown function
Phi_S7_1_CDS_0093,unknown function
Pharokka_KP_S10_4_CDS_0001,lysis
Pharokka_KP_S10_4_CDS_0002,unknown function
Pharokka_KP_S10_4_CDS_0003,unknown function
Pharokka_KP_S10_4_CDS_0004,"moron, auxiliary metabolic gene and host takeover"
Pharokka_KP_S10_4_CDS_0005,unknown function
Pharokka_KP_S10_4_CDS_0006,unknown function
Pharokka_KP_S10_4_CDS_0007,unknown function
Pharokka_KP_S10_4_CDS_0008,unknown function
Pharokka_KP_S10_4_CDS_0009,unknown function
Pharokka_KP_S10_4_CDS_0010,unknown function
Pharokka_KP_S10_4_CDS_0011,unknown function
Pharokka_KP_S10_4_CDS_0012,unknown function
Pharokka_KP_S10_4_CDS_0013,unknown function
Pharokka_KP_S10_4_CDS_0014,unknown function
Pharokka_KP_S10_4_CDS_0015,unknown function
Pharokka_KP_S10_4_CDS_0016,unknown function
Pharokka_KP_S10_4_CDS_0017,unknown function
Pharokka_KP_S10_4_CDS_0018,unknown function
Pharokka_KP_S10_4_CDS_0019,unknown function
Pharokka_KP_S10_4_CDS_0020,unknown function
Pharokka_KP_S10_4_CDS_0021,unknown function
Pharokka_KP_S10_4_CDS_0022,unknown function
Pharokka_KP_S10_4_CDS_0023,unknown function
Pharokka_KP_S10_4_CDS_0024,unknown function
Pharokka_KP_S10_4_CDS_0025,unknown function
Pharokka_KP_S10_4_CDS_0026,unknown function
Pharokka_KP_S10_4_CDS_0027,"DNA, RNA and nucleotide metabolism"
Pharokka_KP_S10_4_CDS_0028,unknown function
Pharokka_KP_S10_4_CDS_0029,unknown function
Pharokka_KP_S10_4_CDS_0030,unknown function
Pharokka_KP_S10_4_CDS_0031,unknown function
Pharokka_KP_S10_4_CDS_0032,unknown function
Pharokka_KP_S10_4_CDS_0033,unknown function
Pharokka_KP_S10_4_CDS_0034,unknown function
Pharokka_KP_S10_4_CDS_0035,unknown function
Pharokka_KP_S10_4_CDS_0036,unknown function
Pharokka_KP_S10_4_CDS_0037,unknown function
Pharokka_KP_S10_4_CDS_0038,unknown function
Pharokka_KP_S10_4_CDS_0039,unknown function
Pharokka_KP_S10_4_CDS_0040,unknown function
Pharokka_KP_S10_4_CDS_0041,unknown function
Pharokka_KP_S10_4_CDS_0042,unknown function
Pharokka_KP_S10_4_CDS_0043,unknown function
Pharokka_KP_S10_4_CDS_0044,lysis
Pharokka_PA_S6_6_CDS_0001,unknown function
Pharokka_PA_S6_6_CDS_0002,"DNA, RNA and nucleotide metabolism"
Pharokka_PA_S6_6_CDS_0003,unknown function
Pharokka_PA_S6_6_CDS_0004,unknown function
Pharokka_PA_S6_6_CDS_0005,"DNA, RNA and nucleotide metabolism"
Pharokka_PA_S6_6_CDS_0006,transcription regulation
Pharokka_PA_S6_6_CDS_0007,unknown function
Pharokka_PA_S6_6_CDS_0008,unknown function
Pharokka_PA_S6_6_CDS_0009,"moron, auxiliary metabolic gene and host takeover"
Pharokka_PA_S6_6_CDS_0010,head and packaging
Pharokka_PA_S6_6_CDS_0011,head and packaging
Pharokka_PA_S6_6_CDS_0012,unknown function
Phi_KP_S8_1_CDS_0001,head and packaging
Phi_KP_S8_1_CDS_0002,head and packaging
Phi_KP_S8_1_CDS_0003,head and packaging
Phi_KP_S8_1_CDS_0004,head and packaging
Phi_KP_S8_1_CDS_0005,head and packaging
Phi_KP_S8_1_CDS_0006,head and packaging
Phi_KP_S8_1_CDS_0007,connector
Phi_KP_S8_1_CDS_0008,connector
Phi_KP_S8_1_CDS_0009,connector
Phi_KP_S8_1_CDS_0010,tail
Phi_KP_S8_1_CDS_0011,tail
Phi_KP_S8_1_CDS_0012,tail
Phi_KP_S8_1_CDS_0013,tail
Phi_KP_S8_1_CDS_0014,tail
Phi_KP_S8_1_CDS_0015,tail
Phi_KP_S8_1_CDS_0016,tail
Phi_KP_S8_1_CDS_0017,tail
Phi_KP_S8_1_CDS_0018,unknown function
Phi_KP_S8_1_CDS_0019,tail
Phi_KP_S8_1_CDS_0020,"DNA, RNA and nucleotide metabolism"
Phi_KP_S8_1_CDS_0021,"DNA, RNA and nucleotide metabolism"
Phi_KP_S8_1_CDS_0022,"DNA, RNA and nucleotide metabolism"
Phi_KP_S8_1_CDS_0023,"DNA, RNA and nucleotide metabolism"
Phi_KP_S8_1_CDS_0024,"DNA, RNA and nucleotide metabolism"
Phi_KP_S8_1_CDS_0025,"DNA, RNA and nucleotide metabolism"
Phi_KP_S8_1_CDS_0026,unknown function
Phi_KP_S8_1_CDS_0027,"DNA, RNA and nucleotide metabolism"
Phi_KP_S8_1_CDS_0028,unknown function
Phi_KP_S8_1_CDS_0029,"DNA, RNA and nucleotide metabolism"
Phi_KP_S8_1_CDS_0030,"DNA, RNA and nucleotide metabolism"
Phi_KP_S8_1_CDS_0031,"DNA, RNA and nucleotide metabolism"
Phi_KP_S8_1_CDS_0032,transcription regulation
Phi_KP_S8_1_CDS_0033,"DNA, RNA and nucleotide metabolism"
Phi_KP_S8_1_CDS_0034,"DNA, RNA and nucleotide metabolism"
Phi_KP_S8_1_CDS_0035,unknown function
Phi_KP_S8_1_CDS_0036,unknown function
Phi_KP_S8_1_CDS_0037,transcription regulation
Phi_KP_S8_1_CDS_0038,unknown function
Phi_KP_S8_1_CDS_0039,"DNA, RNA and nucleotide metabolism"
Phi_KP_S8_1_CDS_0040,unknown function
Phi_KP_S8_1_CDS_0041,"DNA, RNA and nucleotide metabolism"
Phi_KP_S8_1_CDS_0042,unknown function
Phi_KP_S8_1_CDS_0043,"DNA, RNA and nucleotide metabolism"
Phi_KP_S8_1_CDS_0044,unknown function
Phi_KP_S8_1_CDS_0045,unknown function
Phi_KP_S8_1_CDS_0046,unknown function
Phi_KP_S8_1_CDS_0047,"DNA, RNA and nucleotide metabolism"
Phi_KP_S8_1_CDS_0048,unknown function
Phi_KP_S8_1_CDS_0049,"moron, auxiliary metabolic gene and host takeover"
Phi_KP_S8_1_CDS_0050,other
Phi_KP_S8_1_CDS_0051,unknown function
Phi_KP_S8_1_CDS_0052,unknown function
Phi_KP_S8_1_CDS_0053,"DNA, RNA and nucleotide metabolism"
Phi_KP_S8_1_CDS_0054,"DNA, RNA and nucleotide metabolism"
Phi_KP_S8_1_CDS_0055,"DNA, RNA and nucleotide metabolism"
Phi_KP_S8_1_CDS_0056,"DNA, RNA and nucleotide metabolism"
Phi_KP_S8_1_CDS_0057,unknown function
Phi_KP_S8_1_CDS_0058,"DNA, RNA and nucleotide metabolism"
Phi_KP_S8_1_CDS_0059,unknown function
Phi_KP_S8_1_CDS_0060,unknown function
Phi_KP_S8_1_CDS_0061,unknown function
Phi_KP_S8_1_CDS_0062,"DNA, RNA and nucleotide metabolism"
Phi_KP_S8_1_CDS_0063,lysis
Phi_KP_S8_1_CDS_0064,unknown function
Phi_KP_S8_1_CDS_0065,unknown function
Phi_KP_S8_1_CDS_0066,unknown function
Phi_KP_S8_1_CDS_0067,unknown function
Phi_KP_S8_1_CDS_0068,unknown function
Phi_KP_S8_1_CDS_0069,unknown function
Phi_KP_S8_1_CDS_0070,unknown function
Phi_KP_S8_1_CDS_0071,unknown function
Phi_KP_S8_1_CDS_0072,unknown function
Phi_KP_S8_1_CDS_0073,unknown function
Phi_KP_S8_1_CDS_0074,unknown function
Phi_KP_S8_1_CDS_0075,unknown function
Phi_KP_S8_1_CDS_0076,unknown function
Phi_KP_S8_1_CDS_0077,unknown function
Phi_KP_S8_1_CDS_0078,unknown function
Phi_KP_S8_1_CDS_0079,unknown function
Phi_KP_S8_1_CDS_0080,unknown function
Phi_KP_S8_1_CDS_0081,unknown function
Phi_KP_S8_1_CDS_0082,unknown function
Phi_KP_S8_1_CDS_0083,unknown function
Phi_KP_S8_1_CDS_0084,unknown function
Phi_KP_S8_1_CDS_0085,"DNA, RNA and nucleotide metabolism"
Phi_KP_S8_1_CDS_0086,unknown function
Phi_KP_S8_1_CDS_0087,unknown function
Phi_KP_S8_1_CDS_0088,unknown function
Phi_KP_S8_1_CDS_0089,unknown function
Phi_KP_S8_1_CDS_0090,unknown function
Phi_KP_S8_1_CDS_0091,unknown function
Phi_KP_S8_1_CDS_0092,unknown function
Phi_KP_S8_1_CDS_0093,unknown function
Phi_KP_S8_1_CDS_0094,unknown function
Phi_KP_S8_1_CDS_0095,unknown function
Phi_KP_S8_1_CDS_0096,unknown function
Phi_KP_S8_1_CDS_0097,unknown function
Phi_KP_S8_1_CDS_0098,unknown function
Phi_KP_S8_1_CDS_0099,unknown function
Phi_KP_S8_1_CDS_0100,unknown function
Phi_KP_S8_1_CDS_0101,unknown function
Phi_KP_S8_1_CDS_0102,lysis
Phi_KP_S8_1_CDS_0103,other
Phi_KP_S8_1_CDS_0104,other
Phi_KP_S8_1_CDS_0105,lysis
Phi_KP_S8_1_CDS_0106,lysis
Phi_KP_S8_1_CDS_0107,unknown function
Phi_KP_S8_1_CDS_0108,unknown function
Phi_KP_S8_1_CDS_0109,"DNA, RNA and nucleotide metabolism"
Phi_KP_S8_1_CDS_0110,unknown function
Phi_KP_S8_1_CDS_0111,unknown function
Phi_KP_S8_1_CDS_0112,other
Phi_KP_S8_1_CDS_0113,unknown function
Phi_KP_S8_1_CDS_0114,unknown function
Phi_KP_S8_1_CDS_0115,unknown function
Phi_KP_S8_1_CDS_0116,unknown function
Phi_KP_S8_1_CDS_0117,unknown function
Phi_KP_S8_1_CDS_0118,unknown function
Phi_KP_S8_1_CDS_0119,unknown function
Phi_KP_S8_1_CDS_0120,unknown function
Phi_KP_S8_1_CDS_0121,unknown function
Phi_KP_S8_1_CDS_0122,unknown function
Phi_KP_S8_1_CDS_0123,unknown function
Phi_KP_S8_1_CDS_0124,unknown function
Phi_KP_S8_1_CDS_0125,unknown function
Phi_KP_S8_1_CDS_0126,"DNA, RNA and nucleotide metabolism"
Phi_KP_S8_1_CDS_0127,unknown function
Phi_KP_S8_1_CDS_0128,unknown function
Phi_KP_S8_1_CDS_0129,unknown function
Phi_KP_S8_1_CDS_0130,unknown function
Phi_KP_S8_1_CDS_0131,unknown function
Phi_KP_S8_1_CDS_0132,unknown function
Phi_KP_S8_1_CDS_0133,unknown function
Phi_KP_S8_1_CDS_0134,unknown function
Phi_KP_S8_1_CDS_0135,unknown function
Phi_KP_S8_1_CDS_0136,unknown function
Phi_KP_S8_1_CDS_0137,unknown function
Phi_KP_S8_1_CDS_0138,unknown function
Phi_KP_S8_1_CDS_0139,unknown function
Phi_KP_S8_1_CDS_0140,"DNA, RNA and nucleotide metabolism"
Phi_KP_S8_1_CDS_0141,unknown function
Phi_KP_S8_1_CDS_0142,"moron, auxiliary metabolic gene and host takeover"
Phi_KP_S8_1_CDS_0143,other
Phi_KP_S8_1_CDS_0144,unknown function
Phi_KP_S8_1_CDS_0145,other
Phi_KP_S8_1_CDS_0146,unknown function
Phi_KP_S8_1_CDS_0147,unknown function
Phi_KP_S8_1_CDS_0148,unknown function
Phi_KP_S8_1_CDS_0149,head and packaging
Phi_PA_S6_1_CDS_0001,head and packaging
Phi_PA_S6_1_CDS_0002,head and packaging
Phi_PA_S6_1_CDS_0003,unknown function
Phi_PA_S6_1_CDS_0004,head and packaging
Phi_PA_S6_1_CDS_0005,head and packaging
Phi_PA_S6_1_CDS_0006,unknown function
Phi_PA_S6_1_CDS_0007,head and packaging
Phi_PA_S6_1_CDS_0008,unknown function
Phi_PA_S6_1_CDS_0009,unknown function
Phi_PA_S6_1_CDS_0010,tail
Phi_PA_S6_1_CDS_0011,head and packaging
Phi_PA_S6_1_CDS_0012,tail
Phi_PA_S6_1_CDS_0013,"DNA, RNA and nucleotide metabolism"
Phi_PA_S6_1_CDS_0014,"DNA, RNA and nucleotide metabolism"
Phi_PA_S6_1_CDS_0015,unknown function
Phi_PA_S6_1_CDS_0016,head and packaging
Phi_PA_S6_1_CDS_0017,head and packaging
Phi_PA_S6_1_CDS_0018,head and packaging
Phi_PA_S6_1_CDS_0019,unknown function
Phi_PA_S6_1_CDS_0020,unknown function
Phi_PA_S6_1_CDS_0021,unknown function
Phi_PA_S6_1_CDS_0022,unknown function
Phi_PA_S6_1_CDS_0023,unknown function
Phi_PA_S6_1_CDS_0024,unknown function
Phi_PA_S6_1_CDS_0025,other
Phi_PA_S6_1_CDS_0026,"DNA, RNA and nucleotide metabolism"
Phi_PA_S6_1_CDS_0027,"DNA, RNA and nucleotide metabolism"
Phi_PA_S6_1_CDS_0028,unknown function
Phi_PA_S6_1_CDS_0029,lysis
Phi_PA_S6_1_CDS_0030,"DNA, RNA and nucleotide metabolism"
Phi_PA_S6_1_CDS_0031,"DNA, RNA and nucleotide metabolism"
Phi_PA_S6_1_CDS_0032,unknown function
Phi_PA_S6_1_CDS_0033,tail
Phi_PA_S6_1_CDS_0034,lysis
Phi_PA_S6_1_CDS_0035,unknown function
Phi_PA_S6_1_CDS_0036,unknown function
Phi_PA_S6_1_CDS_0037,"DNA, RNA and nucleotide metabolism"
Phi_PA_S6_1_CDS_0038,"DNA, RNA and nucleotide metabolism"
Phi_PA_S6_1_CDS_0039,"DNA, RNA and nucleotide metabolism"
Phi_PA_S6_1_CDS_0040,unknown function
Phi_PA_S6_1_CDS_0041,"moron, auxiliary metabolic gene and host takeover"
Phi_PA_S6_1_CDS_0042,"moron, auxiliary metabolic gene and host takeover"
Phi_PA_S6_1_CDS_0043,unknown function
Phi_PA_S6_1_CDS_0044,other
Phi_PA_S6_1_CDS_0045,other
Phi_PA_S6_1_CDS_0046,unknown function
Phi_PA_S6_1_CDS_0047,other
Phi_PA_S6_1_CDS_0048,unknown function
Phi_PA_S6_1_CDS_0049,unknown function
Phi_PA_S6_1_CDS_0050,unknown function
Phi_PA_S6_1_CDS_0051,unknown function
Phi_PA_S6_1_CDS_0052,unknown function
Phi_PA_S6_1_CDS_0053,unknown function
Phi_PA_S6_1_CDS_0054,unknown function
Phi_PA_S6_1_CDS_0055,unknown function
Phi_PA_S6_1_CDS_0056,unknown function
Phi_PA_S6_1_CDS_0057,unknown function
Phi_PA_S6_1_CDS_0058,unknown function
Phi_PA_S6_1_CDS_0059,unknown function
Phi_PA_S6_1_CDS_0060,unknown function
Phi_PA_S6_1_CDS_0061,unknown function
Phi_PA_S6_1_CDS_0062,unknown function
Phi_PA_S6_1_CDS_0063,unknown function
Phi_PA_S6_1_CDS_0064,unknown function
Phi_PA_S6_1_CDS_0065,unknown function
Phi_PA_S6_1_CDS_0066,unknown function
Phi_PA_S6_1_CDS_0067,unknown function
Phi_PA_S6_1_CDS_0068,unknown function
Phi_PA_S6_1_CDS_0069,unknown function
Phi_PA_S6_1_CDS_0070,unknown function
Phi_PA_S6_1_CDS_0071,unknown function
Phi_PA_S6_1_CDS_0072,head and packaging
Phi_PA_S8__CDS_0001,head and packaging
Phi_PA_S8__CDS_0002,head and packaging
Phi_PA_S8__CDS_0003,unknown function
Phi_PA_S8__CDS_0004,"DNA, RNA and nucleotide metabolism"
Phi_PA_S8__CDS_0005,head and packaging
Phi_PA_S8__CDS_0006,unknown function
Phi_PA_S8__CDS_0007,tail
Phi_PA_S8__CDS_0008,head and packaging
Phi_PA_S8__CDS_0009,unknown function
Phi_PA_S8__CDS_0010,head and packaging
Phi_PA_S8__CDS_0011,unknown function
Phi_PA_S8__CDS_0012,unknown function
Phi_PA_S8__CDS_0013,unknown function
Phi_PA_S8__CDS_0014,"DNA, RNA and nucleotide metabolism"
Phi_PA_S8__CDS_0015,unknown function
Phi_PA_S8__CDS_0016,unknown function
Phi_PA_S8__CDS_0017,unknown function
Phi_PA_S8__CDS_0018,unknown function
Phi_PA_S8__CDS_0019,unknown function
Phi_PA_S8__CDS_0020,"DNA, RNA and nucleotide metabolism"
Phi_PA_S8__CDS_0021,"moron, auxiliary metabolic gene and host takeover"
Phi_PA_S8__CDS_0022,unknown function
Phi_PA_S8__CDS_0023,"DNA, RNA and nucleotide metabolism"
Phi_PA_S8__CDS_0024,"DNA, RNA and nucleotide metabolism"
Phi_PA_S8__CDS_0025,"DNA, RNA and nucleotide metabolism"
Phi_PA_S8__CDS_0026,"DNA, RNA and nucleotide metabolism"
Phi_PA_S8__CDS_0027,unknown function
Phi_PA_S8__CDS_0028,unknown function
Phi_PA_S8__CDS_0029,tail
Phi_PA_S8__CDS_0030,unknown function
Phi_PA_S8__CDS_0031,"moron, auxiliary metabolic gene and host takeover"
Phi_PA_S8__CDS_0032,tail
Phi_PA_S8__CDS_0033,unknown function
Phi_PA_S8__CDS_0034,unknown function
Phi_PA_S8__CDS_0035,unknown function
Phi_PA_S8__CDS_0036,lysis
Phi_PA_S8__CDS_0037,unknown function
Phi_PA_S8__CDS_0038,unknown function
Phi_PA_S8__CDS_0039,lysis
Phi_PA_S8__CDS_0040,unknown function
Phi_PA_S8__CDS_0041,lysis
Phi_PA_S8__CDS_0042,lysis
Phi_PA_S8__CDS_0043,"DNA, RNA and nucleotide metabolism"
Phi_PA_S8__CDS_0044,unknown function
Phi_PA_S8__CDS_0045,"DNA, RNA and nucleotide metabolism"
Phi_PA_S8__CDS_0046,unknown function
Phi_PA_S8__CDS_0047,"DNA, RNA and nucleotide metabolism"
Phi_PA_S8__CDS_0048,unknown function
Phi_PA_S8__CDS_0049,"DNA, RNA and nucleotide metabolism"
Phi_PA_S8__CDS_0050,"DNA, RNA and nucleotide metabolism"
Phi_PA_S8__CDS_0051,unknown function
Phi_PA_S8__CDS_0052,other
Phi_PA_S8__CDS_0053,unknown function
Phi_PA_S8__CDS_0054,"DNA, RNA and nucleotide metabolism"
Phi_PA_S8__CDS_0055,unknown function
Phi_PA_S8__CDS_0056,unknown function
Phi_PA_S8__CDS_0057,unknown function
Phi_PA_S8__CDS_0058,unknown function
Phi_PA_S8__CDS_0059,transcription regulation
Phi_PA_S8__CDS_0060,unknown function
Phi_PA_S8__CDS_0061,unknown function
Phi_PA_S8__CDS_0062,unknown function
Phi_PA_S8__CDS_0063,unknown function
Phi_PA_S8__CDS_0064,"DNA, RNA and nucleotide metabolism"
Phi_PA_S8__CDS_0065,unknown function
Phi_PA_S8__CDS_0066,unknown function
Phi_PA_S8__CDS_0067,unknown function
Phi_PA_S8__CDS_0068,"DNA, RNA and nucleotide metabolism"
Phi_PA_S8__CDS_0069,unknown function
Phi_PA_S8__CDS_0070,other
Phi_PA_S8__CDS_0071,unknown function
Phi_PA_S8__CDS_0072,other
Phi_PA_S8__CDS_0073,unknown function
Phi_PA_S8__CDS_0074,unknown function
Phi_PA_S8__CDS_0075,unknown function
Phi_PA_S8__CDS_0076,unknown function
Phi_PA_S8__CDS_0077,unknown function
Phi_PA_S8__CDS_0078,unknown function
Phi_PA_S8__CDS_0079,unknown function
Phi_PA_S8__CDS_0080,unknown function
Phi_PA_S8__CDS_0081,unknown function
Phi_PA_S8__CDS_0082,unknown function
Phi_PA_S8__CDS_0083,unknown function
Phi_PA_S8__CDS_0084,unknown function
Phi_PA_S8__CDS_0085,unknown function
Phi_PA_S8__CDS_0086,unknown function
Phi_PA_S8__CDS_0087,unknown function
Phi_PA_S8__CDS_0088,unknown function
Phi_PA_S8__CDS_0089,unknown function
Phi_PA_S8__CDS_0090,unknown function
Phi_PA_S8__CDS_0091,unknown function
Phi_PA_S8__CDS_0092,unknown function
Phi_PA_S7_2_CDS_0001,head and packaging
Phi_PA_S7_2_CDS_0002,head and packaging
Phi_PA_S7_2_CDS_0003,unknown function
Phi_PA_S7_2_CDS_0004,head and packaging
Phi_PA_S7_2_CDS_0005,head and packaging
Phi_PA_S7_2_CDS_0006,unknown function
Phi_PA_S7_2_CDS_0007,head and packaging
Phi_PA_S7_2_CDS_0008,unknown function
Phi_PA_S7_2_CDS_0009,unknown function
Phi_PA_S7_2_CDS_0010,tail
Phi_PA_S7_2_CDS_0011,head and packaging
Phi_PA_S7_2_CDS_0012,tail
Phi_PA_S7_2_CDS_0013,"DNA, RNA and nucleotide metabolism"
Phi_PA_S7_2_CDS_0014,"DNA, RNA and nucleotide metabolism"
Phi_PA_S7_2_CDS_0015,unknown function
Phi_PA_S7_2_CDS_0016,head and packaging
Phi_PA_S7_2_CDS_0017,head and packaging
Phi_PA_S7_2_CDS_0018,head and packaging
Phi_PA_S7_2_CDS_0019,unknown function
Phi_PA_S7_2_CDS_0020,unknown function
Phi_PA_S7_2_CDS_0021,unknown function
Phi_PA_S7_2_CDS_0022,unknown function
Phi_PA_S7_2_CDS_0023,unknown function
Phi_PA_S7_2_CDS_0024,unknown function
Phi_PA_S7_2_CDS_0025,other
Phi_PA_S7_2_CDS_0026,"DNA, RNA and nucleotide metabolism"
Phi_PA_S7_2_CDS_0027,"DNA, RNA and nucleotide metabolism"
Phi_PA_S7_2_CDS_0028,unknown function
Phi_PA_S7_2_CDS_0029,lysis
Phi_PA_S7_2_CDS_0030,"DNA, RNA and nucleotide metabolism"
Phi_PA_S7_2_CDS_0031,"DNA, RNA and nucleotide metabolism"
Phi_PA_S7_2_CDS_0032,unknown function
Phi_PA_S7_2_CDS_0033,tail
Phi_PA_S7_2_CDS_0034,lysis
Phi_PA_S7_2_CDS_0035,unknown function
Phi_PA_S7_2_CDS_0036,unknown function
Phi_PA_S7_2_CDS_0037,"DNA, RNA and nucleotide metabolism"
Phi_PA_S7_2_CDS_0038,"DNA, RNA and nucleotide metabolism"
Phi_PA_S7_2_CDS_0039,"DNA, RNA and nucleotide metabolism"
Phi_PA_S7_2_CDS_0040,unknown function
Phi_PA_S7_2_CDS_0041,"moron, auxiliary metabolic gene and host takeover"
Phi_PA_S7_2_CDS_0042,"moron, auxiliary metabolic gene and host takeover"
Phi_PA_S7_2_CDS_0043,unknown function
Phi_PA_S7_2_CDS_0044,other
Phi_PA_S7_2_CDS_0045,other
Phi_PA_S7_2_CDS_0046,unknown function
Phi_PA_S7_2_CDS_0047,other
Phi_PA_S7_2_CDS_0048,unknown function
Phi_PA_S7_2_CDS_0049,unknown function
Phi_PA_S7_2_CDS_0050,unknown function
Phi_PA_S7_2_CDS_0051,unknown function
Phi_PA_S7_2_CDS_0052,unknown function
Phi_PA_S7_2_CDS_0053,unknown function
Phi_PA_S7_2_CDS_0054,unknown function
Phi_PA_S7_2_CDS_0055,unknown function
Phi_PA_S7_2_CDS_0056,unknown function
Phi_PA_S7_2_CDS_0057,unknown function
Phi_PA_S7_2_CDS_0058,unknown function
Phi_PA_S7_2_CDS_0059,unknown function
Phi_PA_S7_2_CDS_0060,unknown function
Phi_PA_S7_2_CDS_0061,unknown function
Phi_PA_S7_2_CDS_0062,unknown function
Phi_PA_S7_2_CDS_0063,unknown function
Phi_PA_S7_2_CDS_0064,unknown function
Phi_PA_S7_2_CDS_0065,unknown function
Phi_PA_S7_2_CDS_0066,unknown function
Phi_PA_S7_2_CDS_0067,unknown function
Phi_PA_S7_2_CDS_0068,unknown function
Phi_PA_S7_2_CDS_0069,unknown function
Phi_PA_S7_2_CDS_0070,unknown function
Phi_PA_S7_2_CDS_0071,unknown function
Phi_PA_S7_2_CDS_0072,head and packaging
Phi_KP_S10_1_CDS_0001,head and packaging
Phi_KP_S10_1_CDS_0002,head and packaging
Phi_KP_S10_1_CDS_0003,head and packaging
Phi_KP_S10_1_CDS_0004,head and packaging
Phi_KP_S10_1_CDS_0005,head and packaging
Phi_KP_S10_1_CDS_0006,head and packaging
Phi_KP_S10_1_CDS_0007,connector
Phi_KP_S10_1_CDS_0008,connector
Phi_KP_S10_1_CDS_0009,connector
Phi_KP_S10_1_CDS_0010,tail
Phi_KP_S10_1_CDS_0011,tail
Phi_KP_S10_1_CDS_0012,tail
Phi_KP_S10_1_CDS_0013,tail
Phi_KP_S10_1_CDS_0014,tail
Phi_KP_S10_1_CDS_0015,tail
Phi_KP_S10_1_CDS_0016,tail
Phi_KP_S10_1_CDS_0017,tail
Phi_KP_S10_1_CDS_0018,unknown function
Phi_KP_S10_1_CDS_0019,tail
Phi_KP_S10_1_CDS_0020,"DNA, RNA and nucleotide metabolism"
Phi_KP_S10_1_CDS_0021,"DNA, RNA and nucleotide metabolism"
Phi_KP_S10_1_CDS_0022,"DNA, RNA and nucleotide metabolism"
Phi_KP_S10_1_CDS_0023,"DNA, RNA and nucleotide metabolism"
Phi_KP_S10_1_CDS_0024,"DNA, RNA and nucleotide metabolism"
Phi_KP_S10_1_CDS_0025,"DNA, RNA and nucleotide metabolism"
Phi_KP_S10_1_CDS_0026,unknown function
Phi_KP_S10_1_CDS_0027,"DNA, RNA and nucleotide metabolism"
Phi_KP_S10_1_CDS_0028,unknown function
Phi_KP_S10_1_CDS_0029,"DNA, RNA and nucleotide metabolism"
Phi_KP_S10_1_CDS_0030,"DNA, RNA and nucleotide metabolism"
Phi_KP_S10_1_CDS_0031,"DNA, RNA and nucleotide metabolism"
Phi_KP_S10_1_CDS_0032,transcription regulation
Phi_KP_S10_1_CDS_0033,"DNA, RNA and nucleotide metabolism"
Phi_KP_S10_1_CDS_0034,"DNA, RNA and nucleotide metabolism"
Phi_KP_S10_1_CDS_0035,unknown function
Phi_KP_S10_1_CDS_0036,unknown function
Phi_KP_S10_1_CDS_0037,transcription regulation
Phi_KP_S10_1_CDS_0038,unknown function
Phi_KP_S10_1_CDS_0039,"DNA, RNA and nucleotide metabolism"
Phi_KP_S10_1_CDS_0040,unknown function
Phi_KP_S10_1_CDS_0041,"DNA, RNA and nucleotide metabolism"
Phi_KP_S10_1_CDS_0042,unknown function
Phi_KP_S10_1_CDS_0043,"DNA, RNA and nucleotide metabolism"
Phi_KP_S10_1_CDS_0044,unknown function
Phi_KP_S10_1_CDS_0045,unknown function
Phi_KP_S10_1_CDS_0046,unknown function
Phi_KP_S10_1_CDS_0047,"DNA, RNA and nucleotide metabolism"
Phi_KP_S10_1_CDS_0048,unknown function
Phi_KP_S10_1_CDS_0049,"moron, auxiliary metabolic gene and host takeover"
Phi_KP_S10_1_CDS_0050,other
Phi_KP_S10_1_CDS_0051,unknown function
Phi_KP_S10_1_CDS_0052,unknown function
Phi_KP_S10_1_CDS_0053,"DNA, RNA and nucleotide metabolism"
Phi_KP_S10_1_CDS_0054,"DNA, RNA and nucleotide metabolism"
Phi_KP_S10_1_CDS_0055,"DNA, RNA and nucleotide metabolism"
Phi_KP_S10_1_CDS_0056,"DNA, RNA and nucleotide metabolism"
Phi_KP_S10_1_CDS_0057,unknown function
Phi_KP_S10_1_CDS_0058,"DNA, RNA and nucleotide metabolism"
Phi_KP_S10_1_CDS_0059,unknown function
Phi_KP_S10_1_CDS_0060,unknown function
Phi_KP_S10_1_CDS_0061,unknown function
Phi_KP_S10_1_CDS_0062,"DNA, RNA and nucleotide metabolism"
Phi_KP_S10_1_CDS_0063,lysis
Phi_KP_S10_1_CDS_0064,unknown function
Phi_KP_S10_1_CDS_0065,unknown function
Phi_KP_S10_1_CDS_0066,unknown function
Phi_KP_S10_1_CDS_0067,unknown function
Phi_KP_S10_1_CDS_0068,unknown function
Phi_KP_S10_1_CDS_0069,unknown function
Phi_KP_S10_1_CDS_0070,unknown function
Phi_KP_S10_1_CDS_0071,unknown function
Phi_KP_S10_1_CDS_0072,unknown function
Phi_KP_S10_1_CDS_0073,unknown function
Phi_KP_S10_1_CDS_0074,unknown function
Phi_KP_S10_1_CDS_0075,unknown function
Phi_KP_S10_1_CDS_0076,unknown function
Phi_KP_S10_1_CDS_0077,unknown function
Phi_KP_S10_1_CDS_0078,unknown function
Phi_KP_S10_1_CDS_0079,unknown function
Phi_KP_S10_1_CDS_0080,unknown function
Phi_KP_S10_1_CDS_0081,unknown function
Phi_KP_S10_1_CDS_0082,unknown function
Phi_KP_S10_1_CDS_0083,unknown function
Phi_KP_S10_1_CDS_0084,"DNA, RNA and nucleotide metabolism"
Phi_KP_S10_1_CDS_0085,unknown function
Phi_KP_S10_1_CDS_0086,unknown function
Phi_KP_S10_1_CDS_0087,unknown function
Phi_KP_S10_1_CDS_0088,unknown function
Phi_KP_S10_1_CDS_0089,unknown function
Phi_KP_S10_1_CDS_0090,unknown function
Phi_KP_S10_1_CDS_0091,unknown function
Phi_KP_S10_1_CDS_0092,unknown function
Phi_KP_S10_1_CDS_0093,unknown function
Phi_KP_S10_1_CDS_0094,unknown function
Phi_KP_S10_1_CDS_0095,unknown function
Phi_KP_S10_1_CDS_0096,unknown function
Phi_KP_S10_1_CDS_0097,unknown function
Phi_KP_S10_1_CDS_0098,unknown function
Phi_KP_S10_1_CDS_0099,unknown function
Phi_KP_S10_1_CDS_0100,unknown function
Phi_KP_S10_1_CDS_0101,lysis
Phi_KP_S10_1_CDS_0102,other
Phi_KP_S10_1_CDS_0103,other
Phi_KP_S10_1_CDS_0104,lysis
Phi_KP_S10_1_CDS_0105,lysis
Phi_KP_S10_1_CDS_0106,unknown function
Phi_KP_S10_1_CDS_0107,unknown function
Phi_KP_S10_1_CDS_0108,"DNA, RNA and nucleotide metabolism"
Phi_KP_S10_1_CDS_0109,unknown function
Phi_KP_S10_1_CDS_0110,unknown function
Phi_KP_S10_1_CDS_0111,other
Phi_KP_S10_1_CDS_0112,unknown function
Phi_KP_S10_1_CDS_0113,unknown function
Phi_KP_S10_1_CDS_0114,unknown function
Phi_KP_S10_1_CDS_0115,unknown function
Phi_KP_S10_1_CDS_0116,unknown function
Phi_KP_S10_1_CDS_0117,unknown function
Phi_KP_S10_1_CDS_0118,unknown function
Phi_KP_S10_1_CDS_0119,unknown function
Phi_KP_S10_1_CDS_0120,unknown function
Phi_KP_S10_1_CDS_0121,unknown function
Phi_KP_S10_1_CDS_0122,unknown function
Phi_KP_S10_1_CDS_0123,unknown function
Phi_KP_S10_1_CDS_0124,"DNA, RNA and nucleotide metabolism"
Phi_KP_S10_1_CDS_0125,unknown function
Phi_KP_S10_1_CDS_0126,unknown function
Phi_KP_S10_1_CDS_0127,unknown function
Phi_KP_S10_1_CDS_0128,unknown function
Phi_KP_S10_1_CDS_0129,"DNA, RNA and nucleotide metabolism"
Phi_KP_S10_1_CDS_0130,unknown function
Phi_KP_S10_1_CDS_0131,unknown function
Phi_KP_S10_1_CDS_0132,unknown function
Phi_KP_S10_1_CDS_0133,unknown function
Phi_KP_S10_1_CDS_0134,unknown function
Phi_KP_S10_1_CDS_0135,unknown function
Phi_KP_S10_1_CDS_0136,unknown function
Phi_KP_S10_1_CDS_0137,unknown function
Phi_KP_S10_1_CDS_0138,unknown function
Phi_KP_S10_1_CDS_0139,unknown function
Phi_KP_S10_1_CDS_0140,"DNA, RNA and nucleotide metabolism"
Phi_KP_S10_1_CDS_0141,unknown function
Phi_KP_S10_1_CDS_0142,"moron, auxiliary metabolic gene and host takeover"
Phi_KP_S10_1_CDS_0143,other
Phi_KP_S10_1_CDS_0144,unknown function
Phi_KP_S10_1_CDS_0145,unknown function
Phi_KP_S10_1_CDS_0146,other
Phi_KP_S10_1_CDS_0147,unknown function
Phi_KP_S10_1_CDS_0148,unknown function
Phi_KP_S10_1_CDS_0149,unknown function
Phi_KP_S10_1_CDS_0150,head and packaging
Phi_KP_S10_2_CDS_0001,head and packaging
Phi_KP_S10_2_CDS_0002,head and packaging
Phi_KP_S10_2_CDS_0003,unknown function
Phi_KP_S10_2_CDS_0004,"DNA, RNA and nucleotide metabolism"
Phi_KP_S10_2_CDS_0005,head and packaging
Phi_KP_S10_2_CDS_0006,unknown function
Phi_KP_S10_2_CDS_0007,tail
Phi_KP_S10_2_CDS_0008,head and packaging
Phi_KP_S10_2_CDS_0009,unknown function
Phi_KP_S10_2_CDS_0010,head and packaging
Phi_KP_S10_2_CDS_0011,unknown function
Phi_KP_S10_2_CDS_0012,unknown function
Phi_KP_S10_2_CDS_0013,unknown function
Phi_KP_S10_2_CDS_0014,"DNA, RNA and nucleotide metabolism"
Phi_KP_S10_2_CDS_0015,unknown function
Phi_KP_S10_2_CDS_0016,unknown function
Phi_KP_S10_2_CDS_0017,unknown function
Phi_KP_S10_2_CDS_0018,unknown function
Phi_KP_S10_2_CDS_0019,unknown function
Phi_KP_S10_2_CDS_0020,"DNA, RNA and nucleotide metabolism"
Phi_KP_S10_2_CDS_0021,"moron, auxiliary metabolic gene and host takeover"
Phi_KP_S10_2_CDS_0022,unknown function
Phi_KP_S10_2_CDS_0023,"DNA, RNA and nucleotide metabolism"
Phi_KP_S10_2_CDS_0024,"DNA, RNA and nucleotide metabolism"
Phi_KP_S10_2_CDS_0025,"DNA, RNA and nucleotide metabolism"
Phi_KP_S10_2_CDS_0026,"DNA, RNA and nucleotide metabolism"
Phi_KP_S10_2_CDS_0027,unknown function
Phi_KP_S10_2_CDS_0028,unknown function
Phi_KP_S10_2_CDS_0029,tail
Phi_KP_S10_2_CDS_0030,unknown function
Phi_KP_S10_2_CDS_0031,"moron, auxiliary metabolic gene and host takeover"
Phi_KP_S10_2_CDS_0032,tail
Phi_KP_S10_2_CDS_0033,unknown function
Phi_KP_S10_2_CDS_0034,unknown function
Phi_KP_S10_2_CDS_0035,unknown function
Phi_KP_S10_2_CDS_0036,lysis
Phi_KP_S10_2_CDS_0037,unknown function
Phi_KP_S10_2_CDS_0038,unknown function
Phi_KP_S10_2_CDS_0039,lysis
Phi_KP_S10_2_CDS_0040,unknown function
Phi_KP_S10_2_CDS_0041,lysis
Phi_KP_S10_2_CDS_0042,lysis
Phi_KP_S10_2_CDS_0043,"DNA, RNA and nucleotide metabolism"
Phi_KP_S10_2_CDS_0044,unknown function
Phi_KP_S10_2_CDS_0045,"DNA, RNA and nucleotide metabolism"
Phi_KP_S10_2_CDS_0046,unknown function
Phi_KP_S10_2_CDS_0047,"DNA, RNA and nucleotide metabolism"
Phi_KP_S10_2_CDS_0048,unknown function
Phi_KP_S10_2_CDS_0049,"DNA, RNA and nucleotide metabolism"
Phi_KP_S10_2_CDS_0050,"DNA, RNA and nucleotide metabolism"
Phi_KP_S10_2_CDS_0051,unknown function
Phi_KP_S10_2_CDS_0052,other
Phi_KP_S10_2_CDS_0053,unknown function
Phi_KP_S10_2_CDS_0054,"DNA, RNA and nucleotide metabolism"
Phi_KP_S10_2_CDS_0055,unknown function
Phi_KP_S10_2_CDS_0056,unknown function
Phi_KP_S10_2_CDS_0057,unknown function
Phi_KP_S10_2_CDS_0058,unknown function
Phi_KP_S10_2_CDS_0059,transcription regulation
Phi_KP_S10_2_CDS_0060,unknown function
Phi_KP_S10_2_CDS_0061,unknown function
Phi_KP_S10_2_CDS_0062,unknown function
Phi_KP_S10_2_CDS_0063,unknown function
Phi_KP_S10_2_CDS_0064,"DNA, RNA and nucleotide metabolism"
Phi_KP_S10_2_CDS_0065,unknown function
Phi_KP_S10_2_CDS_0066,unknown function
Phi_KP_S10_2_CDS_0067,unknown function
Phi_KP_S10_2_CDS_0068,"DNA, RNA and nucleotide metabolism"
Phi_KP_S10_2_CDS_0069,unknown function
Phi_KP_S10_2_CDS_0070,other
Phi_KP_S10_2_CDS_0071,unknown function
Phi_KP_S10_2_CDS_0072,other
Phi_KP_S10_2_CDS_0073,unknown function
Phi_KP_S10_2_CDS_0074,unknown function
Phi_KP_S10_2_CDS_0075,unknown function
Phi_KP_S10_2_CDS_0076,unknown function
Phi_KP_S10_2_CDS_0077,unknown function
Phi_KP_S10_2_CDS_0078,unknown function
Phi_KP_S10_2_CDS_0079,unknown function
Phi_KP_S10_2_CDS_0080,unknown function
Phi_KP_S10_2_CDS_0081,unknown function
Phi_KP_S10_2_CDS_0082,unknown function
Phi_KP_S10_2_CDS_0083,unknown function
Phi_KP_S10_2_CDS_0084,unknown function
Phi_KP_S10_2_CDS_0085,unknown function
Phi_KP_S10_2_CDS_0086,unknown function
Phi_KP_S10_2_CDS_0087,unknown function
Phi_KP_S10_2_CDS_0088,unknown function
Phi_KP_S10_2_CDS_0089,unknown function
Phi_KP_S10_2_CDS_0090,unknown function
Phi_KP_S10_2_CDS_0091,unknown function
Phi_KP_S10_2_CDS_0092,unknown function
Phi_KP_S10_2_CDS_0093,unknown function
Phi_DH5A_BW1_1_CDS_0001,head and packaging
Phi_DH5A_BW1_1_CDS_0002,head and packaging
Phi_DH5A_BW1_1_CDS_0003,other
Phi_DH5A_BW1_1_CDS_0004,unknown function
Phi_DH5A_BW1_1_CDS_0005,head and packaging
Phi_DH5A_BW1_1_CDS_0006,head and packaging
Phi_DH5A_BW1_1_CDS_0007,unknown function
Phi_DH5A_BW1_1_CDS_0008,unknown function
Phi_DH5A_BW1_1_CDS_0009,connector
Phi_DH5A_BW1_1_CDS_0010,head and packaging
Phi_DH5A_BW1_1_CDS_0011,connector
Phi_DH5A_BW1_1_CDS_0012,tail
Phi_DH5A_BW1_1_CDS_0013,tail
Phi_DH5A_BW1_1_CDS_0014,head and packaging
Phi_DH5A_BW1_1_CDS_0015,tail
Phi_DH5A_BW1_1_CDS_0016,unknown function
Phi_DH5A_BW1_1_CDS_0017,tail
Phi_DH5A_BW1_1_CDS_0018,tail
Phi_DH5A_BW1_1_CDS_0019,head and packaging
Phi_DH5A_BW1_1_CDS_0020,tail
Phi_DH5A_BW1_1_CDS_0021,tail
Phi_DH5A_BW1_1_CDS_0022,tail
Phi_DH5A_BW1_1_CDS_0023,tail
Phi_DH5A_BW1_1_CDS_0024,tail
Phi_DH5A_BW1_1_CDS_0025,tail
Phi_DH5A_BW1_1_CDS_0026,tail
Phi_DH5A_BW1_1_CDS_0027,unknown function
Phi_DH5A_BW1_1_CDS_0028,tail
Phi_DH5A_BW1_1_CDS_0029,tail
Phi_DH5A_BW1_1_CDS_0030,tail
Phi_DH5A_BW1_1_CDS_0031,tail
Phi_DH5A_BW1_1_CDS_0032,tail
Phi_DH5A_BW1_1_CDS_0033,tail
Phi_DH5A_BW1_1_CDS_0034,tail
Phi_DH5A_BW1_1_CDS_0035,unknown function
Phi_DH5A_BW1_1_CDS_0036,tail
Phi_DH5A_BW1_1_CDS_0037,tail
Phi_DH5A_BW1_1_CDS_0038,tail
Phi_DH5A_BW1_1_CDS_0039,unknown function
Phi_DH5A_BW1_1_CDS_0040,tail
Phi_DH5A_BW1_1_CDS_0041,"moron, auxiliary metabolic gene and host takeover"
Phi_DH5A_BW1_1_CDS_0042,tail
Phi_DH5A_BW1_1_CDS_0043,head and packaging
Phi_DH5A_BW1_1_CDS_0044,unknown function
Phi_DH5A_BW1_1_CDS_0045,unknown function
Phi_DH5A_BW1_1_CDS_0046,unknown function
Phi_DH5A_BW1_1_CDS_0047,unknown function
Phi_DH5A_BW1_1_CDS_0048,head and packaging
Phi_DH5A_BW1_1_CDS_0049,unknown function
Phi_DH5A_BW1_1_CDS_0050,unknown function
Phi_DH5A_BW1_1_CDS_0051,unknown function
Phi_DH5A_BW1_1_CDS_0052,unknown function
Phi_DH5A_BW1_1_CDS_0053,unknown function
Phi_DH5A_BW1_1_CDS_0054,unknown function
Phi_DH5A_BW1_1_CDS_0055,unknown function
Phi_DH5A_BW1_1_CDS_0056,unknown function
Phi_DH5A_BW1_1_CDS_0057,"DNA, RNA and nucleotide metabolism"
Phi_DH5A_BW1_1_CDS_0058,"DNA, RNA and nucleotide metabolism"
Phi_DH5A_BW1_1_CDS_0059,unknown function
Phi_DH5A_BW1_1_CDS_0060,unknown function
Phi_DH5A_BW1_1_CDS_0061,unknown function
Phi_DH5A_BW1_1_CDS_0062,unknown function
Phi_DH5A_BW1_1_CDS_0063,unknown function
Phi_DH5A_BW1_1_CDS_0064,unknown function
Phi_DH5A_BW1_1_CDS_0065,other
Phi_DH5A_BW1_1_CDS_0066,unknown function
Phi_DH5A_BW1_1_CDS_0067,lysis
Phi_DH5A_BW1_1_CDS_0068,lysis
Phi_DH5A_BW1_1_CDS_0069,unknown function
Phi_DH5A_BW1_1_CDS_0070,lysis
Phi_DH5A_BW1_1_CDS_0071,"DNA, RNA and nucleotide metabolism"
Phi_DH5A_BW1_1_CDS_0072,unknown function
Phi_DH5A_BW1_1_CDS_0073,other
Phi_DH5A_BW1_1_CDS_0074,unknown function
Phi_DH5A_BW1_1_CDS_0075,"DNA, RNA and nucleotide metabolism"
Phi_DH5A_BW1_1_CDS_0076,unknown function
Phi_DH5A_BW1_1_CDS_0077,other
Phi_DH5A_BW1_1_CDS_0078,"DNA, RNA and nucleotide metabolism"
Phi_DH5A_BW1_1_CDS_0079,"DNA, RNA and nucleotide metabolism"
Phi_DH5A_BW1_1_CDS_0080,"DNA, RNA and nucleotide metabolism"
Phi_DH5A_BW1_1_CDS_0081,unknown function
Phi_DH5A_BW1_1_CDS_0082,unknown function
Phi_DH5A_BW1_1_CDS_0083,unknown function
Phi_DH5A_BW1_1_CDS_0084,unknown function
Phi_DH5A_BW1_1_CDS_0085,unknown function
Phi_DH5A_BW1_1_CDS_0086,unknown function
Phi_DH5A_BW1_1_CDS_0087,unknown function
Phi_DH5A_BW1_1_CDS_0088,unknown function
Phi_DH5A_BW1_1_CDS_0089,unknown function
Phi_DH5A_BW1_1_CDS_0090,unknown function
Phi_DH5A_BW1_1_CDS_0091,"DNA, RNA and nucleotide metabolism"
Phi_DH5A_BW1_1_CDS_0092,unknown function
Phi_DH5A_BW1_1_CDS_0093,unknown function
Phi_DH5A_BW1_1_CDS_0094,unknown function
Phi_DH5A_BW1_1_CDS_0095,other
Phi_DH5A_BW1_1_CDS_0096,unknown function
Phi_DH5A_BW1_1_CDS_0097,unknown function
Phi_DH5A_BW1_1_CDS_0098,unknown function
Phi_DH5A_BW1_1_CDS_0099,unknown function
Phi_DH5A_BW1_1_CDS_0100,"DNA, RNA and nucleotide metabolism"
Phi_DH5A_BW1_1_CDS_0101,unknown function
Phi_DH5A_BW1_1_CDS_0102,unknown function
Phi_DH5A_BW1_1_CDS_0103,unknown function
Phi_DH5A_BW1_1_CDS_0104,unknown function
Phi_DH5A_BW1_1_CDS_0105,unknown function
Phi_DH5A_BW1_1_CDS_0106,unknown function
Phi_DH5A_BW1_1_CDS_0107,unknown function
Phi_DH5A_BW1_1_CDS_0108,unknown function
Phi_DH5A_BW1_1_CDS_0109,unknown function
Phi_DH5A_BW1_1_CDS_0110,unknown function
Phi_DH5A_BW1_1_CDS_0111,unknown function
Phi_DH5A_BW1_1_CDS_0112,unknown function
Phi_DH5A_BW1_1_CDS_0113,unknown function
Phi_DH5A_BW1_1_CDS_0114,unknown function
Phi_DH5A_BW1_1_CDS_0115,unknown function
Phi_DH5A_BW1_1_CDS_0116,unknown function
Phi_DH5A_BW1_1_CDS_0117,unknown function
Phi_DH5A_BW1_1_CDS_0118,unknown function
Phi_DH5A_BW1_1_CDS_0119,unknown function
Phi_DH5A_BW1_1_CDS_0120,unknown function
Phi_DH5A_BW1_1_CDS_0121,unknown function
Phi_DH5A_BW1_1_CDS_0122,unknown function
Phi_DH5A_BW1_1_CDS_0123,unknown function
Phi_DH5A_BW1_1_CDS_0124,unknown function
Phi_DH5A_BW1_1_CDS_0125,unknown function
Phi_DH5A_BW1_1_CDS_0126,unknown function
Phi_DH5A_BW1_1_CDS_0127,unknown function
Phi_DH5A_BW1_1_CDS_0128,unknown function
Phi_DH5A_BW1_1_CDS_0129,unknown function
Phi_DH5A_BW1_1_CDS_0130,unknown function
Phi_DH5A_BW1_1_CDS_0131,unknown function
Phi_DH5A_BW1_1_CDS_0132,unknown function
Phi_DH5A_BW1_1_CDS_0133,unknown function
Phi_DH5A_BW1_1_CDS_0134,transcription regulation
Phi_DH5A_BW1_1_CDS_0135,unknown function
Phi_DH5A_BW1_1_CDS_0136,unknown function
Phi_DH5A_BW1_1_CDS_0137,unknown function
Phi_DH5A_BW1_1_CDS_0138,unknown function
Phi_DH5A_BW1_1_CDS_0139,unknown function
Phi_DH5A_BW1_1_CDS_0140,unknown function
Phi_DH5A_BW1_1_CDS_0141,unknown function
Phi_DH5A_BW1_1_CDS_0142,unknown function
Phi_DH5A_BW1_1_CDS_0143,unknown function
Phi_DH5A_BW1_1_CDS_0144,unknown function
Phi_DH5A_BW1_1_CDS_0145,unknown function
Phi_DH5A_BW1_1_CDS_0146,other
Phi_DH5A_BW1_1_CDS_0147,unknown function
Phi_DH5A_BW1_1_CDS_0148,unknown function
Phi_DH5A_BW1_1_CDS_0149,unknown function
Phi_DH5A_BW1_1_CDS_0150,unknown function
Phi_DH5A_BW1_1_CDS_0151,unknown function
Phi_DH5A_BW1_1_CDS_0152,unknown function
Phi_DH5A_BW1_1_CDS_0153,unknown function
Phi_DH5A_BW1_1_CDS_0154,unknown function
Phi_DH5A_BW1_1_CDS_0155,unknown function
Phi_DH5A_BW1_1_CDS_0156,unknown function
Phi_DH5A_BW1_1_CDS_0157,unknown function
Phi_DH5A_BW1_1_CDS_0158,unknown function
Phi_DH5A_BW1_1_CDS_0159,unknown function
Phi_DH5A_BW1_1_CDS_0160,unknown function
Phi_DH5A_BW1_1_CDS_0161,unknown function
Phi_DH5A_BW1_1_CDS_0162,unknown function
Phi_DH5A_BW1_1_CDS_0163,unknown function
Phi_DH5A_BW1_1_CDS_0164,unknown function
Phi_DH5A_BW1_1_CDS_0165,other
Phi_DH5A_BW1_1_CDS_0166,unknown function
Phi_DH5A_BW1_1_CDS_0167,other
Phi_DH5A_BW1_1_CDS_0168,connector
Phi_DH5A_BW1_1_CDS_0169,other
Phi_DH5A_BW1_1_CDS_0170,unknown function
Phi_DH5A_BW1_1_CDS_0171,unknown function
Phi_DH5A_BW1_1_CDS_0172,"DNA, RNA and nucleotide metabolism"
Phi_DH5A_BW1_1_CDS_0173,unknown function
Phi_DH5A_BW1_1_CDS_0174,"moron, auxiliary metabolic gene and host takeover"
Phi_DH5A_BW1_1_CDS_0175,"DNA, RNA and nucleotide metabolism"
Phi_DH5A_BW1_1_CDS_0176,"DNA, RNA and nucleotide metabolism"
Phi_DH5A_BW1_1_CDS_0177,"DNA, RNA and nucleotide metabolism"
Phi_DH5A_BW1_1_CDS_0178,unknown function
Phi_DH5A_BW1_1_CDS_0179,unknown function
Phi_DH5A_BW1_1_CDS_0180,"DNA, RNA and nucleotide metabolism"
Phi_DH5A_BW1_1_CDS_0181,unknown function
Phi_DH5A_BW1_1_CDS_0182,unknown function
Phi_DH5A_BW1_1_CDS_0183,other
Phi_DH5A_BW1_1_CDS_0184,unknown function
Phi_DH5A_BW1_1_CDS_0185,unknown function
Phi_DH5A_BW1_1_CDS_0186,"moron, auxiliary metabolic gene and host takeover"
Phi_DH5A_BW1_1_CDS_0187,"DNA, RNA and nucleotide metabolism"
Phi_DH5A_BW1_1_CDS_0188,"DNA, RNA and nucleotide metabolism"
Phi_DH5A_BW1_1_CDS_0189,"DNA, RNA and nucleotide metabolism"
Phi_DH5A_BW1_1_CDS_0190,"DNA, RNA and nucleotide metabolism"
Phi_DH5A_BW1_1_CDS_0191,unknown function
Phi_DH5A_BW1_1_CDS_0192,"DNA, RNA and nucleotide metabolism"
Phi_DH5A_BW1_1_CDS_0193,integration and excision
Phi_DH5A_BW1_1_CDS_0194,unknown function
Phi_DH5A_BW1_1_CDS_0195,"DNA, RNA and nucleotide metabolism"
Phi_DH5A_BW1_1_CDS_0196,unknown function
Phi_DH5A_BW1_1_CDS_0197,lysis
Phi_DH5A_BW1_1_CDS_0198,"DNA, RNA and nucleotide metabolism"
Phi_DH5A_BW1_1_CDS_0199,unknown function
Phi_DH5A_BW1_1_CDS_0200,unknown function
Phi_DH5A_BW1_1_CDS_0201,other
Phi_DH5A_BW1_1_CDS_0202,"DNA, RNA and nucleotide metabolism"
Phi_DH5A_BW1_1_CDS_0203,other
Phi_DH5A_BW1_1_CDS_0204,tail
Phi_DH5A_BW1_1_CDS_0205,other
Phi_DH5A_BW1_1_CDS_0206,other
Phi_DH5A_BW1_1_CDS_0207,"DNA, RNA and nucleotide metabolism"
Phi_DH5A_BW1_1_CDS_0208,unknown function
Phi_DH5A_BW1_1_CDS_0209,unknown function
Phi_DH5A_BW1_1_CDS_0210,unknown function
Phi_DH5A_BW1_1_CDS_0211,unknown function
Phi_DH5A_BW1_1_CDS_0212,unknown function
Phi_DH5A_BW1_1_CDS_0213,unknown function
Phi_DH5A_BW1_1_CDS_0214,lysis
Phi_DH5A_BW1_1_CDS_0215,lysis
Phi_DH5A_BW1_1_CDS_0216,head and packaging
Phi_DH5A_BW1_1_CDS_0217,"DNA, RNA and nucleotide metabolism"
Phi_PA_S9_2_CDS_0001,head and packaging
Phi_PA_S9_2_CDS_0002,head and packaging
Phi_PA_S9_2_CDS_0003,unknown function
Phi_PA_S9_2_CDS_0004,head and packaging
Phi_PA_S9_2_CDS_0005,head and packaging
Phi_PA_S9_2_CDS_0006,unknown function
Phi_PA_S9_2_CDS_0007,head and packaging
Phi_PA_S9_2_CDS_0008,unknown function
Phi_PA_S9_2_CDS_0009,unknown function
Phi_PA_S9_2_CDS_0010,tail
Phi_PA_S9_2_CDS_0011,head and packaging
Phi_PA_S9_2_CDS_0012,tail
Phi_PA_S9_2_CDS_0013,"DNA, RNA and nucleotide metabolism"
Phi_PA_S9_2_CDS_0014,"DNA, RNA and nucleotide metabolism"
Phi_PA_S9_2_CDS_0015,unknown function
Phi_PA_S9_2_CDS_0016,head and packaging
Phi_PA_S9_2_CDS_0017,head and packaging
Phi_PA_S9_2_CDS_0018,head and packaging
Phi_PA_S9_2_CDS_0019,unknown function
Phi_PA_S9_2_CDS_0020,unknown function
Phi_PA_S9_2_CDS_0021,unknown function
Phi_PA_S9_2_CDS_0022,unknown function
Phi_PA_S9_2_CDS_0023,unknown function
Phi_PA_S9_2_CDS_0024,unknown function
Phi_PA_S9_2_CDS_0025,other
Phi_PA_S9_2_CDS_0026,"DNA, RNA and nucleotide metabolism"
Phi_PA_S9_2_CDS_0027,"DNA, RNA and nucleotide metabolism"
Phi_PA_S9_2_CDS_0028,unknown function
Phi_PA_S9_2_CDS_0029,lysis
Phi_PA_S9_2_CDS_0030,"DNA, RNA and nucleotide metabolism"
Phi_PA_S9_2_CDS_0031,"DNA, RNA and nucleotide metabolism"
Phi_PA_S9_2_CDS_0032,unknown function
Phi_PA_S9_2_CDS_0033,tail
Phi_PA_S9_2_CDS_0034,lysis
Phi_PA_S9_2_CDS_0035,unknown function
Phi_PA_S9_2_CDS_0036,unknown function
Phi_PA_S9_2_CDS_0037,"DNA, RNA and nucleotide metabolism"
Phi_PA_S9_2_CDS_0038,"DNA, RNA and nucleotide metabolism"
Phi_PA_S9_2_CDS_0039,"DNA, RNA and nucleotide metabolism"
Phi_PA_S9_2_CDS_0040,unknown function
Phi_PA_S9_2_CDS_0041,"moron, auxiliary metabolic gene and host takeover"
Phi_PA_S9_2_CDS_0042,"moron, auxiliary metabolic gene and host takeover"
Phi_PA_S9_2_CDS_0043,unknown function
Phi_PA_S9_2_CDS_0044,other
Phi_PA_S9_2_CDS_0045,other
Phi_PA_S9_2_CDS_0046,unknown function
Phi_PA_S9_2_CDS_0047,other
Phi_PA_S9_2_CDS_0048,unknown function
Phi_PA_S9_2_CDS_0049,unknown function
Phi_PA_S9_2_CDS_0050,unknown function
Phi_PA_S9_2_CDS_0051,unknown function
Phi_PA_S9_2_CDS_0052,unknown function
Phi_PA_S9_2_CDS_0053,unknown function
Phi_PA_S9_2_CDS_0054,unknown function
Phi_PA_S9_2_CDS_0055,unknown function
Phi_PA_S9_2_CDS_0056,unknown function
Phi_PA_S9_2_CDS_0057,unknown function
Phi_PA_S9_2_CDS_0058,unknown function
Phi_PA_S9_2_CDS_0059,unknown function
Phi_PA_S9_2_CDS_0060,unknown function
Phi_PA_S9_2_CDS_0061,unknown function
Phi_PA_S9_2_CDS_0062,unknown function
Phi_PA_S9_2_CDS_0063,unknown function
Phi_PA_S9_2_CDS_0064,unknown function
Phi_PA_S9_2_CDS_0065,unknown function
Phi_PA_S9_2_CDS_0066,unknown function
Phi_PA_S9_2_CDS_0067,head and packaging
Phi_PA_S9_1_CDS_0001,head and packaging
Phi_PA_S9_1_CDS_0002,head and packaging
Phi_PA_S9_1_CDS_0003,unknown function
Phi_PA_S9_1_CDS_0004,"DNA, RNA and nucleotide metabolism"
Phi_PA_S9_1_CDS_0005,head and packaging
Phi_PA_S9_1_CDS_0006,unknown function
Phi_PA_S9_1_CDS_0007,tail
Phi_PA_S9_1_CDS_0008,head and packaging
Phi_PA_S9_1_CDS_0009,unknown function
Phi_PA_S9_1_CDS_0010,head and packaging
Phi_PA_S9_1_CDS_0011,unknown function
Phi_PA_S9_1_CDS_0012,unknown function
Phi_PA_S9_1_CDS_0013,unknown function
Phi_PA_S9_1_CDS_0014,"DNA, RNA and nucleotide metabolism"
Phi_PA_S9_1_CDS_0015,unknown function
Phi_PA_S9_1_CDS_0016,unknown function
Phi_PA_S9_1_CDS_0017,unknown function
Phi_PA_S9_1_CDS_0018,unknown function
Phi_PA_S9_1_CDS_0019,unknown function
Phi_PA_S9_1_CDS_0020,"DNA, RNA and nucleotide metabolism"
Phi_PA_S9_1_CDS_0021,"moron, auxiliary metabolic gene and host takeover"
Phi_PA_S9_1_CDS_0022,unknown function
Phi_PA_S9_1_CDS_0023,"DNA, RNA and nucleotide metabolism"
Phi_PA_S9_1_CDS_0024,"DNA, RNA and nucleotide metabolism"
Phi_PA_S9_1_CDS_0025,"DNA, RNA and nucleotide metabolism"
Phi_PA_S9_1_CDS_0026,"DNA, RNA and nucleotide metabolism"
Phi_PA_S9_1_CDS_0027,unknown function
Phi_PA_S9_1_CDS_0028,unknown function
Phi_PA_S9_1_CDS_0029,tail
Phi_PA_S9_1_CDS_0030,unknown function
Phi_PA_S9_1_CDS_0031,"moron, auxiliary metabolic gene and host takeover"
Phi_PA_S9_1_CDS_0032,tail
Phi_PA_S9_1_CDS_0033,unknown function
Phi_PA_S9_1_CDS_0034,unknown function
Phi_PA_S9_1_CDS_0035,unknown function
Phi_PA_S9_1_CDS_0036,lysis
Phi_PA_S9_1_CDS_0037,unknown function
Phi_PA_S9_1_CDS_0038,unknown function
Phi_PA_S9_1_CDS_0039,lysis
Phi_PA_S9_1_CDS_0040,unknown function
Phi_PA_S9_1_CDS_0041,lysis
Phi_PA_S9_1_CDS_0042,lysis
Phi_PA_S9_1_CDS_0043,"DNA, RNA and nucleotide metabolism"
Phi_PA_S9_1_CDS_0044,unknown function
Phi_PA_S9_1_CDS_0045,"DNA, RNA and nucleotide metabolism"
Phi_PA_S9_1_CDS_0046,unknown function
Phi_PA_S9_1_CDS_0047,"DNA, RNA and nucleotide metabolism"
Phi_PA_S9_1_CDS_0048,unknown function
Phi_PA_S9_1_CDS_0049,"DNA, RNA and nucleotide metabolism"
Phi_PA_S9_1_CDS_0050,"DNA, RNA and nucleotide metabolism"
Phi_PA_S9_1_CDS_0051,unknown function
Phi_PA_S9_1_CDS_0052,other
Phi_PA_S9_1_CDS_0053,unknown function
Phi_PA_S9_1_CDS_0054,"DNA, RNA and nucleotide metabolism"
Phi_PA_S9_1_CDS_0055,unknown function
Phi_PA_S9_1_CDS_0056,unknown function
Phi_PA_S9_1_CDS_0057,unknown function
Phi_PA_S9_1_CDS_0058,unknown function
Phi_PA_S9_1_CDS_0059,transcription regulation
Phi_PA_S9_1_CDS_0060,unknown function
Phi_PA_S9_1_CDS_0061,unknown function
Phi_PA_S9_1_CDS_0062,unknown function
Phi_PA_S9_1_CDS_0063,unknown function
Phi_PA_S9_1_CDS_0064,"DNA, RNA and nucleotide metabolism"
Phi_PA_S9_1_CDS_0065,unknown function
Phi_PA_S9_1_CDS_0066,unknown function
Phi_PA_S9_1_CDS_0067,unknown function
Phi_PA_S9_1_CDS_0068,"DNA, RNA and nucleotide metabolism"
Phi_PA_S9_1_CDS_0069,unknown function
Phi_PA_S9_1_CDS_0070,other
Phi_PA_S9_1_CDS_0071,unknown function
Phi_PA_S9_1_CDS_0072,other
Phi_PA_S9_1_CDS_0073,unknown function
Phi_PA_S9_1_CDS_0074,unknown function
Phi_PA_S9_1_CDS_0075,unknown function
Phi_PA_S9_1_CDS_0076,unknown function
Phi_PA_S9_1_CDS_0077,unknown function
Phi_PA_S9_1_CDS_0078,unknown function
Phi_PA_S9_1_CDS_0079,unknown function
Phi_PA_S9_1_CDS_0080,unknown function
Phi_PA_S9_1_CDS_0081,unknown function
Phi_PA_S9_1_CDS_0082,unknown function
Phi_PA_S9_1_CDS_0083,unknown function
Phi_PA_S9_1_CDS_0084,unknown function
Phi_PA_S9_1_CDS_0085,unknown function
Phi_PA_S9_1_CDS_0086,unknown function
Phi_PA_S9_1_CDS_0087,unknown function
Phi_PA_S9_1_CDS_0088,unknown function
Phi_PA_S9_1_CDS_0089,unknown function
Phi_PA_S9_1_CDS_0090,unknown function
Phi_PA_S9_1_CDS_0091,unknown function
Phi_PA_S9_1_CDS_0092,unknown function
Phi_1276_S9_1_CDS_0001,head and packaging
Phi_1276_S9_1_CDS_0002,head and packaging
Phi_1276_S9_1_CDS_0003,head and packaging
Phi_1276_S9_1_CDS_0004,head and packaging
Phi_1276_S9_1_CDS_0005,unknown function
Phi_1276_S9_1_CDS_0006,connector
Phi_1276_S9_1_CDS_0007,connector
Phi_1276_S9_1_CDS_0008,tail
Phi_1276_S9_1_CDS_0009,head and packaging
Phi_1276_S9_1_CDS_0010,"DNA, RNA and nucleotide metabolism"
Phi_1276_S9_1_CDS_0011,other
Phi_1276_S9_1_CDS_0012,other
Phi_1276_S9_1_CDS_0013,"moron, auxiliary metabolic gene and host takeover"
Phi_1276_S9_1_CDS_0014,transcription regulation
Phi_1276_S9_1_CDS_0015,transcription regulation
Phi_1276_S9_1_CDS_0016,transcription regulation
Phi_1276_S9_1_CDS_0017,unknown function
Phi_1276_S9_1_CDS_0018,other
Phi_1276_S9_1_CDS_0019,tail
Phi_1276_S9_1_CDS_0020,integration and excision
Phi_1276_S9_1_CDS_0021,unknown function
Phi_1276_S9_1_CDS_0022,unknown function
Phi_1276_S9_1_CDS_0023,unknown function
Phi_1276_S9_1_CDS_0024,unknown function
Phi_1276_S9_1_CDS_0025,"moron, auxiliary metabolic gene and host takeover"
Phi_1276_S9_1_CDS_0026,"DNA, RNA and nucleotide metabolism"
Phi_1276_S9_1_CDS_0027,"DNA, RNA and nucleotide metabolism"
Phi_1276_S9_1_CDS_0028,other
Phi_1276_S9_1_CDS_0029,other
Phi_1276_S9_1_CDS_0030,unknown function
Phi_1276_S9_1_CDS_0031,unknown function
Phi_1276_S9_1_CDS_0032,"DNA, RNA and nucleotide metabolism"
Phi_1276_S9_1_CDS_0033,transcription regulation
Phi_1276_S9_1_CDS_0034,"moron, auxiliary metabolic gene and host takeover"
Phi_1276_S9_1_CDS_0035,"moron, auxiliary metabolic gene and host takeover"
Phi_1276_S9_1_CDS_0036,transcription regulation
Phi_1276_S9_1_CDS_0037,transcription regulation
Phi_1276_S9_1_CDS_0038,transcription regulation
Phi_1276_S9_1_CDS_0039,unknown function
Phi_1276_S9_1_CDS_0040,"DNA, RNA and nucleotide metabolism"
Phi_1276_S9_1_CDS_0041,"DNA, RNA and nucleotide metabolism"
Phi_1276_S9_1_CDS_0042,unknown function
Phi_1276_S9_1_CDS_0043,unknown function
Phi_1276_S9_1_CDS_0044,unknown function
Phi_1276_S9_1_CDS_0045,"DNA, RNA and nucleotide metabolism"
Phi_1276_S9_1_CDS_0046,other
Phi_1276_S9_1_CDS_0047,transcription regulation
Phi_1276_S9_1_CDS_0048,"DNA, RNA and nucleotide metabolism"
Phi_1276_S9_1_CDS_0049,"DNA, RNA and nucleotide metabolism"
Phi_1276_S9_1_CDS_0050,unknown function
Phi_1276_S9_1_CDS_0051,transcription regulation
Phi_1276_S9_1_CDS_0052,lysis
Phi_1276_S9_1_CDS_0053,lysis
Phi_1276_S9_1_CDS_0054,lysis
Phi_1276_S9_1_CDS_0055,transcription regulation
Phi_1276_S9_1_CDS_0056,"moron, auxiliary metabolic gene and host takeover"
Phi_1276_S9_1_CDS_0057,unknown function
Phi_1276_S9_1_CDS_0058,head and packaging
Pharokka_DH5A_OFV4_1_CDS_0001,unknown function
Pharokka_DH5A_OFV4_1_CDS_0002,unknown function
Pharokka_DH5A_OFV4_1_CDS_0003,unknown function
Pharokka_DH5A_OFV4_1_CDS_0004,unknown function
Pharokka_DH5A_OFV4_1_CDS_0005,"DNA, RNA and nucleotide metabolism"
Pharokka_DH5A_OFV4_1_CDS_0006,unknown function
Pharokka_DH5A_OFV4_1_CDS_0007,unknown function
Pharokka_DH5A_OFV4_1_CDS_0008,unknown function
Pharokka_DH5A_OFV4_1_CDS_0009,unknown function
Pharokka_DH5A_OFV4_1_CDS_0010,unknown function
Pharokka_DH5A_OFV4_1_CDS_0011,unknown function
Pharokka_DH5A_OFV4_1_CDS_0012,unknown function
Pharokka_DH5A_OFV4_1_CDS_0013,unknown function
Pharokka_DH5A_OFV4_1_CDS_0014,unknown function
Pharokka_DH5A_OFV4_1_CDS_0015,unknown function
Pharokka_DH5A_OFV4_1_CDS_0016,unknown function
Pharokka_DH5A_OFV4_1_CDS_0017,unknown function
Pharokka_DH5A_OFV4_1_CDS_0018,unknown function
Pharokka_DH5A_OFV4_1_CDS_0019,unknown function
Pharokka_DH5A_OFV4_1_CDS_0020,unknown function
Pharokka_DH5A_OFV4_1_CDS_0021,unknown function
Pharokka_DH5A_OFV4_1_CDS_0022,unknown function
Pharokka_DH5A_OFV4_1_CDS_0023,unknown function
Pharokka_DH5A_OFV4_1_CDS_0024,unknown function
Pharokka_DH5A_OFV4_1_CDS_0025,unknown function
Pharokka_DH5A_OFV4_1_CDS_0026,unknown function
Pharokka_DH5A_OFV4_1_CDS_0027,unknown function
Pharokka_DH5A_OFV4_1_CDS_0028,unknown function
Pharokka_DH5A_OFV4_1_CDS_0029,unknown function
Pharokka_DH5A_OFV4_1_CDS_0030,unknown function
Pharokka_DH5A_OFV4_1_CDS_0031,unknown function
Pharokka_DH5A_OFV4_1_CDS_0032,unknown function
Pharokka_DH5A_OFV4_1_CDS_0033,unknown function
Pharokka_DH5A_OFV4_1_CDS_0034,unknown function
Pharokka_DH5A_OFV4_1_CDS_0035,unknown function
Pharokka_DH5A_OFV4_1_CDS_0036,unknown function
Pharokka_DH5A_OFV4_1_CDS_0037,unknown function
Pharokka_DH5A_OFV4_1_CDS_0038,unknown function
Pharokka_DH5A_OFV4_1_CDS_0039,unknown function
Pharokka_DH5A_OFV4_1_CDS_0040,unknown function
Pharokka_DH5A_OFV4_1_CDS_0041,unknown function
Pharokka_DH5A_OFV4_1_CDS_0042,unknown function
Pharokka_DH5A_OFV4_1_CDS_0043,unknown function
Pharokka_DH5A_OFV4_1_CDS_0044,unknown function
Pharokka_DH5A_OFV4_1_CDS_0045,unknown function
Pharokka_DH5A_OFV4_1_CDS_0046,unknown function
Pharokka_DH5A_OFV4_1_CDS_0047,unknown function
Pharokka_DH5A_OFV4_1_CDS_0048,unknown function
Pharokka_DH5A_OFV4_1_CDS_0049,unknown function
Pharokka_DH5A_OFV4_1_CDS_0050,unknown function
Pharokka_DH5A_OFV4_1_CDS_0051,unknown function
Pharokka_DH5A_OFV4_1_CDS_0052,unknown function
Pharokka_DH5A_OFV4_1_CDS_0053,unknown function
Pharokka_DH5A_OFV4_1_CDS_0054,unknown function
Pharokka_DH5A_OFV4_1_CDS_0055,unknown function
Pharokka_DH5A_OFV4_1_CDS_0056,unknown function
Pharokka_DH5A_OFV4_1_CDS_0057,unknown function
Pharokka_DH5A_OFV4_1_CDS_0058,unknown function
Pharokka_DH5A_OFV4_1_CDS_0059,unknown function
Pharokka_DH5A_OFV4_1_CDS_0060,unknown function
Pharokka_DH5A_OFV4_1_CDS_0061,unknown function
Pharokka_DH5A_OFV4_1_CDS_0062,unknown function
Pharokka_DH5A_OFV4_1_CDS_0063,unknown function
Pharokka_DH5A_OFV4_1_CDS_0064,unknown function
Pharokka_DH5A_OFV4_1_CDS_0065,unknown function
Pharokka_DH5A_OFV4_1_CDS_0066,unknown function
Pharokka_DH5A_OFV4_1_CDS_0067,"DNA, RNA and nucleotide metabolism"
Pharokka_DH5A_OFV4_1_CDS_0068,unknown function
Pharokka_DH5A_OFV4_1_CDS_0069,unknown function
Pharokka_DH5A_OFV4_1_CDS_0070,"DNA, RNA and nucleotide metabolism"
Pharokka_DH5A_OFV4_1_CDS_0071,unknown function
Pharokka_DH5A_OFV4_1_CDS_0072,"DNA, RNA and nucleotide metabolism"
Pharokka_DH5A_OFV4_1_CDS_0073,"DNA, RNA and nucleotide metabolism"
Pharokka_DH5A_OFV4_1_CDS_0074,"DNA, RNA and nucleotide metabolism"
Pharokka_DH5A_OFV4_1_CDS_0075,"moron, auxiliary metabolic gene and host takeover"
Pharokka_DH5A_OFV4_1_CDS_0076,"moron, auxiliary metabolic gene and host takeover"
Pharokka_DH5A_OFV4_1_CDS_0077,"DNA, RNA and nucleotide metabolism"
Pharokka_DH5A_OFV4_1_CDS_0078,"DNA, RNA and nucleotide metabolism"
Pharokka_DH5A_OFV4_1_CDS_0079,unknown function
Pharokka_DH5A_OFV4_1_CDS_0080,unknown function
Pharokka_DH5A_OFV4_1_CDS_0081,unknown function
Pharokka_DH5A_OFV4_1_CDS_0082,unknown function
Pharokka_DH5A_OFV4_1_CDS_0083,unknown function
Pharokka_DH5A_OFV4_1_CDS_0084,other
Pharokka_DH5A_OFV4_1_CDS_0085,other
Pharokka_DH5A_OFV4_1_CDS_0086,"moron, auxiliary metabolic gene and host takeover"
Pharokka_DH5A_OFV4_1_CDS_0087,other
Pharokka_DH5A_OFV4_1_CDS_0088,other
Pharokka_DH5A_OFV4_1_CDS_0089,unknown function
Pharokka_DH5A_OFV4_1_CDS_0090,unknown function
Pharokka_DH5A_OFV4_1_CDS_0091,"moron, auxiliary metabolic gene and host takeover"
Pharokka_DH5A_OFV4_1_CDS_0092,unknown function
Pharokka_DH5A_OFV4_1_CDS_0093,unknown function
Pharokka_DH5A_OFV4_1_CDS_0094,unknown function
Pharokka_DH5A_OFV4_1_CDS_0095,"DNA, RNA and nucleotide metabolism"
Pharokka_DH5A_OFV4_1_CDS_0096,"moron, auxiliary metabolic gene and host takeover"
Pharokka_DH5A_OFV4_1_CDS_0097,unknown function
Pharokka_DH5A_OFV4_1_CDS_0098,unknown function
Pharokka_DH5A_OFV4_1_CDS_0099,unknown function
Pharokka_DH5A_OFV4_1_CDS_0100,unknown function
Pharokka_DH5A_OFV4_1_CDS_0101,unknown function
Pharokka_DH5A_OFV4_1_CDS_0102,unknown function
Pharokka_DH5A_OFV4_1_CDS_0103,unknown function
Pharokka_DH5A_OFV4_1_CDS_0104,unknown function
Pharokka_DH5A_OFV4_1_CDS_0105,unknown function
Pharokka_DH5A_OFV4_1_CDS_0106,tail
Pharokka_DH5A_OFV4_1_CDS_0107,unknown function
Pharokka_DH5A_OFV4_1_CDS_0108,unknown function
Pharokka_DH5A_OFV4_1_CDS_0109,"DNA, RNA and nucleotide metabolism"
Pharokka_DH5A_OFV4_1_CDS_0110,lysis
Pharokka_DH5A_OFV4_1_CDS_0111,unknown function
Pharokka_DH5A_OFV4_1_CDS_0112,unknown function
Pharokka_DH5A_OFV4_1_CDS_0113,unknown function
Pharokka_DH5A_OFV4_1_CDS_0114,"moron, auxiliary metabolic gene and host takeover"
Pharokka_DH5A_OFV4_1_CDS_0115,"moron, auxiliary metabolic gene and host takeover"
Pharokka_DH5A_OFV4_1_CDS_0116,"moron, auxiliary metabolic gene and host takeover"
Pharokka_DH5A_OFV4_1_CDS_0117,"moron, auxiliary metabolic gene and host takeover"
Pharokka_DH5A_OFV4_1_CDS_0118,unknown function
Pharokka_DH5A_OFV4_1_CDS_0119,"DNA, RNA and nucleotide metabolism"
Pharokka_DH5A_OFV4_1_CDS_0120,unknown function
Pharokka_DH5A_OFV4_1_CDS_0121,"moron, auxiliary metabolic gene and host takeover"
Pharokka_DH5A_OFV4_1_CDS_0122,"DNA, RNA and nucleotide metabolism"
Pharokka_DH5A_OFV4_1_CDS_0123,"DNA, RNA and nucleotide metabolism"
Pharokka_DH5A_OFV4_1_CDS_0124,unknown function
Pharokka_DH5A_OFV4_1_CDS_0125,unknown function
Pharokka_DH5A_OFV4_1_CDS_0126,unknown function
Pharokka_DH5A_OFV4_1_CDS_0127,"DNA, RNA and nucleotide metabolism"
Pharokka_DH5A_OFV4_1_CDS_0128,unknown function
Pharokka_DH5A_OFV4_1_CDS_0129,"DNA, RNA and nucleotide metabolism"
Pharokka_DH5A_OFV4_1_CDS_0130,tail
Pharokka_DH5A_OFV4_1_CDS_0131,tail
Pharokka_DH5A_OFV4_1_CDS_0132,"moron, auxiliary metabolic gene and host takeover"
Pharokka_DH5A_OFV4_1_CDS_0133,other
Pharokka_DH5A_OFV4_1_CDS_0134,tail
Pharokka_DH5A_OFV4_1_CDS_0135,tail
Pharokka_DH5A_OFV4_1_CDS_0136,tail
Pharokka_DH5A_OFV4_1_CDS_0137,tail
Pharokka_DH5A_OFV4_1_CDS_0138,"moron, auxiliary metabolic gene and host takeover"
Pharokka_DH5A_OFV4_1_CDS_0139,unknown function
Pharokka_DH5A_OFV4_1_CDS_0140,tail
Pharokka_DH5A_OFV4_1_CDS_0141,tail
Pharokka_DH5A_OFV4_1_CDS_0142,tail
Pharokka_DH5A_OFV4_1_CDS_0143,tail
Pharokka_DH5A_OFV4_1_CDS_0144,tail
Pharokka_DH5A_OFV4_1_CDS_0145,tail
Pharokka_DH5A_OFV4_1_CDS_0146,tail
Pharokka_DH5A_OFV4_1_CDS_0147,tail
Pharokka_DH5A_OFV4_1_CDS_0148,tail
Pharokka_DH5A_OFV4_1_CDS_0149,head and packaging
Pharokka_DH5A_OFV4_1_CDS_0150,tail
Pharokka_DH5A_OFV4_1_CDS_0151,unknown function
Pharokka_DH5A_OFV4_1_CDS_0152,tail
Pharokka_DH5A_OFV4_1_CDS_0153,tail
Pharokka_DH5A_OFV4_1_CDS_0154,unknown function
Pharokka_DH5A_OFV4_1_CDS_0155,tail
Pharokka_DH5A_OFV4_1_CDS_0156,head and packaging
Pharokka_DH5A_OFV4_1_CDS_0157,tail
Pharokka_DH5A_OFV4_1_CDS_0158,connector
Pharokka_DH5A_OFV4_1_CDS_0159,unknown function
Pharokka_DH5A_OFV4_1_CDS_0160,"DNA, RNA and nucleotide metabolism"
Pharokka_DH5A_OFV4_1_CDS_0161,unknown function
Pharokka_DH5A_OFV4_1_CDS_0162,other
Pharokka_DH5A_OFV4_1_CDS_0163,"DNA, RNA and nucleotide metabolism"
Pharokka_DH5A_OFV4_1_CDS_0164,"DNA, RNA and nucleotide metabolism"
Pharokka_DH5A_OFV4_1_CDS_0165,unknown function
Pharokka_DH5A_OFV4_1_CDS_0166,unknown function
Pharokka_DH5A_OFV4_1_CDS_0167,unknown function
Pharokka_DH5A_OFV4_1_CDS_0168,"DNA, RNA and nucleotide metabolism"
Pharokka_DH5A_OFV4_1_CDS_0169,"DNA, RNA and nucleotide metabolism"
Pharokka_DH5A_OFV4_1_CDS_0170,unknown function
Pharokka_DH5A_OFV4_1_CDS_0171,"DNA, RNA and nucleotide metabolism"
Pharokka_DH5A_OFV4_1_CDS_0172,unknown function
Pharokka_DH5A_OFV4_1_CDS_0173,other
Pharokka_DH5A_OFV4_1_CDS_0174,unknown function
Pharokka_DH5A_OFV4_1_CDS_0175,"DNA, RNA and nucleotide metabolism"
Pharokka_DH5A_OFV4_1_CDS_0176,unknown function
Pharokka_DH5A_OFV4_1_CDS_0177,"DNA, RNA and nucleotide metabolism"
Pharokka_DH5A_OFV4_1_CDS_0178,unknown function
Pharokka_DH5A_OFV4_1_CDS_0179,unknown function
Pharokka_DH5A_OFV4_1_CDS_0180,"DNA, RNA and nucleotide metabolism"
Pharokka_DH5A_OFV4_1_CDS_0181,"DNA, RNA and nucleotide metabolism"
Pharokka_DH5A_OFV4_1_CDS_0182,unknown function
Pharokka_DH5A_OFV4_1_CDS_0183,unknown function
Pharokka_DH5A_OFV4_1_CDS_0184,"DNA, RNA and nucleotide metabolism"
Pharokka_DH5A_OFV4_1_CDS_0185,unknown function
Pharokka_DH5A_OFV4_1_CDS_0186,unknown function
Pharokka_DH5A_OFV4_1_CDS_0187,unknown function
Pharokka_DH5A_OFV4_1_CDS_0188,unknown function
Pharokka_DH5A_OFV4_1_CDS_0189,unknown function
Pharokka_DH5A_OFV4_1_CDS_0190,"DNA, RNA and nucleotide metabolism"
Pharokka_DH5A_OFV4_1_CDS_0191,"DNA, RNA and nucleotide metabolism"
Pharokka_DH5A_OFV4_1_CDS_0192,"moron, auxiliary metabolic gene and host takeover"
Pharokka_DH5A_OFV4_1_CDS_0193,"moron, auxiliary metabolic gene and host takeover"
Pharokka_DH5A_OFV4_1_CDS_0194,"DNA, RNA and nucleotide metabolism"
Pharokka_DH5A_OFV4_1_CDS_0195,"DNA, RNA and nucleotide metabolism"
Pharokka_DH5A_OFV4_1_CDS_0196,unknown function
Pharokka_DH5A_OFV4_1_CDS_0197,lysis
Pharokka_DH5A_OFV4_1_CDS_0198,other
Pharokka_DH5A_OFV4_1_CDS_0199,unknown function
Pharokka_DH5A_OFV4_1_CDS_0200,other
Pharokka_DH5A_OFV4_1_CDS_0201,unknown function
Pharokka_DH5A_OFV4_1_CDS_0202,other
Pharokka_DH5A_OFV4_1_CDS_0203,unknown function
Pharokka_DH5A_OFV4_1_CDS_0204,unknown function
Pharokka_DH5A_OFV4_1_CDS_0205,unknown function
Pharokka_DH5A_OFV4_1_CDS_0206,"DNA, RNA and nucleotide metabolism"
Pharokka_DH5A_OFV4_1_CDS_0207,unknown function
Pharokka_DH5A_OFV4_1_CDS_0208,other
Pharokka_DH5A_OFV4_1_CDS_0209,unknown function
Pharokka_DH5A_OFV4_1_CDS_0210,"DNA, RNA and nucleotide metabolism"
Pharokka_DH5A_OFV4_1_CDS_0211,unknown function
Pharokka_DH5A_OFV4_1_CDS_0212,unknown function
Pharokka_DH5A_OFV4_1_CDS_0213,unknown function
Pharokka_DH5A_OFV4_1_CDS_0214,unknown function
Pharokka_DH5A_OFV4_1_CDS_0215,unknown function
Pharokka_DH5A_OFV4_1_CDS_0216,unknown function
Pharokka_DH5A_OFV4_1_CDS_0217,unknown function
Pharokka_DH5A_OFV4_1_CDS_0218,unknown function
Pharokka_DH5A_OFV4_1_CDS_0219,other
Pharokka_DH5A_OFV4_1_CDS_0220,unknown function
Pharokka_DH5A_OFV4_1_CDS_0221,unknown function
Pharokka_DH5A_OFV4_1_CDS_0222,unknown function
Pharokka_DH5A_OFV4_1_CDS_0223,"DNA, RNA and nucleotide metabolism"
Pharokka_DH5A_OFV4_1_CDS_0224,unknown function
Pharokka_DH5A_OFV4_1_CDS_0225,unknown function
Pharokka_DH5A_OFV4_1_CDS_0226,unknown function
Pharokka_DH5A_OFV4_1_CDS_0227,unknown function
Pharokka_DH5A_OFV4_1_CDS_0228,unknown function
Pharokka_DH5A_OFV4_1_CDS_0229,unknown function
Pharokka_DH5A_OFV4_1_CDS_0230,unknown function
Pharokka_DH5A_OFV4_1_CDS_0231,unknown function
Pharokka_DH5A_OFV4_1_CDS_0232,unknown function
Pharokka_DH5A_OFV4_1_CDS_0233,"DNA, RNA and nucleotide metabolism"
Pharokka_DH5A_OFV4_1_CDS_0234,unknown function
Pharokka_DH5A_OFV4_1_CDS_0235,unknown function
Pharokka_DH5A_OFV4_1_CDS_0236,unknown function
Pharokka_DH5A_OFV4_1_CDS_0237,unknown function
Pharokka_DH5A_OFV4_1_CDS_0238,unknown function
Pharokka_DH5A_OFV4_1_CDS_0239,unknown function
Pharokka_DH5A_OFV4_1_CDS_0240,unknown function
Pharokka_DH5A_OFV4_1_CDS_0241,unknown function
Pharokka_DH5A_OFV4_1_CDS_0242,unknown function
Pharokka_DH5A_OFV4_1_CDS_0243,unknown function
Phi_1276_OFCC4_1_CDS_0001,head and packaging
Phi_1276_OFCC4_1_CDS_0002,head and packaging
Phi_1276_OFCC4_1_CDS_0003,head and packaging
Phi_1276_OFCC4_1_CDS_0004,head and packaging
Phi_1276_OFCC4_1_CDS_0005,unknown function
Phi_1276_OFCC4_1_CDS_0006,connector
Phi_1276_OFCC4_1_CDS_0007,connector
Phi_1276_OFCC4_1_CDS_0008,tail
Phi_1276_OFCC4_1_CDS_0009,head and packaging
Phi_1276_OFCC4_1_CDS_0010,"DNA, RNA and nucleotide metabolism"
Phi_1276_OFCC4_1_CDS_0011,other
Phi_1276_OFCC4_1_CDS_0012,other
Phi_1276_OFCC4_1_CDS_0013,"moron, auxiliary metabolic gene and host takeover"
Phi_1276_OFCC4_1_CDS_0014,transcription regulation
Phi_1276_OFCC4_1_CDS_0015,transcription regulation
Phi_1276_OFCC4_1_CDS_0016,transcription regulation
Phi_1276_OFCC4_1_CDS_0017,unknown function
Phi_1276_OFCC4_1_CDS_0018,other
Phi_1276_OFCC4_1_CDS_0019,tail
Phi_1276_OFCC4_1_CDS_0020,integration and excision
Phi_1276_OFCC4_1_CDS_0021,unknown function
Phi_1276_OFCC4_1_CDS_0022,unknown function
Phi_1276_OFCC4_1_CDS_0023,unknown function
Phi_1276_OFCC4_1_CDS_0024,unknown function
Phi_1276_OFCC4_1_CDS_0025,"moron, auxiliary metabolic gene and host takeover"
Phi_1276_OFCC4_1_CDS_0026,"DNA, RNA and nucleotide metabolism"
Phi_1276_OFCC4_1_CDS_0027,"DNA, RNA and nucleotide metabolism"
Phi_1276_OFCC4_1_CDS_0028,other
Phi_1276_OFCC4_1_CDS_0029,other
Phi_1276_OFCC4_1_CDS_0030,unknown function
Phi_1276_OFCC4_1_CDS_0031,unknown function
Phi_1276_OFCC4_1_CDS_0032,"DNA, RNA and nucleotide metabolism"
Phi_1276_OFCC4_1_CDS_0033,transcription regulation
Phi_1276_OFCC4_1_CDS_0034,"moron, auxiliary metabolic gene and host takeover"
Phi_1276_OFCC4_1_CDS_0035,"moron, auxiliary metabolic gene and host takeover"
Phi_1276_OFCC4_1_CDS_0036,transcription regulation
Phi_1276_OFCC4_1_CDS_0037,transcription regulation
Phi_1276_OFCC4_1_CDS_0038,transcription regulation
Phi_1276_OFCC4_1_CDS_0039,unknown function
Phi_1276_OFCC4_1_CDS_0040,"DNA, RNA and nucleotide metabolism"
Phi_1276_OFCC4_1_CDS_0041,"DNA, RNA and nucleotide metabolism"
Phi_1276_OFCC4_1_CDS_0042,unknown function
Phi_1276_OFCC4_1_CDS_0043,unknown function
Phi_1276_OFCC4_1_CDS_0044,unknown function
Phi_1276_OFCC4_1_CDS_0045,"DNA, RNA and nucleotide metabolism"
Phi_1276_OFCC4_1_CDS_0046,other
Phi_1276_OFCC4_1_CDS_0047,transcription regulation
Phi_1276_OFCC4_1_CDS_0048,"DNA, RNA and nucleotide metabolism"
Phi_1276_OFCC4_1_CDS_0049,"DNA, RNA and nucleotide metabolism"
Phi_1276_OFCC4_1_CDS_0050,unknown function
Phi_1276_OFCC4_1_CDS_0051,transcription regulation
Phi_1276_OFCC4_1_CDS_0052,lysis
Phi_1276_OFCC4_1_CDS_0053,lysis
Phi_1276_OFCC4_1_CDS_0054,lysis
Phi_1276_OFCC4_1_CDS_0055,transcription regulation
Phi_1276_OFCC4_1_CDS_0056,"moron, auxiliary metabolic gene and host takeover"
Phi_1276_OFCC4_1_CDS_0057,unknown function
Phi_1276_OFCC4_1_CDS_0058,head and packaging
MT740315.1_CDS_0001,head and packaging
MT740315.1_CDS_0002,head and packaging
MT740315.1_CDS_0003,head and packaging
MT740315.1_CDS_0004,head and packaging
MT740315.1_CDS_0005,unknown function
MT740315.1_CDS_0006,connector
MT740315.1_CDS_0007,connector
MT740315.1_CDS_0008,tail
MT740315.1_CDS_0009,head and packaging
MT740315.1_CDS_0010,"DNA, RNA and nucleotide metabolism"
MT740315.1_CDS_0011,other
MT740315.1_CDS_0012,other
MT740315.1_CDS_0013,unknown function
MT740315.1_CDS_0014,transcription regulation
MT740315.1_CDS_0015,unknown function
MT740315.1_CDS_0016,transcription regulation
MT740315.1_CDS_0017,transcription regulation
MT740315.1_CDS_0018,unknown function
MT740315.1_CDS_0019,other
MT740315.1_CDS_0020,tail
MT740315.1_CDS_0021,unknown function
MT740315.1_CDS_0022,integration and excision
MT740315.1_CDS_0023,unknown function
MT740315.1_CDS_0024,unknown function
MT740315.1_CDS_0025,unknown function
MT740315.1_CDS_0026,unknown function
MT740315.1_CDS_0027,unknown function
MT740315.1_CDS_0028,"moron, auxiliary metabolic gene and host takeover"
MT740315.1_CDS_0029,"DNA, RNA and nucleotide metabolism"
MT740315.1_CDS_0030,"DNA, RNA and nucleotide metabolism"
MT740315.1_CDS_0031,other
MT740315.1_CDS_0032,unknown function
MT740315.1_CDS_0033,unknown function
MT740315.1_CDS_0034,unknown function
MT740315.1_CDS_0035,transcription regulation
MT740315.1_CDS_0036,transcription regulation
MT740315.1_CDS_0037,transcription regulation
MT740315.1_CDS_0038,transcription regulation
MT740315.1_CDS_0039,unknown function
MT740315.1_CDS_0040,"DNA, RNA and nucleotide metabolism"
MT740315.1_CDS_0041,"DNA, RNA and nucleotide metabolism"
MT740315.1_CDS_0042,"DNA, RNA and nucleotide metabolism"
MT740315.1_CDS_0043,unknown function
MT740315.1_CDS_0044,unknown function
MT740315.1_CDS_0045,transcription regulation
MT740315.1_CDS_0046,"DNA, RNA and nucleotide metabolism"
MT740315.1_CDS_0047,"DNA, RNA and nucleotide metabolism"
MT740315.1_CDS_0048,unknown function
MT740315.1_CDS_0049,other
MT740315.1_CDS_0050,transcription regulation
MT740315.1_CDS_0051,lysis
MT740315.1_CDS_0052,lysis
MT740315.1_CDS_0053,lysis
MT740315.1_CDS_0054,transcription regulation
MT740315.1_CDS_0055,unknown function
MT740315.1_CDS_0056,head and packaging
OQ790079.1_CDS_0001,head and packaging
OQ790079.1_CDS_0002,head and packaging
OQ790079.1_CDS_0003,head and packaging
OQ790079.1_CDS_0004,head and packaging
OQ790079.1_CDS_0005,head and packaging
OQ790079.1_CDS_0006,head and packaging
OQ790079.1_CDS_0007,connector
OQ790079.1_CDS_0008,connector
OQ790079.1_CDS_0009,connector
OQ790079.1_CDS_0010,tail
OQ790079.1_CDS_0011,tail
OQ790079.1_CDS_0012,tail
OQ790079.1_CDS_0013,tail
OQ790079.1_CDS_0014,tail
OQ790079.1_CDS_0015,tail
OQ790079.1_CDS_0016,tail
OQ790079.1_CDS_0017,tail
OQ790079.1_CDS_0018,tail
OQ790079.1_CDS_0019,unknown function
OQ790079.1_CDS_0020,unknown function
OQ790079.1_CDS_0021,tail
OQ790079.1_CDS_0022,"DNA, RNA and nucleotide metabolism"
OQ790079.1_CDS_0023,"DNA, RNA and nucleotide metabolism"
OQ790079.1_CDS_0024,"DNA, RNA and nucleotide metabolism"
OQ790079.1_CDS_0025,"DNA, RNA and nucleotide metabolism"
OQ790079.1_CDS_0026,"DNA, RNA and nucleotide metabolism"
OQ790079.1_CDS_0027,"DNA, RNA and nucleotide metabolism"
OQ790079.1_CDS_0028,unknown function
OQ790079.1_CDS_0029,"DNA, RNA and nucleotide metabolism"
OQ790079.1_CDS_0030,unknown function
OQ790079.1_CDS_0031,"DNA, RNA and nucleotide metabolism"
OQ790079.1_CDS_0032,"DNA, RNA and nucleotide metabolism"
OQ790079.1_CDS_0033,"DNA, RNA and nucleotide metabolism"
OQ790079.1_CDS_0034,transcription regulation
OQ790079.1_CDS_0035,"DNA, RNA and nucleotide metabolism"
OQ790079.1_CDS_0036,"DNA, RNA and nucleotide metabolism"
OQ790079.1_CDS_0037,unknown function
OQ790079.1_CDS_0038,unknown function
OQ790079.1_CDS_0039,transcription regulation
OQ790079.1_CDS_0040,unknown function
OQ790079.1_CDS_0041,"DNA, RNA and nucleotide metabolism"
OQ790079.1_CDS_0042,unknown function
OQ790079.1_CDS_0043,"DNA, RNA and nucleotide metabolism"
OQ790079.1_CDS_0044,unknown function
OQ790079.1_CDS_0045,"DNA, RNA and nucleotide metabolism"
OQ790079.1_CDS_0046,unknown function
OQ790079.1_CDS_0047,unknown function
OQ790079.1_CDS_0048,unknown function
OQ790079.1_CDS_0049,unknown function
OQ790079.1_CDS_0050,"DNA, RNA and nucleotide metabolism"
OQ790079.1_CDS_0051,unknown function
OQ790079.1_CDS_0052,"moron, auxiliary metabolic gene and host takeover"
OQ790079.1_CDS_0053,other
OQ790079.1_CDS_0054,unknown function
OQ790079.1_CDS_0055,unknown function
OQ790079.1_CDS_0056,"DNA, RNA and nucleotide metabolism"
OQ790079.1_CDS_0057,"DNA, RNA and nucleotide metabolism"
OQ790079.1_CDS_0058,"DNA, RNA and nucleotide metabolism"
OQ790079.1_CDS_0059,"DNA, RNA and nucleotide metabolism"
OQ790079.1_CDS_0060,"DNA, RNA and nucleotide metabolism"
OQ790079.1_CDS_0061,unknown function
OQ790079.1_CDS_0062,"DNA, RNA and nucleotide metabolism"
OQ790079.1_CDS_0063,unknown function
OQ790079.1_CDS_0064,unknown function
OQ790079.1_CDS_0065,unknown function
OQ790079.1_CDS_0066,"DNA, RNA and nucleotide metabolism"
OQ790079.1_CDS_0067,lysis
OQ790079.1_CDS_0068,unknown function
OQ790079.1_CDS_0069,unknown function
OQ790079.1_CDS_0070,unknown function
OQ790079.1_CDS_0071,unknown function
OQ790079.1_CDS_0072,unknown function
OQ790079.1_CDS_0073,unknown function
OQ790079.1_CDS_0074,unknown function
OQ790079.1_CDS_0075,unknown function
OQ790079.1_CDS_0076,unknown function
OQ790079.1_CDS_0077,unknown function
OQ790079.1_CDS_0078,unknown function
OQ790079.1_CDS_0079,unknown function
OQ790079.1_CDS_0080,unknown function
OQ790079.1_CDS_0081,unknown function
OQ790079.1_CDS_0082,unknown function
OQ790079.1_CDS_0083,unknown function
OQ790079.1_CDS_0084,unknown function
OQ790079.1_CDS_0085,transcription regulation
OQ790079.1_CDS_0086,unknown function
OQ790079.1_CDS_0087,unknown function
OQ790079.1_CDS_0088,unknown function
OQ790079.1_CDS_0089,"DNA, RNA and nucleotide metabolism"
OQ790079.1_CDS_0090,unknown function
OQ790079.1_CDS_0091,unknown function
OQ790079.1_CDS_0092,unknown function
OQ790079.1_CDS_0093,unknown function
OQ790079.1_CDS_0094,unknown function
OQ790079.1_CDS_0095,unknown function
OQ790079.1_CDS_0096,unknown function
OQ790079.1_CDS_0097,unknown function
OQ790079.1_CDS_0098,unknown function
OQ790079.1_CDS_0099,unknown function
OQ790079.1_CDS_0100,unknown function
OQ790079.1_CDS_0101,unknown function
OQ790079.1_CDS_0102,unknown function
OQ790079.1_CDS_0103,unknown function
OQ790079.1_CDS_0104,unknown function
OQ790079.1_CDS_0105,lysis
OQ790079.1_CDS_0106,other
OQ790079.1_CDS_0107,other
OQ790079.1_CDS_0108,lysis
OQ790079.1_CDS_0109,lysis
OQ790079.1_CDS_0110,unknown function
OQ790079.1_CDS_0111,unknown function
OQ790079.1_CDS_0112,"DNA, RNA and nucleotide metabolism"
OQ790079.1_CDS_0113,unknown function
OQ790079.1_CDS_0114,unknown function
OQ790079.1_CDS_0115,other
OQ790079.1_CDS_0116,unknown function
OQ790079.1_CDS_0117,unknown function
OQ790079.1_CDS_0118,unknown function
OQ790079.1_CDS_0119,unknown function
OQ790079.1_CDS_0120,unknown function
OQ790079.1_CDS_0121,unknown function
OQ790079.1_CDS_0122,unknown function
OQ790079.1_CDS_0123,unknown function
OQ790079.1_CDS_0124,unknown function
OQ790079.1_CDS_0125,unknown function
OQ790079.1_CDS_0126,unknown function
OQ790079.1_CDS_0127,unknown function
OQ790079.1_CDS_0128,"DNA, RNA and nucleotide metabolism"
OQ790079.1_CDS_0129,unknown function
OQ790079.1_CDS_0130,unknown function
OQ790079.1_CDS_0131,unknown function
OQ790079.1_CDS_0132,unknown function
OQ790079.1_CDS_0133,unknown function
OQ790079.1_CDS_0134,unknown function
OQ790079.1_CDS_0135,unknown function
OQ790079.1_CDS_0136,unknown function
OQ790079.1_CDS_0137,unknown function
OQ790079.1_CDS_0138,unknown function
OQ790079.1_CDS_0139,unknown function
OQ790079.1_CDS_0140,unknown function
OQ790079.1_CDS_0141,unknown function
OQ790079.1_CDS_0142,unknown function
OQ790079.1_CDS_0143,unknown function
OQ790079.1_CDS_0144,"DNA, RNA and nucleotide metabolism"
OQ790079.1_CDS_0145,unknown function
OQ790079.1_CDS_0146,"moron, auxiliary metabolic gene and host takeover"
OQ790079.1_CDS_0147,other
OQ790079.1_CDS_0148,unknown function
OQ790079.1_CDS_0149,unknown function
OQ790079.1_CDS_0150,other
OQ790079.1_CDS_0151,unknown function
OQ790079.1_CDS_0152,unknown function
OQ790079.1_CDS_0153,unknown function
OQ790079.1_CDS_0154,head and packaging
KX171210.1_CDS_0001,head and packaging
KX171210.1_CDS_0002,head and packaging
KX171210.1_CDS_0003,unknown function
KX171210.1_CDS_0004,"DNA, RNA and nucleotide metabolism"
KX171210.1_CDS_0005,head and packaging
KX171210.1_CDS_0006,unknown function
KX171210.1_CDS_0007,tail
KX171210.1_CDS_0008,head and packaging
KX171210.1_CDS_0009,unknown function
KX171210.1_CDS_0010,head and packaging
KX171210.1_CDS_0011,unknown function
KX171210.1_CDS_0012,unknown function
KX171210.1_CDS_0013,lysis
KX171210.1_CDS_0014,"DNA, RNA and nucleotide metabolism"
KX171210.1_CDS_0015,unknown function
KX171210.1_CDS_0016,unknown function
KX171210.1_CDS_0017,unknown function
KX171210.1_CDS_0018,unknown function
KX171210.1_CDS_0019,unknown function
KX171210.1_CDS_0020,unknown function
KX171210.1_CDS_0021,"DNA, RNA and nucleotide metabolism"
KX171210.1_CDS_0022,"moron, auxiliary metabolic gene and host takeover"
KX171210.1_CDS_0023,unknown function
KX171210.1_CDS_0024,"DNA, RNA and nucleotide metabolism"
KX171210.1_CDS_0025,"DNA, RNA and nucleotide metabolism"
KX171210.1_CDS_0026,"DNA, RNA and nucleotide metabolism"
KX171210.1_CDS_0027,"DNA, RNA and nucleotide metabolism"
KX171210.1_CDS_0028,unknown function
KX171210.1_CDS_0029,unknown function
KX171210.1_CDS_0030,tail
KX171210.1_CDS_0031,unknown function
KX171210.1_CDS_0032,"moron, auxiliary metabolic gene and host takeover"
KX171210.1_CDS_0033,tail
KX171210.1_CDS_0034,unknown function
KX171210.1_CDS_0035,unknown function
KX171210.1_CDS_0036,unknown function
KX171210.1_CDS_0037,lysis
KX171210.1_CDS_0038,unknown function
KX171210.1_CDS_0039,unknown function
KX171210.1_CDS_0040,lysis
KX171210.1_CDS_0041,unknown function
KX171210.1_CDS_0042,lysis
KX171210.1_CDS_0043,lysis
KX171210.1_CDS_0044,"DNA, RNA and nucleotide metabolism"
KX171210.1_CDS_0045,unknown function
KX171210.1_CDS_0046,unknown function
KX171210.1_CDS_0047,"DNA, RNA and nucleotide metabolism"
KX171210.1_CDS_0048,unknown function
KX171210.1_CDS_0049,"DNA, RNA and nucleotide metabolism"
KX171210.1_CDS_0050,unknown function
KX171210.1_CDS_0051,"DNA, RNA and nucleotide metabolism"
KX171210.1_CDS_0052,"DNA, RNA and nucleotide metabolism"
KX171210.1_CDS_0053,unknown function
KX171210.1_CDS_0054,other
KX171210.1_CDS_0055,unknown function
KX171210.1_CDS_0056,"DNA, RNA and nucleotide metabolism"
KX171210.1_CDS_0057,unknown function
KX171210.1_CDS_0058,unknown function
KX171210.1_CDS_0059,unknown function
KX171210.1_CDS_0060,unknown function
KX171210.1_CDS_0061,unknown function
KX171210.1_CDS_0062,unknown function
KX171210.1_CDS_0063,unknown function
KX171210.1_CDS_0064,unknown function
KX171210.1_CDS_0065,unknown function
KX171210.1_CDS_0066,"DNA, RNA and nucleotide metabolism"
KX171210.1_CDS_0067,unknown function
KX171210.1_CDS_0068,unknown function
KX171210.1_CDS_0069,unknown function
KX171210.1_CDS_0070,"DNA, RNA and nucleotide metabolism"
KX171210.1_CDS_0071,unknown function
KX171210.1_CDS_0072,other
KX171210.1_CDS_0073,unknown function
KX171210.1_CDS_0074,other
KX171210.1_CDS_0075,unknown function
KX171210.1_CDS_0076,unknown function
KX171210.1_CDS_0077,unknown function
KX171210.1_CDS_0078,unknown function
KX171210.1_CDS_0079,unknown function
KX171210.1_CDS_0080,unknown function
KX171210.1_CDS_0081,unknown function
KX171210.1_CDS_0082,unknown function
KX171210.1_CDS_0083,unknown function
KX171210.1_CDS_0084,unknown function
KX171210.1_CDS_0085,unknown function
KX171210.1_CDS_0086,unknown function
KX171210.1_CDS_0087,unknown function
KX171210.1_CDS_0088,unknown function
KX171210.1_CDS_0089,unknown function
KX171210.1_CDS_0090,unknown function
KX171210.1_CDS_0091,unknown function
KX171210.1_CDS_0092,unknown function
KX171210.1_CDS_0093,unknown function
KX171210.1_CDS_0094,unknown function
MK521907.1_CDS_0001,head and packaging
MK521907.1_CDS_0002,head and packaging
MK521907.1_CDS_0003,head and packaging
MK521907.1_CDS_0004,head and packaging
MK521907.1_CDS_0005,head and packaging
MK521907.1_CDS_0006,head and packaging
MK521907.1_CDS_0007,connector
MK521907.1_CDS_0008,connector
MK521907.1_CDS_0009,connector
MK521907.1_CDS_0010,tail
MK521907.1_CDS_0011,tail
MK521907.1_CDS_0012,tail
MK521907.1_CDS_0013,tail
MK521907.1_CDS_0014,tail
MK521907.1_CDS_0015,tail
MK521907.1_CDS_0016,tail
MK521907.1_CDS_0017,tail
MK521907.1_CDS_0018,unknown function
MK521907.1_CDS_0019,tail
MK521907.1_CDS_0020,"DNA, RNA and nucleotide metabolism"
MK521907.1_CDS_0021,"DNA, RNA and nucleotide metabolism"
MK521907.1_CDS_0022,"DNA, RNA and nucleotide metabolism"
MK521907.1_CDS_0023,"DNA, RNA and nucleotide metabolism"
MK521907.1_CDS_0024,"DNA, RNA and nucleotide metabolism"
MK521907.1_CDS_0025,"DNA, RNA and nucleotide metabolism"
MK521907.1_CDS_0026,unknown function
MK521907.1_CDS_0027,"DNA, RNA and nucleotide metabolism"
MK521907.1_CDS_0028,"DNA, RNA and nucleotide metabolism"
MK521907.1_CDS_0029,"DNA, RNA and nucleotide metabolism"
MK521907.1_CDS_0030,"DNA, RNA and nucleotide metabolism"
MK521907.1_CDS_0031,transcription regulation
MK521907.1_CDS_0032,"DNA, RNA and nucleotide metabolism"
MK521907.1_CDS_0033,"DNA, RNA and nucleotide metabolism"
MK521907.1_CDS_0034,unknown function
MK521907.1_CDS_0035,unknown function
MK521907.1_CDS_0036,"DNA, RNA and nucleotide metabolism"
MK521907.1_CDS_0037,unknown function
MK521907.1_CDS_0038,"DNA, RNA and nucleotide metabolism"
MK521907.1_CDS_0039,"DNA, RNA and nucleotide metabolism"
MK521907.1_CDS_0040,"DNA, RNA and nucleotide metabolism"
MK521907.1_CDS_0041,unknown function
MK521907.1_CDS_0042,"DNA, RNA and nucleotide metabolism"
MK521907.1_CDS_0043,unknown function
MK521907.1_CDS_0044,unknown function
MK521907.1_CDS_0045,"DNA, RNA and nucleotide metabolism"
MK521907.1_CDS_0046,unknown function
MK521907.1_CDS_0047,"moron, auxiliary metabolic gene and host takeover"
MK521907.1_CDS_0048,other
MK521907.1_CDS_0049,unknown function
MK521907.1_CDS_0050,unknown function
MK521907.1_CDS_0051,"DNA, RNA and nucleotide metabolism"
MK521907.1_CDS_0052,"DNA, RNA and nucleotide metabolism"
MK521907.1_CDS_0053,"DNA, RNA and nucleotide metabolism"
MK521907.1_CDS_0054,"DNA, RNA and nucleotide metabolism"
MK521907.1_CDS_0055,unknown function
MK521907.1_CDS_0056,"DNA, RNA and nucleotide metabolism"
MK521907.1_CDS_0057,unknown function
MK521907.1_CDS_0058,unknown function
MK521907.1_CDS_0059,unknown function
MK521907.1_CDS_0060,"DNA, RNA and nucleotide metabolism"
MK521907.1_CDS_0061,lysis
MK521907.1_CDS_0062,unknown function
MK521907.1_CDS_0063,unknown function
MK521907.1_CDS_0064,unknown function
MK521907.1_CDS_0065,unknown function
MK521907.1_CDS_0066,unknown function
MK521907.1_CDS_0067,unknown function
MK521907.1_CDS_0068,unknown function
MK521907.1_CDS_0069,unknown function
MK521907.1_CDS_0070,unknown function
MK521907.1_CDS_0071,unknown function
MK521907.1_CDS_0072,unknown function
MK521907.1_CDS_0073,transcription regulation
MK521907.1_CDS_0074,unknown function
MK521907.1_CDS_0075,unknown function
MK521907.1_CDS_0076,"DNA, RNA and nucleotide metabolism"
MK521907.1_CDS_0077,unknown function
MK521907.1_CDS_0078,"DNA, RNA and nucleotide metabolism"
MK521907.1_CDS_0079,unknown function
MK521907.1_CDS_0080,unknown function
MK521907.1_CDS_0081,unknown function
MK521907.1_CDS_0082,unknown function
MK521907.1_CDS_0083,unknown function
MK521907.1_CDS_0084,unknown function
MK521907.1_CDS_0085,unknown function
MK521907.1_CDS_0086,unknown function
MK521907.1_CDS_0087,unknown function
MK521907.1_CDS_0088,unknown function
MK521907.1_CDS_0089,unknown function
MK521907.1_CDS_0090,unknown function
MK521907.1_CDS_0091,unknown function
MK521907.1_CDS_0092,unknown function
MK521907.1_CDS_0093,unknown function
MK521907.1_CDS_0094,lysis
MK521907.1_CDS_0095,other
MK521907.1_CDS_0096,other
MK521907.1_CDS_0097,lysis
MK521907.1_CDS_0098,lysis
MK521907.1_CDS_0099,"DNA, RNA and nucleotide metabolism"
MK521907.1_CDS_0100,unknown function
MK521907.1_CDS_0101,unknown function
MK521907.1_CDS_0102,"DNA, RNA and nucleotide metabolism"
MK521907.1_CDS_0103,unknown function
MK521907.1_CDS_0104,unknown function
MK521907.1_CDS_0105,other
MK521907.1_CDS_0106,unknown function
MK521907.1_CDS_0107,unknown function
MK521907.1_CDS_0108,unknown function
MK521907.1_CDS_0109,unknown function
MK521907.1_CDS_0110,unknown function
MK521907.1_CDS_0111,unknown function
MK521907.1_CDS_0112,unknown function
MK521907.1_CDS_0113,unknown function
MK521907.1_CDS_0114,unknown function
MK521907.1_CDS_0115,unknown function
MK521907.1_CDS_0116,unknown function
MK521907.1_CDS_0117,unknown function
MK521907.1_CDS_0118,unknown function
MK521907.1_CDS_0119,unknown function
MK521907.1_CDS_0120,unknown function
MK521907.1_CDS_0121,unknown function
MK521907.1_CDS_0122,"DNA, RNA and nucleotide metabolism"
MK521907.1_CDS_0123,unknown function
MK521907.1_CDS_0124,unknown function
MK521907.1_CDS_0125,unknown function
MK521907.1_CDS_0126,unknown function
MK521907.1_CDS_0127,unknown function
MK521907.1_CDS_0128,unknown function
MK521907.1_CDS_0129,unknown function
MK521907.1_CDS_0130,"DNA, RNA and nucleotide metabolism"
MK521907.1_CDS_0131,unknown function
MK521907.1_CDS_0132,unknown function
MK521907.1_CDS_0133,"DNA, RNA and nucleotide metabolism"
MK521907.1_CDS_0134,other
MK521907.1_CDS_0135,unknown function
MK521907.1_CDS_0136,other
MK521907.1_CDS_0137,"DNA, RNA and nucleotide metabolism"
MK521907.1_CDS_0138,unknown function
MK521907.1_CDS_0139,unknown function
MK521907.1_CDS_0140,unknown function
MK521907.1_CDS_0141,head and packaging
MT108723.1_CDS_0001,head and packaging
MT108723.1_CDS_0002,head and packaging
MT108723.1_CDS_0003,unknown function
MT108723.1_CDS_0004,head and packaging
MT108723.1_CDS_0005,head and packaging
MT108723.1_CDS_0006,unknown function
MT108723.1_CDS_0007,head and packaging
MT108723.1_CDS_0008,unknown function
MT108723.1_CDS_0009,unknown function
MT108723.1_CDS_0010,tail
MT108723.1_CDS_0011,head and packaging
MT108723.1_CDS_0012,tail
MT108723.1_CDS_0013,"DNA, RNA and nucleotide metabolism"
MT108723.1_CDS_0014,"DNA, RNA and nucleotide metabolism"
MT108723.1_CDS_0015,unknown function
MT108723.1_CDS_0016,head and packaging
MT108723.1_CDS_0017,head and packaging
MT108723.1_CDS_0018,head and packaging
MT108723.1_CDS_0019,unknown function
MT108723.1_CDS_0020,unknown function
MT108723.1_CDS_0021,unknown function
MT108723.1_CDS_0022,unknown function
MT108723.1_CDS_0023,unknown function
MT108723.1_CDS_0024,other
MT108723.1_CDS_0025,"DNA, RNA and nucleotide metabolism"
MT108723.1_CDS_0026,"DNA, RNA and nucleotide metabolism"
MT108723.1_CDS_0027,unknown function
MT108723.1_CDS_0028,unknown function
MT108723.1_CDS_0029,"DNA, RNA and nucleotide metabolism"
MT108723.1_CDS_0030,"DNA, RNA and nucleotide metabolism"
MT108723.1_CDS_0031,unknown function
MT108723.1_CDS_0032,tail
MT108723.1_CDS_0033,lysis
MT108723.1_CDS_0034,unknown function
MT108723.1_CDS_0035,unknown function
MT108723.1_CDS_0036,"DNA, RNA and nucleotide metabolism"
MT108723.1_CDS_0037,"DNA, RNA and nucleotide metabolism"
MT108723.1_CDS_0038,"DNA, RNA and nucleotide metabolism"
MT108723.1_CDS_0039,unknown function
MT108723.1_CDS_0040,"moron, auxiliary metabolic gene and host takeover"
MT108723.1_CDS_0041,"moron, auxiliary metabolic gene and host takeover"
MT108723.1_CDS_0042,unknown function
MT108723.1_CDS_0043,other
MT108723.1_CDS_0044,other
MT108723.1_CDS_0045,unknown function
MT108723.1_CDS_0046,other
MT108723.1_CDS_0047,unknown function
MT108723.1_CDS_0048,unknown function
MT108723.1_CDS_0049,unknown function
MT108723.1_CDS_0050,unknown function
MT108723.1_CDS_0051,unknown function
MT108723.1_CDS_0052,unknown function
MT108723.1_CDS_0053,unknown function
MT108723.1_CDS_0054,unknown function
MT108723.1_CDS_0055,unknown function
MT108723.1_CDS_0056,unknown function
MT108723.1_CDS_0057,unknown function
MT108723.1_CDS_0058,unknown function
MT108723.1_CDS_0059,unknown function
MT108723.1_CDS_0060,unknown function
MT108723.1_CDS_0061,unknown function
MT108723.1_CDS_0062,unknown function
MT108723.1_CDS_0063,unknown function
MT108723.1_CDS_0064,unknown function
MT108723.1_CDS_0065,unknown function
MT108723.1_CDS_0066,unknown function
MT108723.1_CDS_0067,unknown function
MT108723.1_CDS_0068,head and packaging
MT108723.1_CDS_0069,lysis
MT944117.1_CDS_0001,head and packaging
MT944117.1_CDS_0002,head and packaging
MT944117.1_CDS_0003,other
MT944117.1_CDS_0004,head and packaging
MT944117.1_CDS_0005,head and packaging
MT944117.1_CDS_0006,head and packaging
MT944117.1_CDS_0007,unknown function
MT944117.1_CDS_0008,unknown function
MT944117.1_CDS_0009,connector
MT944117.1_CDS_0010,head and packaging
MT944117.1_CDS_0011,connector
MT944117.1_CDS_0012,tail
MT944117.1_CDS_0013,head and packaging
MT944117.1_CDS_0014,tail
MT944117.1_CDS_0015,tail
MT944117.1_CDS_0016,tail
MT944117.1_CDS_0017,head and packaging
MT944117.1_CDS_0018,tail
MT944117.1_CDS_0019,tail
MT944117.1_CDS_0020,tail
MT944117.1_CDS_0021,tail
MT944117.1_CDS_0022,tail
MT944117.1_CDS_0023,tail
MT944117.1_CDS_0024,tail
MT944117.1_CDS_0025,"moron, auxiliary metabolic gene and host takeover"
MT944117.1_CDS_0026,tail
MT944117.1_CDS_0027,tail
MT944117.1_CDS_0028,tail
MT944117.1_CDS_0029,tail
MT944117.1_CDS_0030,other
MT944117.1_CDS_0031,"moron, auxiliary metabolic gene and host takeover"
MT944117.1_CDS_0032,tail
MT944117.1_CDS_0033,tail
MT944117.1_CDS_0034,"DNA, RNA and nucleotide metabolism"
MT944117.1_CDS_0035,unknown function
MT944117.1_CDS_0036,"DNA, RNA and nucleotide metabolism"
MT944117.1_CDS_0037,unknown function
MT944117.1_CDS_0038,unknown function
MT944117.1_CDS_0039,unknown function
MT944117.1_CDS_0040,"DNA, RNA and nucleotide metabolism"
MT944117.1_CDS_0041,"moron, auxiliary metabolic gene and host takeover"
MT944117.1_CDS_0042,unknown function
MT944117.1_CDS_0043,"DNA, RNA and nucleotide metabolism"
MT944117.1_CDS_0044,unknown function
MT944117.1_CDS_0045,"moron, auxiliary metabolic gene and host takeover"
MT944117.1_CDS_0046,"moron, auxiliary metabolic gene and host takeover"
MT944117.1_CDS_0047,"moron, auxiliary metabolic gene and host takeover"
MT944117.1_CDS_0048,"moron, auxiliary metabolic gene and host takeover"
MT944117.1_CDS_0049,unknown function
MT944117.1_CDS_0050,unknown function
MT944117.1_CDS_0051,unknown function
MT944117.1_CDS_0052,lysis
MT944117.1_CDS_0053,"DNA, RNA and nucleotide metabolism"
MT944117.1_CDS_0054,unknown function
MT944117.1_CDS_0055,unknown function
MT944117.1_CDS_0056,"DNA, RNA and nucleotide metabolism"
MT944117.1_CDS_0057,unknown function
MT944117.1_CDS_0058,unknown function
MT944117.1_CDS_0059,unknown function
MT944117.1_CDS_0060,unknown function
MT944117.1_CDS_0061,unknown function
MT944117.1_CDS_0062,"moron, auxiliary metabolic gene and host takeover"
MT944117.1_CDS_0063,"DNA, RNA and nucleotide metabolism"
MT944117.1_CDS_0064,unknown function
MT944117.1_CDS_0065,unknown function
MT944117.1_CDS_0066,unknown function
MT944117.1_CDS_0067,unknown function
MT944117.1_CDS_0068,"moron, auxiliary metabolic gene and host takeover"
MT944117.1_CDS_0069,unknown function
MT944117.1_CDS_0070,other
MT944117.1_CDS_0071,"moron, auxiliary metabolic gene and host takeover"
MT944117.1_CDS_0072,other
MT944117.1_CDS_0073,other
MT944117.1_CDS_0074,unknown function
MT944117.1_CDS_0075,"DNA, RNA and nucleotide metabolism"
MT944117.1_CDS_0076,"moron, auxiliary metabolic gene and host takeover"
MT944117.1_CDS_0077,"DNA, RNA and nucleotide metabolism"
MT944117.1_CDS_0078,"DNA, RNA and nucleotide metabolism"
MT944117.1_CDS_0079,unknown function
MT944117.1_CDS_0080,"DNA, RNA and nucleotide metabolism"
MT944117.1_CDS_0081,unknown function
MT944117.1_CDS_0082,unknown function
MT944117.1_CDS_0083,unknown function
MT944117.1_CDS_0084,unknown function
MT944117.1_CDS_0085,unknown function
MT944117.1_CDS_0086,unknown function
MT944117.1_CDS_0087,unknown function
MT944117.1_CDS_0088,unknown function
MT944117.1_CDS_0089,unknown function
MT944117.1_CDS_0090,unknown function
MT944117.1_CDS_0091,unknown function
MT944117.1_CDS_0092,unknown function
MT944117.1_CDS_0093,unknown function
MT944117.1_CDS_0094,unknown function
MT944117.1_CDS_0095,unknown function
MT944117.1_CDS_0096,unknown function
MT944117.1_CDS_0097,unknown function
MT944117.1_CDS_0098,unknown function
MT944117.1_CDS_0099,unknown function
MT944117.1_CDS_0100,unknown function
MT944117.1_CDS_0101,unknown function
MT944117.1_CDS_0102,unknown function
MT944117.1_CDS_0103,unknown function
MT944117.1_CDS_0104,unknown function
MT944117.1_CDS_0105,unknown function
MT944117.1_CDS_0106,unknown function
MT944117.1_CDS_0107,unknown function
MT944117.1_CDS_0108,other
MT944117.1_CDS_0109,"DNA, RNA and nucleotide metabolism"
MT944117.1_CDS_0110,unknown function
MT944117.1_CDS_0111,unknown function
MT944117.1_CDS_0112,other
MT944117.1_CDS_0113,unknown function
MT944117.1_CDS_0114,unknown function
MT944117.1_CDS_0115,unknown function
MT944117.1_CDS_0116,unknown function
MT944117.1_CDS_0117,unknown function
MT944117.1_CDS_0118,unknown function
MT944117.1_CDS_0119,unknown function
MT944117.1_CDS_0120,unknown function
MT944117.1_CDS_0121,unknown function
MT944117.1_CDS_0122,unknown function
MT944117.1_CDS_0123,unknown function
MT944117.1_CDS_0124,unknown function
MT944117.1_CDS_0125,unknown function
MT944117.1_CDS_0126,unknown function
MT944117.1_CDS_0127,unknown function
MT944117.1_CDS_0128,unknown function
MT944117.1_CDS_0129,unknown function
MT944117.1_CDS_0130,unknown function
MT944117.1_CDS_0131,unknown function
MT944117.1_CDS_0132,unknown function
MT944117.1_CDS_0133,unknown function
MT944117.1_CDS_0134,unknown function
MT944117.1_CDS_0135,unknown function
MT944117.1_CDS_0136,unknown function
MT944117.1_CDS_0137,unknown function
MT944117.1_CDS_0138,unknown function
MT944117.1_CDS_0139,unknown function
MT944117.1_CDS_0140,unknown function
MT944117.1_CDS_0141,unknown function
MT944117.1_CDS_0142,unknown function
MT944117.1_CDS_0143,unknown function
MT944117.1_CDS_0144,unknown function
MT944117.1_CDS_0145,unknown function
MT944117.1_CDS_0146,unknown function
MT944117.1_CDS_0147,unknown function
MT944117.1_CDS_0148,unknown function
MT944117.1_CDS_0149,unknown function
MT944117.1_CDS_0150,unknown function
MT944117.1_CDS_0151,unknown function
MT944117.1_CDS_0152,unknown function
MT944117.1_CDS_0153,unknown function
MT944117.1_CDS_0154,unknown function
MT944117.1_CDS_0155,unknown function
MT944117.1_CDS_0156,unknown function
MT944117.1_CDS_0157,unknown function
MT944117.1_CDS_0158,unknown function
MT944117.1_CDS_0159,unknown function
MT944117.1_CDS_0160,unknown function
MT944117.1_CDS_0161,unknown function
MT944117.1_CDS_0162,unknown function
MT944117.1_CDS_0163,unknown function
MT944117.1_CDS_0164,unknown function
MT944117.1_CDS_0165,unknown function
MT944117.1_CDS_0166,unknown function
MT944117.1_CDS_0167,unknown function
MT944117.1_CDS_0168,unknown function
MT944117.1_CDS_0169,unknown function
MT944117.1_CDS_0170,unknown function
MT944117.1_CDS_0171,unknown function
MT944117.1_CDS_0172,unknown function
MT944117.1_CDS_0173,"DNA, RNA and nucleotide metabolism"
MT944117.1_CDS_0174,unknown function
MT944117.1_CDS_0175,unknown function
MT944117.1_CDS_0176,unknown function
MT944117.1_CDS_0177,unknown function
MT944117.1_CDS_0178,unknown function
MT944117.1_CDS_0179,unknown function
MT944117.1_CDS_0180,unknown function
MT944117.1_CDS_0181,unknown function
MT944117.1_CDS_0182,unknown function
MT944117.1_CDS_0183,unknown function
MT944117.1_CDS_0184,unknown function
MT944117.1_CDS_0185,"DNA, RNA and nucleotide metabolism"
MT944117.1_CDS_0186,unknown function
MT944117.1_CDS_0187,unknown function
MT944117.1_CDS_0188,unknown function
MT944117.1_CDS_0189,unknown function
MT944117.1_CDS_0190,unknown function
MT944117.1_CDS_0191,unknown function
MT944117.1_CDS_0192,unknown function
MT944117.1_CDS_0193,unknown function
MT944117.1_CDS_0194,"DNA, RNA and nucleotide metabolism"
MT944117.1_CDS_0195,unknown function
MT944117.1_CDS_0196,unknown function
MT944117.1_CDS_0197,other
MT944117.1_CDS_0198,unknown function
MT944117.1_CDS_0199,unknown function
MT944117.1_CDS_0200,unknown function
MT944117.1_CDS_0201,unknown function
MT944117.1_CDS_0202,unknown function
MT944117.1_CDS_0203,unknown function
MT944117.1_CDS_0204,unknown function
MT944117.1_CDS_0205,unknown function
MT944117.1_CDS_0206,"DNA, RNA and nucleotide metabolism"
MT944117.1_CDS_0207,unknown function
MT944117.1_CDS_0208,other
MT944117.1_CDS_0209,unknown function
MT944117.1_CDS_0210,"DNA, RNA and nucleotide metabolism"
MT944117.1_CDS_0211,unknown function
MT944117.1_CDS_0212,unknown function
MT944117.1_CDS_0213,other
MT944117.1_CDS_0214,unknown function
MT944117.1_CDS_0215,other
MT944117.1_CDS_0216,unknown function
MT944117.1_CDS_0217,other
MT944117.1_CDS_0218,lysis
MT944117.1_CDS_0219,unknown function
MT944117.1_CDS_0220,"DNA, RNA and nucleotide metabolism"
MT944117.1_CDS_0221,"DNA, RNA and nucleotide metabolism"
MT944117.1_CDS_0222,"moron, auxiliary metabolic gene and host takeover"
MT944117.1_CDS_0223,"moron, auxiliary metabolic gene and host takeover"
MT944117.1_CDS_0224,"DNA, RNA and nucleotide metabolism"
MT944117.1_CDS_0225,unknown function
MT944117.1_CDS_0226,unknown function
MT944117.1_CDS_0227,unknown function
MT944117.1_CDS_0228,unknown function
MT944117.1_CDS_0229,"DNA, RNA and nucleotide metabolism"
MT944117.1_CDS_0230,unknown function
MT944117.1_CDS_0231,"DNA, RNA and nucleotide metabolism"
MT944117.1_CDS_0232,unknown function
MT944117.1_CDS_0233,unknown function
MT944117.1_CDS_0234,"DNA, RNA and nucleotide metabolism"
MT944117.1_CDS_0235,unknown function
MT944117.1_CDS_0236,"DNA, RNA and nucleotide metabolism"
MT944117.1_CDS_0237,other
MT944117.1_CDS_0238,unknown function
MT944117.1_CDS_0239,"DNA, RNA and nucleotide metabolism"
MT944117.1_CDS_0240,"DNA, RNA and nucleotide metabolism"
MT944117.1_CDS_0241,unknown function
MT944117.1_CDS_0242,"DNA, RNA and nucleotide metabolism"
MT944117.1_CDS_0243,other
MT944117.1_CDS_0244,unknown function
MT944117.1_CDS_0245,"DNA, RNA and nucleotide metabolism"
MT944117.1_CDS_0246,unknown function
MT944117.1_CDS_0247,unknown function
MT944117.1_CDS_0248,other
MT944117.1_CDS_0249,other
MT944117.1_CDS_0250,tail
MT944117.1_CDS_0251,other
MT944117.1_CDS_0252,unknown function
MT944117.1_CDS_0253,unknown function
MT944117.1_CDS_0254,other
MT944117.1_CDS_0255,unknown function
MT944117.1_CDS_0256,unknown function
MT944117.1_CDS_0257,unknown function
MT944117.1_CDS_0258,unknown function
MT944117.1_CDS_0259,unknown function
MT944117.1_CDS_0260,unknown function
MT944117.1_CDS_0261,unknown function
MT944117.1_CDS_0262,unknown function
MT944117.1_CDS_0263,unknown function
MT944117.1_CDS_0264,unknown function
MT944117.1_CDS_0265,unknown function
MT944117.1_CDS_0266,unknown function
MT944117.1_CDS_0267,lysis
MT944117.1_CDS_0268,lysis
OK272482.1_CDS_0001,head and packaging
OK272482.1_CDS_0002,head and packaging
OK272482.1_CDS_0003,other
OK272482.1_CDS_0004,unknown function
OK272482.1_CDS_0005,head and packaging
OK272482.1_CDS_0006,head and packaging
OK272482.1_CDS_0007,unknown function
OK272482.1_CDS_0008,unknown function
OK272482.1_CDS_0009,connector
OK272482.1_CDS_0010,head and packaging
OK272482.1_CDS_0011,connector
OK272482.1_CDS_0012,tail
OK272482.1_CDS_0013,head and packaging
OK272482.1_CDS_0014,tail
OK272482.1_CDS_0015,unknown function
OK272482.1_CDS_0016,tail
OK272482.1_CDS_0017,tail
OK272482.1_CDS_0018,head and packaging
OK272482.1_CDS_0019,tail
OK272482.1_CDS_0020,tail
OK272482.1_CDS_0021,tail
OK272482.1_CDS_0022,tail
OK272482.1_CDS_0023,tail
OK272482.1_CDS_0024,tail
OK272482.1_CDS_0025,unknown function
OK272482.1_CDS_0026,tail
OK272482.1_CDS_0027,tail
OK272482.1_CDS_0028,head and packaging
OK272482.1_CDS_0029,tail
OK272482.1_CDS_0030,tail
OK272482.1_CDS_0031,tail
OK272482.1_CDS_0032,tail
OK272482.1_CDS_0033,tail
OK272482.1_CDS_0034,tail
OK272482.1_CDS_0035,unknown function
OK272482.1_CDS_0036,tail
OK272482.1_CDS_0037,"moron, auxiliary metabolic gene and host takeover"
OK272482.1_CDS_0038,tail
OK272482.1_CDS_0039,head and packaging
OK272482.1_CDS_0040,unknown function
OK272482.1_CDS_0041,unknown function
OK272482.1_CDS_0042,unknown function
OK272482.1_CDS_0043,unknown function
OK272482.1_CDS_0044,unknown function
OK272482.1_CDS_0045,unknown function
OK272482.1_CDS_0046,unknown function
OK272482.1_CDS_0047,unknown function
OK272482.1_CDS_0048,unknown function
OK272482.1_CDS_0049,tail
OK272482.1_CDS_0050,unknown function
OK272482.1_CDS_0051,unknown function
OK272482.1_CDS_0052,unknown function
OK272482.1_CDS_0053,unknown function
OK272482.1_CDS_0054,"DNA, RNA and nucleotide metabolism"
OK272482.1_CDS_0055,"DNA, RNA and nucleotide metabolism"
OK272482.1_CDS_0056,unknown function
OK272482.1_CDS_0057,unknown function
OK272482.1_CDS_0058,unknown function
OK272482.1_CDS_0059,unknown function
OK272482.1_CDS_0060,unknown function
OK272482.1_CDS_0061,unknown function
OK272482.1_CDS_0062,other
OK272482.1_CDS_0063,unknown function
OK272482.1_CDS_0064,lysis
OK272482.1_CDS_0065,lysis
OK272482.1_CDS_0066,lysis
OK272482.1_CDS_0067,"DNA, RNA and nucleotide metabolism"
OK272482.1_CDS_0068,unknown function
OK272482.1_CDS_0069,other
OK272482.1_CDS_0070,unknown function
OK272482.1_CDS_0071,"DNA, RNA and nucleotide metabolism"
OK272482.1_CDS_0072,unknown function
OK272482.1_CDS_0073,other
OK272482.1_CDS_0074,"DNA, RNA and nucleotide metabolism"
OK272482.1_CDS_0075,"DNA, RNA and nucleotide metabolism"
OK272482.1_CDS_0076,unknown function
OK272482.1_CDS_0077,unknown function
OK272482.1_CDS_0078,unknown function
OK272482.1_CDS_0079,unknown function
OK272482.1_CDS_0080,unknown function
OK272482.1_CDS_0081,unknown function
OK272482.1_CDS_0082,unknown function
OK272482.1_CDS_0083,unknown function
OK272482.1_CDS_0084,unknown function
OK272482.1_CDS_0085,unknown function
OK272482.1_CDS_0086,unknown function
OK272482.1_CDS_0087,"DNA, RNA and nucleotide metabolism"
OK272482.1_CDS_0088,unknown function
OK272482.1_CDS_0089,unknown function
OK272482.1_CDS_0090,unknown function
OK272482.1_CDS_0091,other
OK272482.1_CDS_0092,unknown function
OK272482.1_CDS_0093,unknown function
OK272482.1_CDS_0094,unknown function
OK272482.1_CDS_0095,unknown function
OK272482.1_CDS_0096,unknown function
OK272482.1_CDS_0097,unknown function
OK272482.1_CDS_0098,unknown function
OK272482.1_CDS_0099,unknown function
OK272482.1_CDS_0100,unknown function
OK272482.1_CDS_0101,unknown function
OK272482.1_CDS_0102,unknown function
OK272482.1_CDS_0103,unknown function
OK272482.1_CDS_0104,unknown function
OK272482.1_CDS_0105,unknown function
OK272482.1_CDS_0106,unknown function
OK272482.1_CDS_0107,unknown function
OK272482.1_CDS_0108,unknown function
OK272482.1_CDS_0109,unknown function
OK272482.1_CDS_0110,unknown function
OK272482.1_CDS_0111,unknown function
OK272482.1_CDS_0112,unknown function
OK272482.1_CDS_0113,unknown function
OK272482.1_CDS_0114,unknown function
OK272482.1_CDS_0115,unknown function
OK272482.1_CDS_0116,unknown function
OK272482.1_CDS_0117,unknown function
OK272482.1_CDS_0118,unknown function
OK272482.1_CDS_0119,unknown function
OK272482.1_CDS_0120,unknown function
OK272482.1_CDS_0121,unknown function
OK272482.1_CDS_0122,unknown function
OK272482.1_CDS_0123,unknown function
OK272482.1_CDS_0124,unknown function
OK272482.1_CDS_0125,unknown function
OK272482.1_CDS_0126,unknown function
OK272482.1_CDS_0127,unknown function
OK272482.1_CDS_0128,unknown function
OK272482.1_CDS_0129,unknown function
OK272482.1_CDS_0130,transcription regulation
OK272482.1_CDS_0131,unknown function
OK272482.1_CDS_0132,unknown function
OK272482.1_CDS_0133,unknown function
OK272482.1_CDS_0134,unknown function
OK272482.1_CDS_0135,unknown function
OK272482.1_CDS_0136,unknown function
OK272482.1_CDS_0137,unknown function
OK272482.1_CDS_0138,unknown function
OK272482.1_CDS_0139,unknown function
OK272482.1_CDS_0140,unknown function
OK272482.1_CDS_0141,unknown function
OK272482.1_CDS_0142,other
OK272482.1_CDS_0143,unknown function
OK272482.1_CDS_0144,unknown function
OK272482.1_CDS_0145,unknown function
OK272482.1_CDS_0146,unknown function
OK272482.1_CDS_0147,unknown function
OK272482.1_CDS_0148,unknown function
OK272482.1_CDS_0149,unknown function
OK272482.1_CDS_0150,unknown function
OK272482.1_CDS_0151,unknown function
OK272482.1_CDS_0152,unknown function
OK272482.1_CDS_0153,head and packaging
OK272482.1_CDS_0154,unknown function
OK272482.1_CDS_0155,unknown function
OK272482.1_CDS_0156,unknown function
OK272482.1_CDS_0157,unknown function
OK272482.1_CDS_0158,unknown function
OK272482.1_CDS_0159,unknown function
OK272482.1_CDS_0160,unknown function
OK272482.1_CDS_0161,unknown function
OK272482.1_CDS_0162,other
OK272482.1_CDS_0163,other
OK272482.1_CDS_0164,connector
OK272482.1_CDS_0165,other
OK272482.1_CDS_0166,unknown function
OK272482.1_CDS_0167,unknown function
OK272482.1_CDS_0168,"DNA, RNA and nucleotide metabolism"
OK272482.1_CDS_0169,"moron, auxiliary metabolic gene and host takeover"
OK272482.1_CDS_0170,"DNA, RNA and nucleotide metabolism"
OK272482.1_CDS_0171,"DNA, RNA and nucleotide metabolism"
OK272482.1_CDS_0172,"DNA, RNA and nucleotide metabolism"
OK272482.1_CDS_0173,unknown function
OK272482.1_CDS_0174,unknown function
OK272482.1_CDS_0175,"DNA, RNA and nucleotide metabolism"
OK272482.1_CDS_0176,unknown function
OK272482.1_CDS_0177,unknown function
OK272482.1_CDS_0178,other
OK272482.1_CDS_0179,unknown function
OK272482.1_CDS_0180,unknown function
OK272482.1_CDS_0181,"moron, auxiliary metabolic gene and host takeover"
OK272482.1_CDS_0182,"DNA, RNA and nucleotide metabolism"
OK272482.1_CDS_0183,"DNA, RNA and nucleotide metabolism"
OK272482.1_CDS_0184,"DNA, RNA and nucleotide metabolism"
OK272482.1_CDS_0185,"DNA, RNA and nucleotide metabolism"
OK272482.1_CDS_0186,unknown function
OK272482.1_CDS_0187,"DNA, RNA and nucleotide metabolism"
OK272482.1_CDS_0188,integration and excision
OK272482.1_CDS_0189,unknown function
OK272482.1_CDS_0190,"DNA, RNA and nucleotide metabolism"
OK272482.1_CDS_0191,unknown function
OK272482.1_CDS_0192,lysis
OK272482.1_CDS_0193,"DNA, RNA and nucleotide metabolism"
OK272482.1_CDS_0194,unknown function
OK272482.1_CDS_0195,unknown function
OK272482.1_CDS_0196,other
OK272482.1_CDS_0197,"DNA, RNA and nucleotide metabolism"
OK272482.1_CDS_0198,other
OK272482.1_CDS_0199,tail
OK272482.1_CDS_0200,other
OK272482.1_CDS_0201,other
OK272482.1_CDS_0202,"DNA, RNA and nucleotide metabolism"
OK272482.1_CDS_0203,unknown function
OK272482.1_CDS_0204,unknown function
OK272482.1_CDS_0205,unknown function
OK272482.1_CDS_0206,unknown function
OK272482.1_CDS_0207,unknown function
OK272482.1_CDS_0208,unknown function
OK272482.1_CDS_0209,lysis
OK272482.1_CDS_0210,lysis
OP455935.1_CDS_0001,head and packaging
OP455935.1_CDS_0002,head and packaging
OP455935.1_CDS_0003,unknown function
OP455935.1_CDS_0004,head and packaging
OP455935.1_CDS_0005,head and packaging
OP455935.1_CDS_0006,unknown function
OP455935.1_CDS_0007,head and packaging
OP455935.1_CDS_0008,unknown function
OP455935.1_CDS_0009,unknown function
OP455935.1_CDS_0010,tail
OP455935.1_CDS_0011,head and packaging
OP455935.1_CDS_0012,tail
OP455935.1_CDS_0013,"DNA, RNA and nucleotide metabolism"
OP455935.1_CDS_0014,"DNA, RNA and nucleotide metabolism"
OP455935.1_CDS_0015,head and packaging
OP455935.1_CDS_0016,head and packaging
OP455935.1_CDS_0017,head and packaging
OP455935.1_CDS_0018,head and packaging
OP455935.1_CDS_0019,unknown function
OP455935.1_CDS_0020,unknown function
OP455935.1_CDS_0021,unknown function
OP455935.1_CDS_0022,unknown function
OP455935.1_CDS_0023,unknown function
OP455935.1_CDS_0024,other
OP455935.1_CDS_0025,"DNA, RNA and nucleotide metabolism"
OP455935.1_CDS_0026,"DNA, RNA and nucleotide metabolism"
OP455935.1_CDS_0027,unknown function
OP455935.1_CDS_0028,lysis
OP455935.1_CDS_0029,"DNA, RNA and nucleotide metabolism"
OP455935.1_CDS_0030,"DNA, RNA and nucleotide metabolism"
OP455935.1_CDS_0031,unknown function
OP455935.1_CDS_0032,unknown function
OP455935.1_CDS_0033,lysis
OP455935.1_CDS_0034,"DNA, RNA and nucleotide metabolism"
OP455935.1_CDS_0035,unknown function
OP455935.1_CDS_0036,unknown function
OP455935.1_CDS_0037,unknown function
OP455935.1_CDS_0038,"DNA, RNA and nucleotide metabolism"
OP455935.1_CDS_0039,"DNA, RNA and nucleotide metabolism"
OP455935.1_CDS_0040,"DNA, RNA and nucleotide metabolism"
OP455935.1_CDS_0041,unknown function
OP455935.1_CDS_0042,"moron, auxiliary metabolic gene and host takeover"
OP455935.1_CDS_0043,"moron, auxiliary metabolic gene and host takeover"
OP455935.1_CDS_0044,unknown function
OP455935.1_CDS_0045,other
OP455935.1_CDS_0046,other
OP455935.1_CDS_0047,unknown function
OP455935.1_CDS_0048,other
OP455935.1_CDS_0049,unknown function
OP455935.1_CDS_0050,unknown function
OP455935.1_CDS_0051,unknown function
OP455935.1_CDS_0052,unknown function
OP455935.1_CDS_0053,unknown function
OP455935.1_CDS_0054,unknown function
OP455935.1_CDS_0055,unknown function
OP455935.1_CDS_0056,unknown function
OP455935.1_CDS_0057,unknown function
OP455935.1_CDS_0058,unknown function
OP455935.1_CDS_0059,unknown function
OP455935.1_CDS_0060,unknown function
OP455935.1_CDS_0061,unknown function
OP455935.1_CDS_0062,unknown function
OP455935.1_CDS_0063,unknown function
OP455935.1_CDS_0064,unknown function
OP455935.1_CDS_0065,unknown function
OP455935.1_CDS_0066,unknown function
OP455935.1_CDS_0067,unknown function
OP455935.1_CDS_0068,unknown function
OP455935.1_CDS_0069,unknown function
OP455935.1_CDS_0070,head and packaging
OP455935.1_CDS_0071,lysis
