cds_id,function
Pharokka_BW1B_ECM1_CDS_0001,head and packaging
Pharokka_BW1B_ECM1_CDS_0002,head and packaging
Pharokka_BW1B_ECM1_CDS_0003,unknown function
Pharokka_BW1B_ECM1_CDS_0004,head and packaging
Pharokka_BW1B_ECM1_CDS_0005,head and packaging
Pharokka_BW1B_ECM1_CDS_0006,connector
Pharokka_BW1B_ECM1_CDS_0007,connector
Pharokka_BW1B_ECM1_CDS_0008,head and packaging
Pharokka_BW1B_ECM1_CDS_0009,connector
Pharokka_BW1B_ECM1_CDS_0010,tail
Pharokka_BW1B_ECM1_CDS_0011,tail
Pharokka_BW1B_ECM1_CDS_0012,head and packaging
Pharokka_BW1B_ECM1_CDS_0013,tail
Pharokka_BW1B_ECM1_CDS_0014,tail
Pharokka_BW1B_ECM1_CDS_0015,head and packaging
Pharokka_BW1B_ECM1_CDS_0016,tail
Pharokka_BW1B_ECM1_CDS_0017,unknown function
Pharokka_BW1B_ECM1_CDS_0018,tail
Pharokka_BW1B_ECM1_CDS_0019,tail
Pharokka_BW1B_ECM1_CDS_0020,unknown function
Pharokka_BW1B_ECM1_CDS_0021,tail
Pharokka_BW1B_ECM1_CDS_0022,tail
Pharokka_BW1B_ECM1_CDS_0023,tail
Pharokka_BW1B_ECM1_CDS_0024,tail
Pharokka_BW1B_ECM1_CDS_0025,head and packaging
Pharokka_BW1B_ECM1_CDS_0026,tail
Pharokka_BW1B_ECM1_CDS_0027,tail
Pharokka_BW1B_ECM1_CDS_0028,tail
Pharokka_BW1B_ECM1_CDS_0029,lysis
Pharokka_BW1B_ECM1_CDS_0030,lysis
Pharokka_BW1B_ECM1_CDS_0031,lysis
Pharokka_BW1B_ECM1_CDS_0032,lysis
Pharokka_BW1B_ECM1_CDS_0033,other
Pharokka_BW1B_ECM1_CDS_0034,unknown function
Pharokka_BW1B_ECM1_CDS_0035,"DNA, RNA and nucleotide metabolism"
Pharokka_BW1B_ECM1_CDS_0036,"DNA, RNA and nucleotide metabolism"
Pharokka_BW1B_ECM1_CDS_0037,"DNA, RNA and nucleotide metabolism"
Pharokka_BW1B_ECM1_CDS_0038,other
Pharokka_BW1B_ECM1_CDS_0039,unknown function
Pharokka_BW1B_ECM1_CDS_0040,unknown function
Pharokka_BW1B_ECM1_CDS_0041,unknown function
Pharokka_BW1B_ECM1_CDS_0042,unknown function
Pharokka_BW1B_ECM1_CDS_0043,unknown function
Pharokka_BW1B_ECM1_CDS_0044,unknown function
Pharokka_BW1B_ECM1_CDS_0045,unknown function
Pharokka_BW1B_ECM1_CDS_0046,"DNA, RNA and nucleotide metabolism"
Pharokka_BW1B_ECM1_CDS_0047,"DNA, RNA and nucleotide metabolism"
Pharokka_BW1B_ECM1_CDS_0048,"DNA, RNA and nucleotide metabolism"
Pharokka_BW1B_ECM1_CDS_0049,"DNA, RNA and nucleotide metabolism"
Pharokka_BW1B_ECM1_CDS_0050,"DNA, RNA and nucleotide metabolism"
Pharokka_BW1B_ECM1_CDS_0051,unknown function
Pharokka_BW1B_ECM1_CDS_0052,unknown function
Pharokka_BW1B_ECM1_CDS_0053,head and packaging
Pharokka_BW1B_ECM1_CDS_0054,unknown function
Pharokka_BW1B_ECM1_CDS_0055,unknown function
Pharokka_BW1B_ECM1_CDS_0056,unknown function
Pharokka_BW1B_ECM1_CDS_0057,unknown function
Pharokka_BW1B_ECM1_CDS_0058,unknown function
Pharokka_BW1B_ECM1_CDS_0059,unknown function
Pharokka_BW1B_ECM1_CDS_0060,unknown function
Pharokka_BW1B_ECM1_CDS_0061,"DNA, RNA and nucleotide metabolism"
Pharokka_BW1B_ECM1_CDS_0062,unknown function
Pharokka_BW1B_ECM1_CDS_0063,"DNA, RNA and nucleotide metabolism"
Pharokka_BW1B_ECM1_CDS_0064,unknown function
Pharokka_BW1B_ECM1_CDS_0065,unknown function
Pharokka_BW1B_ECM1_CDS_0066,unknown function
Pharokka_BW1B_ECM1_CDS_0067,"moron, auxiliary metabolic gene and host takeover"
Pharokka_BW1B_ECM1_CDS_0068,unknown function
Pharokka_BW1B_ECM1_CDS_0069,unknown function
Pharokka_BW1B_ECM1_CDS_0070,unknown function
Pharokka_BW1B_ECM1_CDS_0071,unknown function
Pharokka_BW1B_ECM1_CDS_0072,unknown function
Pharokka_BW1B_ECM1_CDS_0073,unknown function
Pharokka_BW1B_ECM1_CDS_0074,unknown function
Pharokka_BW1B_ECM1_CDS_0075,unknown function
Pharokka_BW1B_ECM1_CDS_0076,unknown function
Pharokka_BW1B_ECM1_CDS_0077,unknown function
Pharokka_BW1B_ECM1_CDS_0078,unknown function
Pharokka_BW1B_ECM1_CDS_0079,unknown function
Pharokka_BW1B_ECM1_CDS_0080,"DNA, RNA and nucleotide metabolism"
Pharokka_BW1B_ECM1_CDS_0081,other
Pharokka_BW1B_ECM1_CDS_0082,unknown function
Pharokka_BW1B_ECM1_CDS_0083,unknown function
Pharokka_BW1B_ECM1_CDS_0084,unknown function
Pharokka_9B_ECM1_CDS_0001,head and packaging
Pharokka_9B_ECM1_CDS_0002,unknown function
Pharokka_9B_ECM1_CDS_0003,lysis
Pharokka_9B_ECM1_CDS_0004,unknown function
Pharokka_9B_ECM1_CDS_0005,unknown function
Pharokka_9B_ECM1_CDS_0006,unknown function
Pharokka_9B_ECM1_CDS_0007,unknown function
Pharokka_9B_ECM1_CDS_0008,unknown function
Pharokka_9B_ECM1_CDS_0009,unknown function
Pharokka_9B_ECM1_CDS_0010,unknown function
Pharokka_9B_ECM1_CDS_0011,unknown function
Pharokka_9B_ECM1_CDS_0012,unknown function
Pharokka_9B_ECM1_CDS_0013,"DNA, RNA and nucleotide metabolism"
Pharokka_9B_ECM1_CDS_0014,unknown function
Pharokka_9B_ECM1_CDS_0015,unknown function
Pharokka_9B_ECM1_CDS_0016,unknown function
Pharokka_9B_ECM1_CDS_0017,unknown function
Pharokka_9B_ECM1_CDS_0018,unknown function
Pharokka_9B_ECM1_CDS_0019,other
Pharokka_9B_ECM1_CDS_0020,unknown function
Pharokka_9B_ECM1_CDS_0021,unknown function
Pharokka_9B_ECM1_CDS_0022,"moron, auxiliary metabolic gene and host takeover"
Pharokka_9B_ECM1_CDS_0023,unknown function
Pharokka_9B_ECM1_CDS_0024,unknown function
Pharokka_9B_ECM1_CDS_0025,unknown function
Pharokka_9B_ECM1_CDS_0026,"DNA, RNA and nucleotide metabolism"
Pharokka_9B_ECM1_CDS_0027,"DNA, RNA and nucleotide metabolism"
Pharokka_9B_ECM1_CDS_0028,unknown function
Pharokka_9B_ECM1_CDS_0029,unknown function
Pharokka_9B_ECM1_CDS_0030,"DNA, RNA and nucleotide metabolism"
Pharokka_9B_ECM1_CDS_0031,"DNA, RNA and nucleotide metabolism"
Pharokka_9B_ECM1_CDS_0032,"DNA, RNA and nucleotide metabolism"
Pharokka_9B_ECM1_CDS_0033,"DNA, RNA and nucleotide metabolism"
Pharokka_9B_ECM1_CDS_0034,unknown function
Pharokka_9B_ECM1_CDS_0035,"DNA, RNA and nucleotide metabolism"
Pharokka_9B_ECM1_CDS_0036,other
Pharokka_9B_ECM1_CDS_0037,unknown function
Pharokka_9B_ECM1_CDS_0038,unknown function
Pharokka_9B_ECM1_CDS_0039,other
Pharokka_9B_ECM1_CDS_0040,"DNA, RNA and nucleotide metabolism"
Pharokka_9B_ECM1_CDS_0041,unknown function
Pharokka_9B_ECM1_CDS_0042,"moron, auxiliary metabolic gene and host takeover"
Pharokka_9B_ECM1_CDS_0043,unknown function
Pharokka_9B_ECM1_CDS_0044,connector
Pharokka_9B_ECM1_CDS_0045,head and packaging
Pharokka_9B_ECM1_CDS_0046,head and packaging
Pharokka_9B_ECM1_CDS_0047,tail
Pharokka_9B_ECM1_CDS_0048,tail
Pharokka_9B_ECM1_CDS_0049,head and packaging
Pharokka_9B_ECM1_CDS_0050,head and packaging
Pharokka_9B_ECM1_CDS_0051,head and packaging
Pharokka_9B_ECM1_CDS_0052,tail
Pharokka_9B_ECM1_CDS_0053,tail
Pharokka_9B_ECM1_CDS_0054,lysis
Pharokka_9B_ECM1_CDS_0055,head and packaging
Pharokka_ST001-ECM1_3_CDS_0001,head and packaging
Pharokka_ST001-ECM1_3_CDS_0002,connector
Pharokka_ST001-ECM1_3_CDS_0003,head and packaging
Pharokka_ST001-ECM1_3_CDS_0004,head and packaging
Pharokka_ST001-ECM1_3_CDS_0005,head and packaging
Pharokka_ST001-ECM1_3_CDS_0006,tail
Pharokka_ST001-ECM1_3_CDS_0007,connector
Pharokka_ST001-ECM1_3_CDS_0008,connector
Pharokka_ST001-ECM1_3_CDS_0009,tail
Pharokka_ST001-ECM1_3_CDS_0010,tail
Pharokka_ST001-ECM1_3_CDS_0011,tail
Pharokka_ST001-ECM1_3_CDS_0012,tail
Pharokka_ST001-ECM1_3_CDS_0013,tail
Pharokka_ST001-ECM1_3_CDS_0014,tail
Pharokka_ST001-ECM1_3_CDS_0015,tail
Pharokka_ST001-ECM1_3_CDS_0016,tail
Pharokka_ST001-ECM1_3_CDS_0017,tail
Pharokka_ST001-ECM1_3_CDS_0018,other
Pharokka_ST001-ECM1_3_CDS_0019,tail
Pharokka_ST001-ECM1_3_CDS_0020,unknown function
Pharokka_ST001-ECM1_3_CDS_0021,unknown function
Pharokka_ST001-ECM1_3_CDS_0022,"DNA, RNA and nucleotide metabolism"
Pharokka_ST001-ECM1_3_CDS_0023,integration and excision
Pharokka_ST001-ECM1_3_CDS_0024,unknown function
Pharokka_ST001-ECM1_3_CDS_0025,unknown function
Pharokka_ST001-ECM1_3_CDS_0026,unknown function
Pharokka_ST001-ECM1_3_CDS_0027,
Pharokka_ST001-ECM1_3_CDS_0028,"moron, auxiliary metabolic gene and host takeover"
Pharokka_ST001-ECM1_3_CDS_0029,unknown function
Pharokka_ST001-ECM1_3_CDS_0030,integration and excision
Pharokka_ST001-ECM1_3_CDS_0031,"DNA, RNA and nucleotide metabolism"
Pharokka_ST001-ECM1_3_CDS_0032,unknown function
Pharokka_ST001-ECM1_3_CDS_0033,unknown function
Pharokka_ST001-ECM1_3_CDS_0034,unknown function
Pharokka_ST001-ECM1_3_CDS_0035,unknown function
Pharokka_ST001-ECM1_3_CDS_0036,unknown function
Pharokka_ST001-ECM1_3_CDS_0037,other
Pharokka_ST001-ECM1_3_CDS_0038,unknown function
Pharokka_ST001-ECM1_3_CDS_0039,unknown function
Pharokka_ST001-ECM1_3_CDS_0040,unknown function
Pharokka_ST001-ECM1_3_CDS_0041,unknown function
Pharokka_ST001-ECM1_3_CDS_0042,unknown function
Pharokka_ST001-ECM1_3_CDS_0043,transcription regulation
Pharokka_ST001-ECM1_3_CDS_0044,unknown function
Pharokka_ST001-ECM1_3_CDS_0045,transcription regulation
Pharokka_ST001-ECM1_3_CDS_0046,transcription regulation
Pharokka_ST001-ECM1_3_CDS_0047,transcription regulation
Pharokka_ST001-ECM1_3_CDS_0048,unknown function
Pharokka_ST001-ECM1_3_CDS_0049,"DNA, RNA and nucleotide metabolism"
Pharokka_ST001-ECM1_3_CDS_0050,transcription regulation
Pharokka_ST001-ECM1_3_CDS_0051,other
Pharokka_ST001-ECM1_3_CDS_0052,transcription regulation
Pharokka_ST001-ECM1_3_CDS_0053,"DNA, RNA and nucleotide metabolism"
Pharokka_ST001-ECM1_3_CDS_0054,transcription regulation
Pharokka_ST001-ECM1_3_CDS_0055,"DNA, RNA and nucleotide metabolism"
Pharokka_ST001-ECM1_3_CDS_0056,transcription regulation
Pharokka_ST001-ECM1_3_CDS_0057,"DNA, RNA and nucleotide metabolism"
Pharokka_ST001-ECM1_3_CDS_0058,unknown function
Pharokka_ST001-ECM1_3_CDS_0059,unknown function
Pharokka_ST001-ECM1_3_CDS_0060,"DNA, RNA and nucleotide metabolism"
Pharokka_ST001-ECM1_3_CDS_0061,other
Pharokka_ST001-ECM1_3_CDS_0062,lysis
Pharokka_ST001-ECM1_3_CDS_0063,unknown function
Pharokka_ST001-ECM1_3_CDS_0064,lysis
Pharokka_ST001-ECM1_3_CDS_0065,lysis
Pharokka_ST001-ECM1_3_CDS_0066,unknown function
Pharokka_ST001-ECM1_3_CDS_0067,unknown function
Pharokka_ST001-ECM1_3_CDS_0068,head and packaging
Pharokka_Escherichia_phage_vB_EcoM-Ro121lw_CDS_0001,head and packaging
Pharokka_Escherichia_phage_vB_EcoM-Ro121lw_CDS_0002,head and packaging
Pharokka_Escherichia_phage_vB_EcoM-Ro121lw_CDS_0003,other
Pharokka_Escherichia_phage_vB_EcoM-Ro121lw_CDS_0004,head and packaging
Pharokka_Escherichia_phage_vB_EcoM-Ro121lw_CDS_0005,head and packaging
Pharokka_Escherichia_phage_vB_EcoM-Ro121lw_CDS_0006,head and packaging
Pharokka_Escherichia_phage_vB_EcoM-Ro121lw_CDS_0007,unknown function
Pharokka_Escherichia_phage_vB_EcoM-Ro121lw_CDS_0008,unknown function
Pharokka_Escherichia_phage_vB_EcoM-Ro121lw_CDS_0009,connector
Pharokka_Escherichia_phage_vB_EcoM-Ro121lw_CDS_0010,head and packaging
Pharokka_Escherichia_phage_vB_EcoM-Ro121lw_CDS_0011,connector
Pharokka_Escherichia_phage_vB_EcoM-Ro121lw_CDS_0012,tail
Pharokka_Escherichia_phage_vB_EcoM-Ro121lw_CDS_0013,head and packaging
Pharokka_Escherichia_phage_vB_EcoM-Ro121lw_CDS_0014,tail
Pharokka_Escherichia_phage_vB_EcoM-Ro121lw_CDS_0015,unknown function
Pharokka_Escherichia_phage_vB_EcoM-Ro121lw_CDS_0016,tail
Pharokka_Escherichia_phage_vB_EcoM-Ro121lw_CDS_0017,unknown function
Pharokka_Escherichia_phage_vB_EcoM-Ro121lw_CDS_0018,tail
Pharokka_Escherichia_phage_vB_EcoM-Ro121lw_CDS_0019,head and packaging
Pharokka_Escherichia_phage_vB_EcoM-Ro121lw_CDS_0020,tail
Pharokka_Escherichia_phage_vB_EcoM-Ro121lw_CDS_0021,tail
Pharokka_Escherichia_phage_vB_EcoM-Ro121lw_CDS_0022,tail
Pharokka_Escherichia_phage_vB_EcoM-Ro121lw_CDS_0023,tail
Pharokka_Escherichia_phage_vB_EcoM-Ro121lw_CDS_0024,tail
Pharokka_Escherichia_phage_vB_EcoM-Ro121lw_CDS_0025,tail
Pharokka_Escherichia_phage_vB_EcoM-Ro121lw_CDS_0026,"moron, auxiliary metabolic gene and host takeover"
Pharokka_Escherichia_phage_vB_EcoM-Ro121lw_CDS_0027,tail
Pharokka_Escherichia_phage_vB_EcoM-Ro121lw_CDS_0028,tail
Pharokka_Escherichia_phage_vB_EcoM-Ro121lw_CDS_0029,tail
Pharokka_Escherichia_phage_vB_EcoM-Ro121lw_CDS_0030,tail
Pharokka_Escherichia_phage_vB_EcoM-Ro121lw_CDS_0031,other
Pharokka_Escherichia_phage_vB_EcoM-Ro121lw_CDS_0032,"moron, auxiliary metabolic gene and host takeover"
Pharokka_Escherichia_phage_vB_EcoM-Ro121lw_CDS_0033,tail
Pharokka_Escherichia_phage_vB_EcoM-Ro121lw_CDS_0034,tail
Pharokka_Escherichia_phage_vB_EcoM-Ro121lw_CDS_0035,tail
Pharokka_Escherichia_phage_vB_EcoM-Ro121lw_CDS_0036,"DNA, RNA and nucleotide metabolism"
Pharokka_Escherichia_phage_vB_EcoM-Ro121lw_CDS_0037,unknown function
Pharokka_Escherichia_phage_vB_EcoM-Ro121lw_CDS_0038,"DNA, RNA and nucleotide metabolism"
Pharokka_Escherichia_phage_vB_EcoM-Ro121lw_CDS_0039,unknown function
Pharokka_Escherichia_phage_vB_EcoM-Ro121lw_CDS_0040,unknown function
Pharokka_Escherichia_phage_vB_EcoM-Ro121lw_CDS_0041,unknown function
Pharokka_Escherichia_phage_vB_EcoM-Ro121lw_CDS_0042,"DNA, RNA and nucleotide metabolism"
Pharokka_Escherichia_phage_vB_EcoM-Ro121lw_CDS_0043,"moron, auxiliary metabolic gene and host takeover"
Pharokka_Escherichia_phage_vB_EcoM-Ro121lw_CDS_0044,unknown function
Pharokka_Escherichia_phage_vB_EcoM-Ro121lw_CDS_0045,"DNA, RNA and nucleotide metabolism"
Pharokka_Escherichia_phage_vB_EcoM-Ro121lw_CDS_0046,unknown function
Pharokka_Escherichia_phage_vB_EcoM-Ro121lw_CDS_0047,"moron, auxiliary metabolic gene and host takeover"
Pharokka_Escherichia_phage_vB_EcoM-Ro121lw_CDS_0048,"moron, auxiliary metabolic gene and host takeover"
Pharokka_Escherichia_phage_vB_EcoM-Ro121lw_CDS_0049,"moron, auxiliary metabolic gene and host takeover"
Pharokka_Escherichia_phage_vB_EcoM-Ro121lw_CDS_0050,"moron, auxiliary metabolic gene and host takeover"
Pharokka_Escherichia_phage_vB_EcoM-Ro121lw_CDS_0051,unknown function
Pharokka_Escherichia_phage_vB_EcoM-Ro121lw_CDS_0052,unknown function
Pharokka_Escherichia_phage_vB_EcoM-Ro121lw_CDS_0053,unknown function
Pharokka_Escherichia_phage_vB_EcoM-Ro121lw_CDS_0054,lysis
Pharokka_Escherichia_phage_vB_EcoM-Ro121lw_CDS_0055,"DNA, RNA and nucleotide metabolism"
Pharokka_Escherichia_phage_vB_EcoM-Ro121lw_CDS_0056,unknown function
Pharokka_Escherichia_phage_vB_EcoM-Ro121lw_CDS_0057,unknown function
Pharokka_Escherichia_phage_vB_EcoM-Ro121lw_CDS_0058,"DNA, RNA and nucleotide metabolism"
Pharokka_Escherichia_phage_vB_EcoM-Ro121lw_CDS_0059,unknown function
Pharokka_Escherichia_phage_vB_EcoM-Ro121lw_CDS_0060,unknown function
Pharokka_Escherichia_phage_vB_EcoM-Ro121lw_CDS_0061,unknown function
Pharokka_Escherichia_phage_vB_EcoM-Ro121lw_CDS_0062,unknown function
Pharokka_Escherichia_phage_vB_EcoM-Ro121lw_CDS_0063,unknown function
Pharokka_Escherichia_phage_vB_EcoM-Ro121lw_CDS_0064,"moron, auxiliary metabolic gene and host takeover"
Pharokka_Escherichia_phage_vB_EcoM-Ro121lw_CDS_0065,"DNA, RNA and nucleotide metabolism"
Pharokka_Escherichia_phage_vB_EcoM-Ro121lw_CDS_0066,unknown function
Pharokka_Escherichia_phage_vB_EcoM-Ro121lw_CDS_0067,unknown function
Pharokka_Escherichia_phage_vB_EcoM-Ro121lw_CDS_0068,unknown function
Pharokka_Escherichia_phage_vB_EcoM-Ro121lw_CDS_0069,"moron, auxiliary metabolic gene and host takeover"
Pharokka_Escherichia_phage_vB_EcoM-Ro121lw_CDS_0070,unknown function
Pharokka_Escherichia_phage_vB_EcoM-Ro121lw_CDS_0071,other
Pharokka_Escherichia_phage_vB_EcoM-Ro121lw_CDS_0072,"moron, auxiliary metabolic gene and host takeover"
Pharokka_Escherichia_phage_vB_EcoM-Ro121lw_CDS_0073,other
Pharokka_Escherichia_phage_vB_EcoM-Ro121lw_CDS_0074,other
Pharokka_Escherichia_phage_vB_EcoM-Ro121lw_CDS_0075,unknown function
Pharokka_Escherichia_phage_vB_EcoM-Ro121lw_CDS_0076,"DNA, RNA and nucleotide metabolism"
Pharokka_Escherichia_phage_vB_EcoM-Ro121lw_CDS_0077,"moron, auxiliary metabolic gene and host takeover"
Pharokka_Escherichia_phage_vB_EcoM-Ro121lw_CDS_0078,"DNA, RNA and nucleotide metabolism"
Pharokka_Escherichia_phage_vB_EcoM-Ro121lw_CDS_0079,"DNA, RNA and nucleotide metabolism"
Pharokka_Escherichia_phage_vB_EcoM-Ro121lw_CDS_0080,unknown function
Pharokka_Escherichia_phage_vB_EcoM-Ro121lw_CDS_0081,"DNA, RNA and nucleotide metabolism"
Pharokka_Escherichia_phage_vB_EcoM-Ro121lw_CDS_0082,unknown function
Pharokka_Escherichia_phage_vB_EcoM-Ro121lw_CDS_0083,unknown function
Pharokka_Escherichia_phage_vB_EcoM-Ro121lw_CDS_0084,"DNA, RNA and nucleotide metabolism"
Pharokka_Escherichia_phage_vB_EcoM-Ro121lw_CDS_0085,unknown function
Pharokka_Escherichia_phage_vB_EcoM-Ro121lw_CDS_0086,unknown function
Pharokka_Escherichia_phage_vB_EcoM-Ro121lw_CDS_0087,unknown function
Pharokka_Escherichia_phage_vB_EcoM-Ro121lw_CDS_0088,unknown function
Pharokka_Escherichia_phage_vB_EcoM-Ro121lw_CDS_0089,unknown function
Pharokka_Escherichia_phage_vB_EcoM-Ro121lw_CDS_0090,unknown function
Pharokka_Escherichia_phage_vB_EcoM-Ro121lw_CDS_0091,unknown function
Pharokka_Escherichia_phage_vB_EcoM-Ro121lw_CDS_0092,unknown function
Pharokka_Escherichia_phage_vB_EcoM-Ro121lw_CDS_0093,unknown function
Pharokka_Escherichia_phage_vB_EcoM-Ro121lw_CDS_0094,unknown function
Pharokka_Escherichia_phage_vB_EcoM-Ro121lw_CDS_0095,unknown function
Pharokka_Escherichia_phage_vB_EcoM-Ro121lw_CDS_0096,unknown function
Pharokka_Escherichia_phage_vB_EcoM-Ro121lw_CDS_0097,unknown function
Pharokka_Escherichia_phage_vB_EcoM-Ro121lw_CDS_0098,unknown function
Pharokka_Escherichia_phage_vB_EcoM-Ro121lw_CDS_0099,head and packaging
Pharokka_Escherichia_phage_vB_EcoM-Ro121lw_CDS_0100,unknown function
Pharokka_Escherichia_phage_vB_EcoM-Ro121lw_CDS_0101,unknown function
Pharokka_Escherichia_phage_vB_EcoM-Ro121lw_CDS_0102,unknown function
Pharokka_Escherichia_phage_vB_EcoM-Ro121lw_CDS_0103,unknown function
Pharokka_Escherichia_phage_vB_EcoM-Ro121lw_CDS_0104,unknown function
Pharokka_Escherichia_phage_vB_EcoM-Ro121lw_CDS_0105,unknown function
Pharokka_Escherichia_phage_vB_EcoM-Ro121lw_CDS_0106,unknown function
Pharokka_Escherichia_phage_vB_EcoM-Ro121lw_CDS_0107,unknown function
Pharokka_Escherichia_phage_vB_EcoM-Ro121lw_CDS_0108,unknown function
Pharokka_Escherichia_phage_vB_EcoM-Ro121lw_CDS_0109,other
Pharokka_Escherichia_phage_vB_EcoM-Ro121lw_CDS_0110,"DNA, RNA and nucleotide metabolism"
Pharokka_Escherichia_phage_vB_EcoM-Ro121lw_CDS_0111,unknown function
Pharokka_Escherichia_phage_vB_EcoM-Ro121lw_CDS_0112,unknown function
Pharokka_Escherichia_phage_vB_EcoM-Ro121lw_CDS_0113,other
Pharokka_Escherichia_phage_vB_EcoM-Ro121lw_CDS_0114,unknown function
Pharokka_Escherichia_phage_vB_EcoM-Ro121lw_CDS_0115,unknown function
Pharokka_Escherichia_phage_vB_EcoM-Ro121lw_CDS_0116,head and packaging
Pharokka_Escherichia_phage_vB_EcoM-Ro121lw_CDS_0117,unknown function
Pharokka_Escherichia_phage_vB_EcoM-Ro121lw_CDS_0118,unknown function
Pharokka_Escherichia_phage_vB_EcoM-Ro121lw_CDS_0119,unknown function
Pharokka_Escherichia_phage_vB_EcoM-Ro121lw_CDS_0120,unknown function
Pharokka_Escherichia_phage_vB_EcoM-Ro121lw_CDS_0121,unknown function
Pharokka_Escherichia_phage_vB_EcoM-Ro121lw_CDS_0122,unknown function
Pharokka_Escherichia_phage_vB_EcoM-Ro121lw_CDS_0123,unknown function
Pharokka_Escherichia_phage_vB_EcoM-Ro121lw_CDS_0124,unknown function
Pharokka_Escherichia_phage_vB_EcoM-Ro121lw_CDS_0125,unknown function
Pharokka_Escherichia_phage_vB_EcoM-Ro121lw_CDS_0126,unknown function
Pharokka_Escherichia_phage_vB_EcoM-Ro121lw_CDS_0127,unknown function
Pharokka_Escherichia_phage_vB_EcoM-Ro121lw_CDS_0128,unknown function
Pharokka_Escherichia_phage_vB_EcoM-Ro121lw_CDS_0129,unknown function
Pharokka_Escherichia_phage_vB_EcoM-Ro121lw_CDS_0130,unknown function
Pharokka_Escherichia_phage_vB_EcoM-Ro121lw_CDS_0131,other
Pharokka_Escherichia_phage_vB_EcoM-Ro121lw_CDS_0132,unknown function
Pharokka_Escherichia_phage_vB_EcoM-Ro121lw_CDS_0133,unknown function
Pharokka_Escherichia_phage_vB_EcoM-Ro121lw_CDS_0134,unknown function
Pharokka_Escherichia_phage_vB_EcoM-Ro121lw_CDS_0135,unknown function
Pharokka_Escherichia_phage_vB_EcoM-Ro121lw_CDS_0136,unknown function
Pharokka_Escherichia_phage_vB_EcoM-Ro121lw_CDS_0137,unknown function
Pharokka_Escherichia_phage_vB_EcoM-Ro121lw_CDS_0138,unknown function
Pharokka_Escherichia_phage_vB_EcoM-Ro121lw_CDS_0139,unknown function
Pharokka_Escherichia_phage_vB_EcoM-Ro121lw_CDS_0140,"moron, auxiliary metabolic gene and host takeover"
Pharokka_Escherichia_phage_vB_EcoM-Ro121lw_CDS_0141,unknown function
Pharokka_Escherichia_phage_vB_EcoM-Ro121lw_CDS_0142,unknown function
Pharokka_Escherichia_phage_vB_EcoM-Ro121lw_CDS_0143,unknown function
Pharokka_Escherichia_phage_vB_EcoM-Ro121lw_CDS_0144,unknown function
Pharokka_Escherichia_phage_vB_EcoM-Ro121lw_CDS_0145,unknown function
Pharokka_Escherichia_phage_vB_EcoM-Ro121lw_CDS_0146,unknown function
Pharokka_Escherichia_phage_vB_EcoM-Ro121lw_CDS_0147,unknown function
Pharokka_Escherichia_phage_vB_EcoM-Ro121lw_CDS_0148,unknown function
Pharokka_Escherichia_phage_vB_EcoM-Ro121lw_CDS_0149,unknown function
Pharokka_Escherichia_phage_vB_EcoM-Ro121lw_CDS_0150,unknown function
Pharokka_Escherichia_phage_vB_EcoM-Ro121lw_CDS_0151,unknown function
Pharokka_Escherichia_phage_vB_EcoM-Ro121lw_CDS_0152,unknown function
Pharokka_Escherichia_phage_vB_EcoM-Ro121lw_CDS_0153,unknown function
Pharokka_Escherichia_phage_vB_EcoM-Ro121lw_CDS_0154,unknown function
Pharokka_Escherichia_phage_vB_EcoM-Ro121lw_CDS_0155,unknown function
Pharokka_Escherichia_phage_vB_EcoM-Ro121lw_CDS_0156,unknown function
Pharokka_Escherichia_phage_vB_EcoM-Ro121lw_CDS_0157,unknown function
Pharokka_Escherichia_phage_vB_EcoM-Ro121lw_CDS_0158,unknown function
Pharokka_Escherichia_phage_vB_EcoM-Ro121lw_CDS_0159,unknown function
Pharokka_Escherichia_phage_vB_EcoM-Ro121lw_CDS_0160,unknown function
Pharokka_Escherichia_phage_vB_EcoM-Ro121lw_CDS_0161,lysis
Pharokka_Escherichia_phage_vB_EcoM-Ro121lw_CDS_0162,unknown function
Pharokka_Escherichia_phage_vB_EcoM-Ro121lw_CDS_0163,unknown function
Pharokka_Escherichia_phage_vB_EcoM-Ro121lw_CDS_0164,unknown function
Pharokka_Escherichia_phage_vB_EcoM-Ro121lw_CDS_0165,unknown function
Pharokka_Escherichia_phage_vB_EcoM-Ro121lw_CDS_0166,unknown function
Pharokka_Escherichia_phage_vB_EcoM-Ro121lw_CDS_0167,unknown function
Pharokka_Escherichia_phage_vB_EcoM-Ro121lw_CDS_0168,unknown function
Pharokka_Escherichia_phage_vB_EcoM-Ro121lw_CDS_0169,unknown function
Pharokka_Escherichia_phage_vB_EcoM-Ro121lw_CDS_0170,"DNA, RNA and nucleotide metabolism"
Pharokka_Escherichia_phage_vB_EcoM-Ro121lw_CDS_0171,unknown function
Pharokka_Escherichia_phage_vB_EcoM-Ro121lw_CDS_0172,unknown function
Pharokka_Escherichia_phage_vB_EcoM-Ro121lw_CDS_0173,unknown function
Pharokka_Escherichia_phage_vB_EcoM-Ro121lw_CDS_0174,unknown function
Pharokka_Escherichia_phage_vB_EcoM-Ro121lw_CDS_0175,unknown function
Pharokka_Escherichia_phage_vB_EcoM-Ro121lw_CDS_0176,unknown function
Pharokka_Escherichia_phage_vB_EcoM-Ro121lw_CDS_0177,unknown function
Pharokka_Escherichia_phage_vB_EcoM-Ro121lw_CDS_0178,unknown function
Pharokka_Escherichia_phage_vB_EcoM-Ro121lw_CDS_0179,unknown function
Pharokka_Escherichia_phage_vB_EcoM-Ro121lw_CDS_0180,unknown function
Pharokka_Escherichia_phage_vB_EcoM-Ro121lw_CDS_0181,unknown function
Pharokka_Escherichia_phage_vB_EcoM-Ro121lw_CDS_0182,unknown function
Pharokka_Escherichia_phage_vB_EcoM-Ro121lw_CDS_0183,unknown function
Pharokka_Escherichia_phage_vB_EcoM-Ro121lw_CDS_0184,unknown function
Pharokka_Escherichia_phage_vB_EcoM-Ro121lw_CDS_0185,unknown function
Pharokka_Escherichia_phage_vB_EcoM-Ro121lw_CDS_0186,unknown function
Pharokka_Escherichia_phage_vB_EcoM-Ro121lw_CDS_0187,unknown function
Pharokka_Escherichia_phage_vB_EcoM-Ro121lw_CDS_0188,unknown function
Pharokka_Escherichia_phage_vB_EcoM-Ro121lw_CDS_0189,unknown function
Pharokka_Escherichia_phage_vB_EcoM-Ro121lw_CDS_0190,unknown function
Pharokka_Escherichia_phage_vB_EcoM-Ro121lw_CDS_0191,unknown function
Pharokka_Escherichia_phage_vB_EcoM-Ro121lw_CDS_0192,unknown function
Pharokka_Escherichia_phage_vB_EcoM-Ro121lw_CDS_0193,unknown function
Pharokka_Escherichia_phage_vB_EcoM-Ro121lw_CDS_0194,unknown function
Pharokka_Escherichia_phage_vB_EcoM-Ro121lw_CDS_0195,unknown function
Pharokka_Escherichia_phage_vB_EcoM-Ro121lw_CDS_0196,unknown function
Pharokka_Escherichia_phage_vB_EcoM-Ro121lw_CDS_0197,unknown function
Pharokka_Escherichia_phage_vB_EcoM-Ro121lw_CDS_0198,"DNA, RNA and nucleotide metabolism"
Pharokka_Escherichia_phage_vB_EcoM-Ro121lw_CDS_0199,unknown function
Pharokka_Escherichia_phage_vB_EcoM-Ro121lw_CDS_0200,unknown function
Pharokka_Escherichia_phage_vB_EcoM-Ro121lw_CDS_0201,unknown function
Pharokka_Escherichia_phage_vB_EcoM-Ro121lw_CDS_0202,unknown function
Pharokka_Escherichia_phage_vB_EcoM-Ro121lw_CDS_0203,unknown function
Pharokka_Escherichia_phage_vB_EcoM-Ro121lw_CDS_0204,unknown function
Pharokka_Escherichia_phage_vB_EcoM-Ro121lw_CDS_0205,unknown function
Pharokka_Escherichia_phage_vB_EcoM-Ro121lw_CDS_0206,unknown function
Pharokka_Escherichia_phage_vB_EcoM-Ro121lw_CDS_0207,unknown function
Pharokka_Escherichia_phage_vB_EcoM-Ro121lw_CDS_0208,unknown function
Pharokka_Escherichia_phage_vB_EcoM-Ro121lw_CDS_0209,unknown function
Pharokka_Escherichia_phage_vB_EcoM-Ro121lw_CDS_0210,unknown function
Pharokka_Escherichia_phage_vB_EcoM-Ro121lw_CDS_0211,"DNA, RNA and nucleotide metabolism"
Pharokka_Escherichia_phage_vB_EcoM-Ro121lw_CDS_0212,unknown function
Pharokka_Escherichia_phage_vB_EcoM-Ro121lw_CDS_0213,unknown function
Pharokka_Escherichia_phage_vB_EcoM-Ro121lw_CDS_0214,unknown function
Pharokka_Escherichia_phage_vB_EcoM-Ro121lw_CDS_0215,unknown function
Pharokka_Escherichia_phage_vB_EcoM-Ro121lw_CDS_0216,unknown function
Pharokka_Escherichia_phage_vB_EcoM-Ro121lw_CDS_0217,unknown function
Pharokka_Escherichia_phage_vB_EcoM-Ro121lw_CDS_0218,unknown function
Pharokka_Escherichia_phage_vB_EcoM-Ro121lw_CDS_0219,unknown function
Pharokka_Escherichia_phage_vB_EcoM-Ro121lw_CDS_0220,unknown function
Pharokka_Escherichia_phage_vB_EcoM-Ro121lw_CDS_0221,"DNA, RNA and nucleotide metabolism"
Pharokka_Escherichia_phage_vB_EcoM-Ro121lw_CDS_0222,unknown function
Pharokka_Escherichia_phage_vB_EcoM-Ro121lw_CDS_0223,unknown function
Pharokka_Escherichia_phage_vB_EcoM-Ro121lw_CDS_0224,other
Pharokka_Escherichia_phage_vB_EcoM-Ro121lw_CDS_0225,unknown function
Pharokka_Escherichia_phage_vB_EcoM-Ro121lw_CDS_0226,unknown function
Pharokka_Escherichia_phage_vB_EcoM-Ro121lw_CDS_0227,unknown function
Pharokka_Escherichia_phage_vB_EcoM-Ro121lw_CDS_0228,unknown function
Pharokka_Escherichia_phage_vB_EcoM-Ro121lw_CDS_0229,unknown function
Pharokka_Escherichia_phage_vB_EcoM-Ro121lw_CDS_0230,unknown function
Pharokka_Escherichia_phage_vB_EcoM-Ro121lw_CDS_0231,unknown function
Pharokka_Escherichia_phage_vB_EcoM-Ro121lw_CDS_0232,unknown function
Pharokka_Escherichia_phage_vB_EcoM-Ro121lw_CDS_0233,"DNA, RNA and nucleotide metabolism"
Pharokka_Escherichia_phage_vB_EcoM-Ro121lw_CDS_0234,unknown function
Pharokka_Escherichia_phage_vB_EcoM-Ro121lw_CDS_0235,other
Pharokka_Escherichia_phage_vB_EcoM-Ro121lw_CDS_0236,unknown function
Pharokka_Escherichia_phage_vB_EcoM-Ro121lw_CDS_0237,"DNA, RNA and nucleotide metabolism"
Pharokka_Escherichia_phage_vB_EcoM-Ro121lw_CDS_0238,unknown function
Pharokka_Escherichia_phage_vB_EcoM-Ro121lw_CDS_0239,unknown function
Pharokka_Escherichia_phage_vB_EcoM-Ro121lw_CDS_0240,unknown function
Pharokka_Escherichia_phage_vB_EcoM-Ro121lw_CDS_0241,other
Pharokka_Escherichia_phage_vB_EcoM-Ro121lw_CDS_0242,unknown function
Pharokka_Escherichia_phage_vB_EcoM-Ro121lw_CDS_0243,other
Pharokka_Escherichia_phage_vB_EcoM-Ro121lw_CDS_0244,unknown function
Pharokka_Escherichia_phage_vB_EcoM-Ro121lw_CDS_0245,other
Pharokka_Escherichia_phage_vB_EcoM-Ro121lw_CDS_0246,lysis
Pharokka_Escherichia_phage_vB_EcoM-Ro121lw_CDS_0247,unknown function
Pharokka_Escherichia_phage_vB_EcoM-Ro121lw_CDS_0248,"DNA, RNA and nucleotide metabolism"
Pharokka_Escherichia_phage_vB_EcoM-Ro121lw_CDS_0249,"DNA, RNA and nucleotide metabolism"
Pharokka_Escherichia_phage_vB_EcoM-Ro121lw_CDS_0250,"moron, auxiliary metabolic gene and host takeover"
Pharokka_Escherichia_phage_vB_EcoM-Ro121lw_CDS_0251,"moron, auxiliary metabolic gene and host takeover"
Pharokka_Escherichia_phage_vB_EcoM-Ro121lw_CDS_0252,"DNA, RNA and nucleotide metabolism"
Pharokka_Escherichia_phage_vB_EcoM-Ro121lw_CDS_0253,unknown function
Pharokka_Escherichia_phage_vB_EcoM-Ro121lw_CDS_0254,unknown function
Pharokka_Escherichia_phage_vB_EcoM-Ro121lw_CDS_0255,unknown function
Pharokka_Escherichia_phage_vB_EcoM-Ro121lw_CDS_0256,unknown function
Pharokka_Escherichia_phage_vB_EcoM-Ro121lw_CDS_0257,"DNA, RNA and nucleotide metabolism"
Pharokka_Escherichia_phage_vB_EcoM-Ro121lw_CDS_0258,"DNA, RNA and nucleotide metabolism"
Pharokka_Escherichia_phage_vB_EcoM-Ro121lw_CDS_0259,unknown function
Pharokka_Escherichia_phage_vB_EcoM-Ro121lw_CDS_0260,unknown function
Pharokka_Escherichia_phage_vB_EcoM-Ro121lw_CDS_0261,"DNA, RNA and nucleotide metabolism"
Pharokka_Escherichia_phage_vB_EcoM-Ro121lw_CDS_0262,unknown function
Pharokka_Escherichia_phage_vB_EcoM-Ro121lw_CDS_0263,"DNA, RNA and nucleotide metabolism"
Pharokka_Escherichia_phage_vB_EcoM-Ro121lw_CDS_0264,unknown function
Pharokka_Escherichia_phage_vB_EcoM-Ro121lw_CDS_0265,other
Pharokka_Escherichia_phage_vB_EcoM-Ro121lw_CDS_0266,unknown function
Pharokka_Escherichia_phage_vB_EcoM-Ro121lw_CDS_0267,"DNA, RNA and nucleotide metabolism"
Pharokka_Escherichia_phage_vB_EcoM-Ro121lw_CDS_0268,"DNA, RNA and nucleotide metabolism"
Pharokka_Escherichia_phage_vB_EcoM-Ro121lw_CDS_0269,unknown function
Pharokka_Escherichia_phage_vB_EcoM-Ro121lw_CDS_0270,unknown function
Pharokka_Escherichia_phage_vB_EcoM-Ro121lw_CDS_0271,unknown function
Pharokka_Escherichia_phage_vB_EcoM-Ro121lw_CDS_0272,"DNA, RNA and nucleotide metabolism"
Pharokka_Escherichia_phage_vB_EcoM-Ro121lw_CDS_0273,other
Pharokka_Escherichia_phage_vB_EcoM-Ro121lw_CDS_0274,unknown function
Pharokka_Escherichia_phage_vB_EcoM-Ro121lw_CDS_0275,unknown function
Pharokka_Escherichia_phage_vB_EcoM-Ro121lw_CDS_0276,"DNA, RNA and nucleotide metabolism"
Pharokka_Escherichia_phage_vB_EcoM-Ro121lw_CDS_0277,unknown function
Pharokka_Escherichia_phage_vB_EcoM-Ro121lw_CDS_0278,unknown function
Pharokka_Escherichia_phage_vB_EcoM-Ro121lw_CDS_0279,other
Pharokka_Escherichia_phage_vB_EcoM-Ro121lw_CDS_0280,other
Pharokka_Escherichia_phage_vB_EcoM-Ro121lw_CDS_0281,tail
Pharokka_Escherichia_phage_vB_EcoM-Ro121lw_CDS_0282,other
Pharokka_Escherichia_phage_vB_EcoM-Ro121lw_CDS_0283,unknown function
Pharokka_Escherichia_phage_vB_EcoM-Ro121lw_CDS_0284,unknown function
Pharokka_Escherichia_phage_vB_EcoM-Ro121lw_CDS_0285,other
Pharokka_Escherichia_phage_vB_EcoM-Ro121lw_CDS_0286,unknown function
Pharokka_Escherichia_phage_vB_EcoM-Ro121lw_CDS_0287,unknown function
Pharokka_Escherichia_phage_vB_EcoM-Ro121lw_CDS_0288,unknown function
Pharokka_Escherichia_phage_vB_EcoM-Ro121lw_CDS_0289,unknown function
Pharokka_Escherichia_phage_vB_EcoM-Ro121lw_CDS_0290,unknown function
Pharokka_Escherichia_phage_vB_EcoM-Ro121lw_CDS_0291,unknown function
Pharokka_Escherichia_phage_vB_EcoM-Ro121lw_CDS_0292,unknown function
Pharokka_Escherichia_phage_vB_EcoM-Ro121lw_CDS_0293,unknown function
Pharokka_Escherichia_phage_vB_EcoM-Ro121lw_CDS_0294,unknown function
Pharokka_Escherichia_phage_vB_EcoM-Ro121lw_CDS_0295,unknown function
Pharokka_Escherichia_phage_vB_EcoM-Ro121lw_CDS_0296,unknown function
Pharokka_Escherichia_phage_vB_EcoM-Ro121lw_CDS_0297,unknown function
Pharokka_Escherichia_phage_vB_EcoM-Ro121lw_CDS_0298,unknown function
Pharokka_Escherichia_phage_vB_EcoM-Ro121lw_CDS_0299,unknown function
Pharokka_Escherichia_phage_vB_EcoM-Ro121lw_CDS_0300,other
Pharokka_Escherichia_phage_vB_EcoM-Ro121lw_CDS_0301,unknown function
Pharokka_Escherichia_phage_vB_EcoM-Ro121lw_CDS_0302,unknown function
Pharokka_Escherichia_phage_vB_EcoM-Ro121lw_CDS_0303,"DNA, RNA and nucleotide metabolism"
Pharokka_Escherichia_phage_vB_EcoM-Ro121lw_CDS_0304,unknown function
Pharokka_Escherichia_phage_vB_EcoM-Ro121lw_CDS_0305,unknown function
Pharokka_Escherichia_phage_vB_EcoM-Ro121lw_CDS_0306,unknown function
Pharokka_Escherichia_phage_vB_EcoM-Ro121lw_CDS_0307,unknown function
Pharokka_Escherichia_phage_vB_EcoM-Ro121lw_CDS_0308,"moron, auxiliary metabolic gene and host takeover"
Pharokka_Escherichia_phage_vB_EcoM-Ro121lw_CDS_0309,lysis
Pharokka_10_EC78_CDS_0001,head and packaging
Pharokka_10_EC78_CDS_0002,head and packaging
Pharokka_10_EC78_CDS_0003,other
Pharokka_10_EC78_CDS_0004,head and packaging
Pharokka_10_EC78_CDS_0005,head and packaging
Pharokka_10_EC78_CDS_0006,head and packaging
Pharokka_10_EC78_CDS_0007,unknown function
Pharokka_10_EC78_CDS_0008,unknown function
Pharokka_10_EC78_CDS_0009,connector
Pharokka_10_EC78_CDS_0010,head and packaging
Pharokka_10_EC78_CDS_0011,connector
Pharokka_10_EC78_CDS_0012,tail
Pharokka_10_EC78_CDS_0013,head and packaging
Pharokka_10_EC78_CDS_0014,tail
Pharokka_10_EC78_CDS_0015,unknown function
Pharokka_10_EC78_CDS_0016,tail
Pharokka_10_EC78_CDS_0017,unknown function
Pharokka_10_EC78_CDS_0018,tail
Pharokka_10_EC78_CDS_0019,head and packaging
Pharokka_10_EC78_CDS_0020,tail
Pharokka_10_EC78_CDS_0021,tail
Pharokka_10_EC78_CDS_0022,tail
Pharokka_10_EC78_CDS_0023,tail
Pharokka_10_EC78_CDS_0024,tail
Pharokka_10_EC78_CDS_0025,tail
Pharokka_10_EC78_CDS_0026,tail
Pharokka_10_EC78_CDS_0027,"moron, auxiliary metabolic gene and host takeover"
Pharokka_10_EC78_CDS_0028,tail
Pharokka_10_EC78_CDS_0029,tail
Pharokka_10_EC78_CDS_0030,tail
Pharokka_10_EC78_CDS_0031,tail
Pharokka_10_EC78_CDS_0032,other
Pharokka_10_EC78_CDS_0033,"moron, auxiliary metabolic gene and host takeover"
Pharokka_10_EC78_CDS_0034,tail
Pharokka_10_EC78_CDS_0035,tail
Pharokka_10_EC78_CDS_0036,"DNA, RNA and nucleotide metabolism"
Pharokka_10_EC78_CDS_0037,unknown function
Pharokka_10_EC78_CDS_0038,"DNA, RNA and nucleotide metabolism"
Pharokka_10_EC78_CDS_0039,unknown function
Pharokka_10_EC78_CDS_0040,unknown function
Pharokka_10_EC78_CDS_0041,unknown function
Pharokka_10_EC78_CDS_0042,"DNA, RNA and nucleotide metabolism"
Pharokka_10_EC78_CDS_0043,"moron, auxiliary metabolic gene and host takeover"
Pharokka_10_EC78_CDS_0044,unknown function
Pharokka_10_EC78_CDS_0045,"DNA, RNA and nucleotide metabolism"
Pharokka_10_EC78_CDS_0046,unknown function
Pharokka_10_EC78_CDS_0047,"moron, auxiliary metabolic gene and host takeover"
Pharokka_10_EC78_CDS_0048,"moron, auxiliary metabolic gene and host takeover"
Pharokka_10_EC78_CDS_0049,"moron, auxiliary metabolic gene and host takeover"
Pharokka_10_EC78_CDS_0050,"moron, auxiliary metabolic gene and host takeover"
Pharokka_10_EC78_CDS_0051,unknown function
Pharokka_10_EC78_CDS_0052,unknown function
Pharokka_10_EC78_CDS_0053,unknown function
Pharokka_10_EC78_CDS_0054,lysis
Pharokka_10_EC78_CDS_0055,"DNA, RNA and nucleotide metabolism"
Pharokka_10_EC78_CDS_0056,unknown function
Pharokka_10_EC78_CDS_0057,unknown function
Pharokka_10_EC78_CDS_0058,"DNA, RNA and nucleotide metabolism"
Pharokka_10_EC78_CDS_0059,unknown function
Pharokka_10_EC78_CDS_0060,unknown function
Pharokka_10_EC78_CDS_0061,unknown function
Pharokka_10_EC78_CDS_0062,unknown function
Pharokka_10_EC78_CDS_0063,unknown function
Pharokka_10_EC78_CDS_0064,"moron, auxiliary metabolic gene and host takeover"
Pharokka_10_EC78_CDS_0065,"DNA, RNA and nucleotide metabolism"
Pharokka_10_EC78_CDS_0066,unknown function
Pharokka_10_EC78_CDS_0067,unknown function
Pharokka_10_EC78_CDS_0068,unknown function
Pharokka_10_EC78_CDS_0069,"moron, auxiliary metabolic gene and host takeover"
Pharokka_10_EC78_CDS_0070,unknown function
Pharokka_10_EC78_CDS_0071,other
Pharokka_10_EC78_CDS_0072,unknown function
Pharokka_10_EC78_CDS_0073,unknown function
Pharokka_10_EC78_CDS_0074,"DNA, RNA and nucleotide metabolism"
Pharokka_10_EC78_CDS_0075,"moron, auxiliary metabolic gene and host takeover"
Pharokka_10_EC78_CDS_0076,"DNA, RNA and nucleotide metabolism"
Pharokka_10_EC78_CDS_0077,"DNA, RNA and nucleotide metabolism"
Pharokka_10_EC78_CDS_0078,unknown function
Pharokka_10_EC78_CDS_0079,"DNA, RNA and nucleotide metabolism"
Pharokka_10_EC78_CDS_0080,unknown function
Pharokka_10_EC78_CDS_0081,unknown function
Pharokka_10_EC78_CDS_0082,"DNA, RNA and nucleotide metabolism"
Pharokka_10_EC78_CDS_0083,unknown function
Pharokka_10_EC78_CDS_0084,unknown function
Pharokka_10_EC78_CDS_0085,unknown function
Pharokka_10_EC78_CDS_0086,unknown function
Pharokka_10_EC78_CDS_0087,unknown function
Pharokka_10_EC78_CDS_0088,unknown function
Pharokka_10_EC78_CDS_0089,unknown function
Pharokka_10_EC78_CDS_0090,unknown function
Pharokka_10_EC78_CDS_0091,unknown function
Pharokka_10_EC78_CDS_0092,unknown function
Pharokka_10_EC78_CDS_0093,unknown function
Pharokka_10_EC78_CDS_0094,unknown function
Pharokka_10_EC78_CDS_0095,unknown function
Pharokka_10_EC78_CDS_0096,unknown function
Pharokka_10_EC78_CDS_0097,unknown function
Pharokka_10_EC78_CDS_0098,unknown function
Pharokka_10_EC78_CDS_0099,unknown function
Pharokka_10_EC78_CDS_0100,unknown function
Pharokka_10_EC78_CDS_0101,unknown function
Pharokka_10_EC78_CDS_0102,unknown function
Pharokka_10_EC78_CDS_0103,unknown function
Pharokka_10_EC78_CDS_0104,unknown function
Pharokka_10_EC78_CDS_0105,unknown function
Pharokka_10_EC78_CDS_0106,unknown function
Pharokka_10_EC78_CDS_0107,other
Pharokka_10_EC78_CDS_0108,"DNA, RNA and nucleotide metabolism"
Pharokka_10_EC78_CDS_0109,unknown function
Pharokka_10_EC78_CDS_0110,unknown function
Pharokka_10_EC78_CDS_0111,other
Pharokka_10_EC78_CDS_0112,unknown function
Pharokka_10_EC78_CDS_0113,unknown function
Pharokka_10_EC78_CDS_0114,unknown function
Pharokka_10_EC78_CDS_0115,unknown function
Pharokka_10_EC78_CDS_0116,unknown function
Pharokka_10_EC78_CDS_0117,unknown function
Pharokka_10_EC78_CDS_0118,unknown function
Pharokka_10_EC78_CDS_0119,unknown function
Pharokka_10_EC78_CDS_0120,unknown function
Pharokka_10_EC78_CDS_0121,unknown function
Pharokka_10_EC78_CDS_0122,unknown function
Pharokka_10_EC78_CDS_0123,unknown function
Pharokka_10_EC78_CDS_0124,unknown function
Pharokka_10_EC78_CDS_0125,unknown function
Pharokka_10_EC78_CDS_0126,unknown function
Pharokka_10_EC78_CDS_0127,unknown function
Pharokka_10_EC78_CDS_0128,unknown function
Pharokka_10_EC78_CDS_0129,unknown function
Pharokka_10_EC78_CDS_0130,other
Pharokka_10_EC78_CDS_0131,unknown function
Pharokka_10_EC78_CDS_0132,unknown function
Pharokka_10_EC78_CDS_0133,unknown function
Pharokka_10_EC78_CDS_0134,unknown function
Pharokka_10_EC78_CDS_0135,unknown function
Pharokka_10_EC78_CDS_0136,unknown function
Pharokka_10_EC78_CDS_0137,unknown function
Pharokka_10_EC78_CDS_0138,"moron, auxiliary metabolic gene and host takeover"
Pharokka_10_EC78_CDS_0139,unknown function
Pharokka_10_EC78_CDS_0140,unknown function
Pharokka_10_EC78_CDS_0141,unknown function
Pharokka_10_EC78_CDS_0142,unknown function
Pharokka_10_EC78_CDS_0143,unknown function
Pharokka_10_EC78_CDS_0144,unknown function
Pharokka_10_EC78_CDS_0145,unknown function
Pharokka_10_EC78_CDS_0146,unknown function
Pharokka_10_EC78_CDS_0147,unknown function
Pharokka_10_EC78_CDS_0148,unknown function
Pharokka_10_EC78_CDS_0149,unknown function
Pharokka_10_EC78_CDS_0150,unknown function
Pharokka_10_EC78_CDS_0151,unknown function
Pharokka_10_EC78_CDS_0152,unknown function
Pharokka_10_EC78_CDS_0153,unknown function
Pharokka_10_EC78_CDS_0154,unknown function
Pharokka_10_EC78_CDS_0155,unknown function
Pharokka_10_EC78_CDS_0156,unknown function
Pharokka_10_EC78_CDS_0157,unknown function
Pharokka_10_EC78_CDS_0158,unknown function
Pharokka_10_EC78_CDS_0159,unknown function
Pharokka_10_EC78_CDS_0160,unknown function
Pharokka_10_EC78_CDS_0161,unknown function
Pharokka_10_EC78_CDS_0162,unknown function
Pharokka_10_EC78_CDS_0163,unknown function
Pharokka_10_EC78_CDS_0164,unknown function
Pharokka_10_EC78_CDS_0165,unknown function
Pharokka_10_EC78_CDS_0166,unknown function
Pharokka_10_EC78_CDS_0167,unknown function
Pharokka_10_EC78_CDS_0168,unknown function
Pharokka_10_EC78_CDS_0169,unknown function
Pharokka_10_EC78_CDS_0170,unknown function
Pharokka_10_EC78_CDS_0171,unknown function
Pharokka_10_EC78_CDS_0172,unknown function
Pharokka_10_EC78_CDS_0173,unknown function
Pharokka_10_EC78_CDS_0174,unknown function
Pharokka_10_EC78_CDS_0175,unknown function
Pharokka_10_EC78_CDS_0176,unknown function
Pharokka_10_EC78_CDS_0177,unknown function
Pharokka_10_EC78_CDS_0178,unknown function
Pharokka_10_EC78_CDS_0179,unknown function
Pharokka_10_EC78_CDS_0180,unknown function
Pharokka_10_EC78_CDS_0181,unknown function
Pharokka_10_EC78_CDS_0182,unknown function
Pharokka_10_EC78_CDS_0183,unknown function
Pharokka_10_EC78_CDS_0184,unknown function
Pharokka_10_EC78_CDS_0185,unknown function
Pharokka_10_EC78_CDS_0186,unknown function
Pharokka_10_EC78_CDS_0187,unknown function
Pharokka_10_EC78_CDS_0188,unknown function
Pharokka_10_EC78_CDS_0189,unknown function
Pharokka_10_EC78_CDS_0190,unknown function
Pharokka_10_EC78_CDS_0191,unknown function
Pharokka_10_EC78_CDS_0192,unknown function
Pharokka_10_EC78_CDS_0193,unknown function
Pharokka_10_EC78_CDS_0194,unknown function
Pharokka_10_EC78_CDS_0195,unknown function
Pharokka_10_EC78_CDS_0196,unknown function
Pharokka_10_EC78_CDS_0197,unknown function
Pharokka_10_EC78_CDS_0198,"DNA, RNA and nucleotide metabolism"
Pharokka_10_EC78_CDS_0199,unknown function
Pharokka_10_EC78_CDS_0200,unknown function
Pharokka_10_EC78_CDS_0201,unknown function
Pharokka_10_EC78_CDS_0202,unknown function
Pharokka_10_EC78_CDS_0203,unknown function
Pharokka_10_EC78_CDS_0204,unknown function
Pharokka_10_EC78_CDS_0205,unknown function
Pharokka_10_EC78_CDS_0206,unknown function
Pharokka_10_EC78_CDS_0207,unknown function
Pharokka_10_EC78_CDS_0208,unknown function
Pharokka_10_EC78_CDS_0209,unknown function
Pharokka_10_EC78_CDS_0210,unknown function
Pharokka_10_EC78_CDS_0211,"DNA, RNA and nucleotide metabolism"
Pharokka_10_EC78_CDS_0212,unknown function
Pharokka_10_EC78_CDS_0213,unknown function
Pharokka_10_EC78_CDS_0214,unknown function
Pharokka_10_EC78_CDS_0215,unknown function
Pharokka_10_EC78_CDS_0216,unknown function
Pharokka_10_EC78_CDS_0217,unknown function
Pharokka_10_EC78_CDS_0218,unknown function
Pharokka_10_EC78_CDS_0219,unknown function
Pharokka_10_EC78_CDS_0220,unknown function
Pharokka_10_EC78_CDS_0221,"DNA, RNA and nucleotide metabolism"
Pharokka_10_EC78_CDS_0222,unknown function
Pharokka_10_EC78_CDS_0223,unknown function
Pharokka_10_EC78_CDS_0224,other
Pharokka_10_EC78_CDS_0225,unknown function
Pharokka_10_EC78_CDS_0226,unknown function
Pharokka_10_EC78_CDS_0227,unknown function
Pharokka_10_EC78_CDS_0228,unknown function
Pharokka_10_EC78_CDS_0229,unknown function
Pharokka_10_EC78_CDS_0230,unknown function
Pharokka_10_EC78_CDS_0231,unknown function
Pharokka_10_EC78_CDS_0232,unknown function
Pharokka_10_EC78_CDS_0233,"DNA, RNA and nucleotide metabolism"
Pharokka_10_EC78_CDS_0234,unknown function
Pharokka_10_EC78_CDS_0235,other
Pharokka_10_EC78_CDS_0236,unknown function
Pharokka_10_EC78_CDS_0237,"DNA, RNA and nucleotide metabolism"
Pharokka_10_EC78_CDS_0238,unknown function
Pharokka_10_EC78_CDS_0239,unknown function
Pharokka_10_EC78_CDS_0240,unknown function
Pharokka_10_EC78_CDS_0241,other
Pharokka_10_EC78_CDS_0242,unknown function
Pharokka_10_EC78_CDS_0243,other
Pharokka_10_EC78_CDS_0244,unknown function
Pharokka_10_EC78_CDS_0245,other
Pharokka_10_EC78_CDS_0246,lysis
Pharokka_10_EC78_CDS_0247,unknown function
Pharokka_10_EC78_CDS_0248,"DNA, RNA and nucleotide metabolism"
Pharokka_10_EC78_CDS_0249,"DNA, RNA and nucleotide metabolism"
Pharokka_10_EC78_CDS_0250,"moron, auxiliary metabolic gene and host takeover"
Pharokka_10_EC78_CDS_0251,"moron, auxiliary metabolic gene and host takeover"
Pharokka_10_EC78_CDS_0252,"DNA, RNA and nucleotide metabolism"
Pharokka_10_EC78_CDS_0253,unknown function
Pharokka_10_EC78_CDS_0254,unknown function
Pharokka_10_EC78_CDS_0255,unknown function
Pharokka_10_EC78_CDS_0256,unknown function
Pharokka_10_EC78_CDS_0257,"DNA, RNA and nucleotide metabolism"
Pharokka_10_EC78_CDS_0258,"DNA, RNA and nucleotide metabolism"
Pharokka_10_EC78_CDS_0259,unknown function
Pharokka_10_EC78_CDS_0260,unknown function
Pharokka_10_EC78_CDS_0261,"DNA, RNA and nucleotide metabolism"
Pharokka_10_EC78_CDS_0262,unknown function
Pharokka_10_EC78_CDS_0263,"DNA, RNA and nucleotide metabolism"
Pharokka_10_EC78_CDS_0264,unknown function
Pharokka_10_EC78_CDS_0265,other
Pharokka_10_EC78_CDS_0266,unknown function
Pharokka_10_EC78_CDS_0267,"DNA, RNA and nucleotide metabolism"
Pharokka_10_EC78_CDS_0268,"DNA, RNA and nucleotide metabolism"
Pharokka_10_EC78_CDS_0269,unknown function
Pharokka_10_EC78_CDS_0270,unknown function
Pharokka_10_EC78_CDS_0271,unknown function
Pharokka_10_EC78_CDS_0272,"DNA, RNA and nucleotide metabolism"
Pharokka_10_EC78_CDS_0273,other
Pharokka_10_EC78_CDS_0274,unknown function
Pharokka_10_EC78_CDS_0275,unknown function
Pharokka_10_EC78_CDS_0276,"DNA, RNA and nucleotide metabolism"
Pharokka_10_EC78_CDS_0277,unknown function
Pharokka_10_EC78_CDS_0278,unknown function
Pharokka_10_EC78_CDS_0279,other
Pharokka_10_EC78_CDS_0280,other
Pharokka_10_EC78_CDS_0281,tail
Pharokka_10_EC78_CDS_0282,other
Pharokka_10_EC78_CDS_0283,unknown function
Pharokka_10_EC78_CDS_0284,unknown function
Pharokka_10_EC78_CDS_0285,other
Pharokka_10_EC78_CDS_0286,unknown function
Pharokka_10_EC78_CDS_0287,unknown function
Pharokka_10_EC78_CDS_0288,unknown function
Pharokka_10_EC78_CDS_0289,unknown function
Pharokka_10_EC78_CDS_0290,unknown function
Pharokka_10_EC78_CDS_0291,unknown function
Pharokka_10_EC78_CDS_0292,unknown function
Pharokka_10_EC78_CDS_0293,unknown function
Pharokka_10_EC78_CDS_0294,unknown function
Pharokka_10_EC78_CDS_0295,unknown function
Pharokka_10_EC78_CDS_0296,unknown function
Pharokka_10_EC78_CDS_0297,unknown function
Pharokka_10_EC78_CDS_0298,unknown function
Pharokka_10_EC78_CDS_0299,unknown function
Pharokka_10_EC78_CDS_0300,other
Pharokka_10_EC78_CDS_0301,unknown function
Pharokka_10_EC78_CDS_0302,unknown function
Pharokka_10_EC78_CDS_0303,"DNA, RNA and nucleotide metabolism"
Pharokka_10_EC78_CDS_0304,unknown function
Pharokka_10_EC78_CDS_0305,unknown function
Pharokka_10_EC78_CDS_0306,unknown function
Pharokka_10_EC78_CDS_0307,unknown function
Pharokka_10_EC78_CDS_0308,"moron, auxiliary metabolic gene and host takeover"
Pharokka_10_EC78_CDS_0309,lysis
Pharokka_8B-EC78_1_CDS_0001,head and packaging
Pharokka_8B-EC78_1_CDS_0002,unknown function
Pharokka_8B-EC78_1_CDS_0003,unknown function
Pharokka_8B-EC78_1_CDS_0004,unknown function
Pharokka_8B-EC78_1_CDS_0005,unknown function
Pharokka_8B-EC78_1_CDS_0006,unknown function
Pharokka_8B-EC78_1_CDS_0007,unknown function
Pharokka_8B-EC78_1_CDS_0008,integration and excision
Pharokka_8B-EC78_1_CDS_0009,unknown function
Pharokka_8B-EC78_1_CDS_0010,unknown function
Pharokka_8B-EC78_1_CDS_0011,"DNA, RNA and nucleotide metabolism"
Pharokka_8B-EC78_1_CDS_0012,head and packaging
Pharokka_8B-EC78_1_CDS_0013,"moron, auxiliary metabolic gene and host takeover"
Pharokka_8B-EC78_1_CDS_0014,unknown function
Pharokka_8B-EC78_1_CDS_0015,"moron, auxiliary metabolic gene and host takeover"
Pharokka_8B-EC78_1_CDS_0016,other
Pharokka_8B-EC78_1_CDS_0017,unknown function
Pharokka_8B-EC78_1_CDS_0018,head and packaging
Pharokka_8B-EC78_1_CDS_0019,tail
Pharokka_8B-EC78_1_CDS_0020,lysis
Pharokka_8B-EC78_1_CDS_0021,lysis
Pharokka_8B-EC78_1_CDS_0022,unknown function
Pharokka_8B-EC78_1_CDS_0023,"DNA, RNA and nucleotide metabolism"
Pharokka_8B-EC78_1_CDS_0024,unknown function
Pharokka_8B-EC78_1_CDS_0025,head and packaging
Pharokka_8B-EC78_1_CDS_0026,unknown function
Pharokka_8B-EC78_1_CDS_0027,"moron, auxiliary metabolic gene and host takeover"
Pharokka_8B-EC78_1_CDS_0028,"moron, auxiliary metabolic gene and host takeover"
Pharokka_8B-EC78_1_CDS_0029,other
Pharokka_8B-EC78_1_CDS_0030,"moron, auxiliary metabolic gene and host takeover"
Pharokka_8B-EC78_1_CDS_0031,lysis
Pharokka_8B-EC78_1_CDS_0032,lysis
Pharokka_8B-EC78_1_CDS_0033,lysis
Pharokka_8B-EC78_1_CDS_0034,unknown function
Pharokka_8B-EC78_1_CDS_0035,unknown function
Pharokka_8B-EC78_1_CDS_0036,"DNA, RNA and nucleotide metabolism"
Pharokka_8B-EC78_1_CDS_0037,unknown function
Pharokka_8B-EC78_1_CDS_0038,unknown function
Pharokka_8B-EC78_1_CDS_0039,unknown function
Pharokka_8B-EC78_1_CDS_0040,unknown function
Pharokka_8B-EC78_1_CDS_0041,unknown function
Pharokka_8B-EC78_1_CDS_0042,unknown function
Pharokka_8B-EC78_1_CDS_0043,unknown function
Pharokka_8B-EC78_1_CDS_0044,tail
Pharokka_8B-EC78_1_CDS_0045,tail
Pharokka_8B-EC78_1_CDS_0046,tail
Pharokka_8B-EC78_1_CDS_0047,tail
Pharokka_8B-EC78_1_CDS_0048,unknown function
Pharokka_8B-EC78_1_CDS_0049,unknown function
Pharokka_8B-EC78_1_CDS_0050,tail
Pharokka_8B-EC78_1_CDS_0051,unknown function
Pharokka_8B-EC78_1_CDS_0052,unknown function
Pharokka_8B-EC78_1_CDS_0053,tail
Pharokka_8B-EC78_1_CDS_0054,tail
Pharokka_8B-EC78_1_CDS_0055,tail
Pharokka_8B-EC78_1_CDS_0056,tail
Pharokka_8B-EC78_1_CDS_0057,tail
Pharokka_8B-EC78_1_CDS_0058,lysis
Pharokka_8B-EC78_1_CDS_0059,unknown function
Pharokka_8B-EC78_1_CDS_0060,head and packaging
Pharokka_8B-EC78_1_CDS_0061,tail
Pharokka_8B-EC78_1_CDS_0062,head and packaging
Pharokka_8B-EC78_1_CDS_0063,unknown function
Pharokka_8B-EC78_1_CDS_0064,unknown function
Pharokka_8B-EC78_1_CDS_0065,unknown function
Pharokka_8B-EC78_1_CDS_0066,unknown function
Pharokka_8B-EC78_1_CDS_0067,transcription regulation
Pharokka_8B-EC78_1_CDS_0068,transcription regulation
Pharokka_8B-EC78_1_CDS_0069,"DNA, RNA and nucleotide metabolism"
Pharokka_8B-EC78_1_CDS_0070,unknown function
Pharokka_8B-EC78_1_CDS_0071,unknown function
Pharokka_8B-EC78_1_CDS_0072,tail
Pharokka_8B-EC78_1_CDS_0073,head and packaging
Pharokka_8B-EC78_1_CDS_0074,unknown function
Pharokka_8B-EC78_1_CDS_0075,tail
Pharokka_8B-EC78_1_CDS_0076,head and packaging
Pharokka_8B-EC78_1_CDS_0077,unknown function
Pharokka_8B-EC78_1_CDS_0078,unknown function
Pharokka_8B-EC78_1_CDS_0079,"DNA, RNA and nucleotide metabolism"
Pharokka_8B-EC78_1_CDS_0080,"DNA, RNA and nucleotide metabolism"
Pharokka_8B-EC78_1_CDS_0081,unknown function
Pharokka_8B-EC78_1_CDS_0082,transcription regulation
Pharokka_8B-EC78_1_CDS_0083,unknown function
Pharokka_8B-EC78_1_CDS_0084,"DNA, RNA and nucleotide metabolism"
Pharokka_8B-EC78_1_CDS_0085,unknown function
Pharokka_8B-EC78_1_CDS_0086,unknown function
Pharokka_8B-EC78_1_CDS_0087,other
Pharokka_8B-EC78_1_CDS_0088,lysis
Pharokka_8B-EC78_1_CDS_0089,unknown function
Pharokka_8B-EC78_1_CDS_0090,unknown function
Pharokka_8B-EC78_1_CDS_0091,unknown function
Pharokka_8B-EC78_1_CDS_0092,other
Pharokka_8B-EC78_1_CDS_0093,"DNA, RNA and nucleotide metabolism"
Pharokka_8B-EC78_1_CDS_0094,other
Pharokka_8B-EC78_1_CDS_0095,unknown function
Pharokka_8B-EC78_1_CDS_0096,unknown function
Pharokka_8B-EC78_1_CDS_0097,unknown function
Pharokka_8B-EC78_1_CDS_0098,unknown function
Pharokka_8B-EC78_1_CDS_0099,unknown function
Pharokka_8B-EC78_1_CDS_0100,unknown function
Pharokka_8B-EC78_1_CDS_0101,"moron, auxiliary metabolic gene and host takeover"
Pharokka_8B-EC78_1_CDS_0102,other
Pharokka_8B-EC78_1_CDS_0103,unknown function
Pharokka_8B-EC78_1_CDS_0104,"DNA, RNA and nucleotide metabolism"
Pharokka_8B-EC78_1_CDS_0105,"moron, auxiliary metabolic gene and host takeover"
Pharokka_8B-EC78_1_CDS_0106,tail
Pharokka_8B-EC78_1_CDS_0107,tail
Pharokka_8B-EC78_1_CDS_0108,tail
Pharokka_8B-EC78_1_CDS_0109,tail
Pharokka_8B-EC78_1_CDS_0110,tail
Pharokka_8B-EC78_1_CDS_0111,tail
Pharokka_8B-EC78_1_CDS_0112,unknown function
Pharokka_8B-EC78_1_CDS_0113,other
Pharokka_8B-EC78_1_CDS_0114,transcription regulation
Pharokka_8B-EC78_1_CDS_0115,unknown function
Pharokka_8B-EC78_1_CDS_0116,unknown function
Pharokka_8B-EC78_1_CDS_0117,unknown function
Pharokka_8B-EC78_1_CDS_0118,other
Pharokka_8B-EC78_1_CDS_0119,other
Pharokka_8B-EC78_1_CDS_0120,"moron, auxiliary metabolic gene and host takeover"
Pharokka_8B-EC78_1_CDS_0121,unknown function
Pharokka_8B-EC78_1_CDS_0122,head and packaging
Pharokka_8B-EC78_1_CDS_0123,other
Pharokka_8B-EC78_1_CDS_0124,unknown function
Pharokka_8B-EC78_1_CDS_0125,unknown function
Pharokka_8B-EC78_1_CDS_0126,unknown function
Pharokka_8B-EC78_1_CDS_0127,unknown function
Pharokka_8B-EC78_1_CDS_0128,unknown function
Pharokka_8B-EC78_1_CDS_0129,unknown function
Pharokka_8B-EC78_1_CDS_0130,unknown function
Pharokka_8B-EC78_1_CDS_0131,unknown function
Pharokka_8B-EC78_1_CDS_0132,"DNA, RNA and nucleotide metabolism"
Pharokka_8B-EC78_1_CDS_0133,unknown function
Pharokka_8B-EC78_1_CDS_0134,unknown function
Pharokka_8B-EC78_1_CDS_0135,unknown function
Pharokka_8B-EC78_1_CDS_0136,unknown function
Pharokka_8B-EC78_1_CDS_0137,unknown function
Pharokka_8B-EC78_1_CDS_0138,unknown function
Pharokka_8B-EC78_1_CDS_0139,unknown function
Pharokka_8B-EC78_1_CDS_0140,unknown function
Pharokka_8B-EC78_1_CDS_0141,unknown function
Pharokka_8B-EC78_1_CDS_0142,unknown function
Pharokka_8B-EC78_1_CDS_0143,unknown function
Pharokka_8B-EC78_1_CDS_0144,"DNA, RNA and nucleotide metabolism"
Pharokka_8B-EC78_1_CDS_0145,unknown function
Pharokka_8B-EC78_1_CDS_0146,unknown function
Pharokka_8B-EC78_1_CDS_0147,"DNA, RNA and nucleotide metabolism"
Pharokka_8B-EC78_1_CDS_0148,"moron, auxiliary metabolic gene and host takeover"
Pharokka_8B-EC78_1_CDS_0149,"moron, auxiliary metabolic gene and host takeover"
Pharokka_8B-EC78_1_CDS_0150,unknown function
Pharokka_8B-EC78_1_CDS_0151,unknown function
Pharokka_8B-EC78_1_CDS_0152,"DNA, RNA and nucleotide metabolism"
Pharokka_8B-EC78_1_CDS_0153,transcription regulation
Pharokka_8B-EC78_1_CDS_0154,head and packaging
Pharokka_8B-EC78_2_CDS_0001,head and packaging
Pharokka_8B-EC78_2_CDS_0002,unknown function
Pharokka_8B-EC78_2_CDS_0003,unknown function
Pharokka_8B-EC78_2_CDS_0004,unknown function
Pharokka_8B-EC78_2_CDS_0005,unknown function
Pharokka_8B-EC78_2_CDS_0006,unknown function
Pharokka_8B-EC78_2_CDS_0007,connector
Pharokka_8B-EC78_2_CDS_0008,unknown function
Pharokka_8B-EC78_2_CDS_0009,other
Pharokka_8B-EC78_2_CDS_0010,head and packaging
Pharokka_8B-EC78_2_CDS_0011,tail
Pharokka_8B-EC78_2_CDS_0012,"DNA, RNA and nucleotide metabolism"
Pharokka_8B-EC78_2_CDS_0013,unknown function
Pharokka_8B-EC78_2_CDS_0014,tail
Pharokka_8B-EC78_2_CDS_0015,tail
Pharokka_8B-EC78_2_CDS_0016,head and packaging
Pharokka_8B-EC78_2_CDS_0017,head and packaging
Pharokka_8B-EC78_2_CDS_0018,head and packaging
Pharokka_8B-EC78_2_CDS_0019,head and packaging
Pharokka_8B-EC78_2_CDS_0020,head and packaging
Pharokka_8B-EC78_2_CDS_0021,unknown function
Pharokka_8B-EC78_2_CDS_0022,unknown function
Pharokka_8B-EC78_2_CDS_0023,unknown function
Pharokka_8B-EC78_2_CDS_0024,transcription regulation
Pharokka_8B-EC78_2_CDS_0025,unknown function
Pharokka_8B-EC78_2_CDS_0026,"DNA, RNA and nucleotide metabolism"
Pharokka_8B-EC78_2_CDS_0027,unknown function
Pharokka_8B-EC78_2_CDS_0028,unknown function
Pharokka_8B-EC78_2_CDS_0029,tail
Pharokka_8B-EC78_2_CDS_0030,unknown function
Pharokka_8B-EC78_2_CDS_0031,lysis
Pharokka_8B-EC78_2_CDS_0032,unknown function
Pharokka_8B-EC78_2_CDS_0033,lysis
Pharokka_8B-EC78_2_CDS_0034,lysis
Pharokka_8B-EC78_2_CDS_0035,unknown function
Pharokka_8B-EC78_2_CDS_0036,integration and excision
Pharokka_8B-EC78_2_CDS_0037,unknown function
Pharokka_8B-EC78_2_CDS_0038,other
Pharokka_8B-EC78_2_CDS_0039,transcription regulation
Pharokka_8B-EC78_2_CDS_0040,"moron, auxiliary metabolic gene and host takeover"
Pharokka_8B-EC78_2_CDS_0041,integration and excision
Pharokka_8B-EC78_2_CDS_0042,"DNA, RNA and nucleotide metabolism"
Pharokka_8B-EC78_2_CDS_0043,"DNA, RNA and nucleotide metabolism"
Pharokka_8B-EC78_2_CDS_0044,unknown function
Pharokka_8B-EC78_2_CDS_0045,unknown function
Pharokka_8B-EC78_2_CDS_0046,unknown function
Pharokka_8B-EC78_2_CDS_0047,transcription regulation
Pharokka_8B-EC78_2_CDS_0048,unknown function
Pharokka_8B-EC78_2_CDS_0049,unknown function
Pharokka_8B-EC78_2_CDS_0050,unknown function
Pharokka_8B-EC78_2_CDS_0051,"DNA, RNA and nucleotide metabolism"
Pharokka_8B-EC78_2_CDS_0052,"DNA, RNA and nucleotide metabolism"
Pharokka_8B-EC78_2_CDS_0053,"DNA, RNA and nucleotide metabolism"
Pharokka_8B-EC78_2_CDS_0054,unknown function
Pharokka_8B-EC78_2_CDS_0055,"moron, auxiliary metabolic gene and host takeover"
Pharokka_8B-EC78_2_CDS_0056,other
Pharokka_8B-EC78_2_CDS_0057,unknown function
Pharokka_8B-EC78_2_CDS_0058,"moron, auxiliary metabolic gene and host takeover"
Pharokka_8B-EC78_2_CDS_0059,unknown function
Pharokka_8B-EC78_2_CDS_0060,transcription regulation
Pharokka_8B-EC78_2_CDS_0061,unknown function
Pharokka_8B-EC78_2_CDS_0062,head and packaging
Pharokka_ST001-ECM1_2_CDS_0001,head and packaging
Pharokka_ST001-ECM1_2_CDS_0002,unknown function
Pharokka_ST001-ECM1_2_CDS_0003,head and packaging
Pharokka_ST001-ECM1_2_CDS_0004,other
Pharokka_ST001-ECM1_2_CDS_0005,unknown function
Pharokka_ST001-ECM1_2_CDS_0006,head and packaging
Pharokka_ST001-ECM1_2_CDS_0007,head and packaging
Pharokka_ST001-ECM1_2_CDS_0008,unknown function
Pharokka_ST001-ECM1_2_CDS_0009,unknown function
Pharokka_ST001-ECM1_2_CDS_0010,unknown function
Pharokka_ST001-ECM1_2_CDS_0011,connector
Pharokka_ST001-ECM1_2_CDS_0012,head and packaging
Pharokka_ST001-ECM1_2_CDS_0013,connector
Pharokka_ST001-ECM1_2_CDS_0014,tail
Pharokka_ST001-ECM1_2_CDS_0015,head and packaging
Pharokka_ST001-ECM1_2_CDS_0016,tail
Pharokka_ST001-ECM1_2_CDS_0017,unknown function
Pharokka_ST001-ECM1_2_CDS_0018,unknown function
Pharokka_ST001-ECM1_2_CDS_0019,tail
Pharokka_ST001-ECM1_2_CDS_0020,tail
Pharokka_ST001-ECM1_2_CDS_0021,head and packaging
Pharokka_ST001-ECM1_2_CDS_0022,tail
Pharokka_ST001-ECM1_2_CDS_0023,tail
Pharokka_ST001-ECM1_2_CDS_0024,tail
Pharokka_ST001-ECM1_2_CDS_0025,tail
Pharokka_ST001-ECM1_2_CDS_0026,tail
Pharokka_ST001-ECM1_2_CDS_0027,tail
Pharokka_ST001-ECM1_2_CDS_0028,unknown function
Pharokka_ST001-ECM1_2_CDS_0029,tail
Pharokka_ST001-ECM1_2_CDS_0030,tail
Pharokka_ST001-ECM1_2_CDS_0031,head and packaging
Pharokka_ST001-ECM1_2_CDS_0032,tail
Pharokka_ST001-ECM1_2_CDS_0033,unknown function
Pharokka_ST001-ECM1_2_CDS_0034,tail
Pharokka_ST001-ECM1_2_CDS_0035,tail
Pharokka_ST001-ECM1_2_CDS_0036,tail
Pharokka_ST001-ECM1_2_CDS_0037,tail
Pharokka_ST001-ECM1_2_CDS_0038,tail
Pharokka_ST001-ECM1_2_CDS_0039,unknown function
Pharokka_ST001-ECM1_2_CDS_0040,tail
Pharokka_ST001-ECM1_2_CDS_0041,"moron, auxiliary metabolic gene and host takeover"
Pharokka_ST001-ECM1_2_CDS_0042,tail
Pharokka_ST001-ECM1_2_CDS_0043,head and packaging
Pharokka_ST001-ECM1_2_CDS_0044,unknown function
Pharokka_ST001-ECM1_2_CDS_0045,unknown function
Pharokka_ST001-ECM1_2_CDS_0046,unknown function
Pharokka_ST001-ECM1_2_CDS_0047,unknown function
Pharokka_ST001-ECM1_2_CDS_0048,head and packaging
Pharokka_ST001-ECM1_2_CDS_0049,unknown function
Pharokka_ST001-ECM1_2_CDS_0050,unknown function
Pharokka_ST001-ECM1_2_CDS_0051,unknown function
Pharokka_ST001-ECM1_2_CDS_0052,tail
Pharokka_ST001-ECM1_2_CDS_0053,unknown function
Pharokka_ST001-ECM1_2_CDS_0054,unknown function
Pharokka_ST001-ECM1_2_CDS_0055,unknown function
Pharokka_ST001-ECM1_2_CDS_0056,unknown function
Pharokka_ST001-ECM1_2_CDS_0057,"DNA, RNA and nucleotide metabolism"
Pharokka_ST001-ECM1_2_CDS_0058,"DNA, RNA and nucleotide metabolism"
Pharokka_ST001-ECM1_2_CDS_0059,unknown function
Pharokka_ST001-ECM1_2_CDS_0060,unknown function
Pharokka_ST001-ECM1_2_CDS_0061,unknown function
Pharokka_ST001-ECM1_2_CDS_0062,unknown function
Pharokka_ST001-ECM1_2_CDS_0063,unknown function
Pharokka_ST001-ECM1_2_CDS_0064,other
Pharokka_ST001-ECM1_2_CDS_0065,other
Pharokka_ST001-ECM1_2_CDS_0066,unknown function
Pharokka_ST001-ECM1_2_CDS_0067,unknown function
Pharokka_ST001-ECM1_2_CDS_0068,lysis
Pharokka_ST001-ECM1_2_CDS_0069,lysis
Pharokka_ST001-ECM1_2_CDS_0070,lysis
Pharokka_ST001-ECM1_2_CDS_0071,"DNA, RNA and nucleotide metabolism"
Pharokka_ST001-ECM1_2_CDS_0072,unknown function
Pharokka_ST001-ECM1_2_CDS_0073,other
Pharokka_ST001-ECM1_2_CDS_0074,unknown function
Pharokka_ST001-ECM1_2_CDS_0075,"DNA, RNA and nucleotide metabolism"
Pharokka_ST001-ECM1_2_CDS_0076,unknown function
Pharokka_ST001-ECM1_2_CDS_0077,other
Pharokka_ST001-ECM1_2_CDS_0078,"DNA, RNA and nucleotide metabolism"
Pharokka_ST001-ECM1_2_CDS_0079,"DNA, RNA and nucleotide metabolism"
Pharokka_ST001-ECM1_2_CDS_0080,unknown function
Pharokka_ST001-ECM1_2_CDS_0081,unknown function
Pharokka_ST001-ECM1_2_CDS_0082,unknown function
Pharokka_ST001-ECM1_2_CDS_0083,unknown function
Pharokka_ST001-ECM1_2_CDS_0084,unknown function
Pharokka_ST001-ECM1_2_CDS_0085,unknown function
Pharokka_ST001-ECM1_2_CDS_0086,unknown function
Pharokka_ST001-ECM1_2_CDS_0087,unknown function
Pharokka_ST001-ECM1_2_CDS_0088,unknown function
Pharokka_ST001-ECM1_2_CDS_0089,unknown function
Pharokka_ST001-ECM1_2_CDS_0090,"DNA, RNA and nucleotide metabolism"
Pharokka_ST001-ECM1_2_CDS_0091,unknown function
Pharokka_ST001-ECM1_2_CDS_0092,unknown function
Pharokka_ST001-ECM1_2_CDS_0093,unknown function
Pharokka_ST001-ECM1_2_CDS_0094,unknown function
Pharokka_ST001-ECM1_2_CDS_0095,other
Pharokka_ST001-ECM1_2_CDS_0096,unknown function
Pharokka_ST001-ECM1_2_CDS_0097,unknown function
Pharokka_ST001-ECM1_2_CDS_0098,unknown function
Pharokka_ST001-ECM1_2_CDS_0099,unknown function
Pharokka_ST001-ECM1_2_CDS_0100,unknown function
Pharokka_ST001-ECM1_2_CDS_0101,"DNA, RNA and nucleotide metabolism"
Pharokka_ST001-ECM1_2_CDS_0102,unknown function
Pharokka_ST001-ECM1_2_CDS_0103,unknown function
Pharokka_ST001-ECM1_2_CDS_0104,unknown function
Pharokka_ST001-ECM1_2_CDS_0105,unknown function
Pharokka_ST001-ECM1_2_CDS_0106,unknown function
Pharokka_ST001-ECM1_2_CDS_0107,unknown function
Pharokka_ST001-ECM1_2_CDS_0108,unknown function
Pharokka_ST001-ECM1_2_CDS_0109,unknown function
Pharokka_ST001-ECM1_2_CDS_0110,unknown function
Pharokka_ST001-ECM1_2_CDS_0111,unknown function
Pharokka_ST001-ECM1_2_CDS_0112,unknown function
Pharokka_ST001-ECM1_2_CDS_0113,unknown function
Pharokka_ST001-ECM1_2_CDS_0114,unknown function
Pharokka_ST001-ECM1_2_CDS_0115,unknown function
Pharokka_ST001-ECM1_2_CDS_0116,unknown function
Pharokka_ST001-ECM1_2_CDS_0117,unknown function
Pharokka_ST001-ECM1_2_CDS_0118,unknown function
Pharokka_ST001-ECM1_2_CDS_0119,unknown function
Pharokka_ST001-ECM1_2_CDS_0120,unknown function
Pharokka_ST001-ECM1_2_CDS_0121,unknown function
Pharokka_ST001-ECM1_2_CDS_0122,unknown function
Pharokka_ST001-ECM1_2_CDS_0123,unknown function
Pharokka_ST001-ECM1_2_CDS_0124,unknown function
Pharokka_ST001-ECM1_2_CDS_0125,unknown function
Pharokka_ST001-ECM1_2_CDS_0126,unknown function
Pharokka_ST001-ECM1_2_CDS_0127,unknown function
Pharokka_ST001-ECM1_2_CDS_0128,head and packaging
Pharokka_ST001-ECM1_2_CDS_0129,unknown function
Pharokka_ST001-ECM1_2_CDS_0130,unknown function
Pharokka_ST001-ECM1_2_CDS_0131,unknown function
Pharokka_ST001-ECM1_2_CDS_0132,unknown function
Pharokka_ST001-ECM1_2_CDS_0133,unknown function
Pharokka_ST001-ECM1_2_CDS_0134,unknown function
Pharokka_ST001-ECM1_2_CDS_0135,unknown function
Pharokka_ST001-ECM1_2_CDS_0136,unknown function
Pharokka_ST001-ECM1_2_CDS_0137,unknown function
Pharokka_ST001-ECM1_2_CDS_0138,unknown function
Pharokka_ST001-ECM1_2_CDS_0139,unknown function
Pharokka_ST001-ECM1_2_CDS_0140,unknown function
Pharokka_ST001-ECM1_2_CDS_0141,unknown function
Pharokka_ST001-ECM1_2_CDS_0142,unknown function
Pharokka_ST001-ECM1_2_CDS_0143,unknown function
Pharokka_ST001-ECM1_2_CDS_0144,unknown function
Pharokka_ST001-ECM1_2_CDS_0145,unknown function
Pharokka_ST001-ECM1_2_CDS_0146,unknown function
Pharokka_ST001-ECM1_2_CDS_0147,unknown function
Pharokka_ST001-ECM1_2_CDS_0148,unknown function
Pharokka_ST001-ECM1_2_CDS_0149,unknown function
Pharokka_ST001-ECM1_2_CDS_0150,unknown function
Pharokka_ST001-ECM1_2_CDS_0151,unknown function
Pharokka_ST001-ECM1_2_CDS_0152,tail
Pharokka_ST001-ECM1_2_CDS_0153,unknown function
Pharokka_ST001-ECM1_2_CDS_0154,unknown function
Pharokka_ST001-ECM1_2_CDS_0155,unknown function
Pharokka_ST001-ECM1_2_CDS_0156,unknown function
Pharokka_ST001-ECM1_2_CDS_0157,unknown function
Pharokka_ST001-ECM1_2_CDS_0158,unknown function
Pharokka_ST001-ECM1_2_CDS_0159,tail
Pharokka_ST001-ECM1_2_CDS_0160,unknown function
Pharokka_ST001-ECM1_2_CDS_0161,unknown function
Pharokka_ST001-ECM1_2_CDS_0162,unknown function
Pharokka_ST001-ECM1_2_CDS_0163,transcription regulation
Pharokka_ST001-ECM1_2_CDS_0164,unknown function
Pharokka_ST001-ECM1_2_CDS_0165,unknown function
Pharokka_ST001-ECM1_2_CDS_0166,unknown function
Pharokka_ST001-ECM1_2_CDS_0167,unknown function
Pharokka_ST001-ECM1_2_CDS_0168,unknown function
Pharokka_ST001-ECM1_2_CDS_0169,unknown function
Pharokka_ST001-ECM1_2_CDS_0170,unknown function
Pharokka_ST001-ECM1_2_CDS_0171,unknown function
Pharokka_ST001-ECM1_2_CDS_0172,unknown function
Pharokka_ST001-ECM1_2_CDS_0173,unknown function
Pharokka_ST001-ECM1_2_CDS_0174,unknown function
Pharokka_ST001-ECM1_2_CDS_0175,unknown function
Pharokka_ST001-ECM1_2_CDS_0176,other
Pharokka_ST001-ECM1_2_CDS_0177,unknown function
Pharokka_ST001-ECM1_2_CDS_0178,unknown function
Pharokka_ST001-ECM1_2_CDS_0179,unknown function
Pharokka_ST001-ECM1_2_CDS_0180,unknown function
Pharokka_ST001-ECM1_2_CDS_0181,unknown function
Pharokka_ST001-ECM1_2_CDS_0182,unknown function
Pharokka_ST001-ECM1_2_CDS_0183,unknown function
Pharokka_ST001-ECM1_2_CDS_0184,unknown function
Pharokka_ST001-ECM1_2_CDS_0185,unknown function
Pharokka_ST001-ECM1_2_CDS_0186,unknown function
Pharokka_ST001-ECM1_2_CDS_0187,unknown function
Pharokka_ST001-ECM1_2_CDS_0188,head and packaging
Pharokka_ST001-ECM1_2_CDS_0189,unknown function
Pharokka_ST001-ECM1_2_CDS_0190,unknown function
Pharokka_ST001-ECM1_2_CDS_0191,unknown function
Pharokka_ST001-ECM1_2_CDS_0192,unknown function
Pharokka_ST001-ECM1_2_CDS_0193,unknown function
Pharokka_ST001-ECM1_2_CDS_0194,unknown function
Pharokka_ST001-ECM1_2_CDS_0195,unknown function
Pharokka_ST001-ECM1_2_CDS_0196,unknown function
Pharokka_ST001-ECM1_2_CDS_0197,unknown function
Pharokka_ST001-ECM1_2_CDS_0198,other
Pharokka_ST001-ECM1_2_CDS_0199,other
Pharokka_ST001-ECM1_2_CDS_0200,connector
Pharokka_ST001-ECM1_2_CDS_0201,other
Pharokka_ST001-ECM1_2_CDS_0202,unknown function
Pharokka_ST001-ECM1_2_CDS_0203,unknown function
Pharokka_ST001-ECM1_2_CDS_0204,"DNA, RNA and nucleotide metabolism"
Pharokka_ST001-ECM1_2_CDS_0205,"DNA, RNA and nucleotide metabolism"
Pharokka_ST001-ECM1_2_CDS_0206,"moron, auxiliary metabolic gene and host takeover"
Pharokka_ST001-ECM1_2_CDS_0207,"DNA, RNA and nucleotide metabolism"
Pharokka_ST001-ECM1_2_CDS_0208,"DNA, RNA and nucleotide metabolism"
Pharokka_ST001-ECM1_2_CDS_0209,"DNA, RNA and nucleotide metabolism"
Pharokka_ST001-ECM1_2_CDS_0210,unknown function
Pharokka_ST001-ECM1_2_CDS_0211,unknown function
Pharokka_ST001-ECM1_2_CDS_0212,unknown function
Pharokka_ST001-ECM1_2_CDS_0213,"DNA, RNA and nucleotide metabolism"
Pharokka_ST001-ECM1_2_CDS_0214,unknown function
Pharokka_ST001-ECM1_2_CDS_0215,unknown function
Pharokka_ST001-ECM1_2_CDS_0216,other
Pharokka_ST001-ECM1_2_CDS_0217,unknown function
Pharokka_ST001-ECM1_2_CDS_0218,unknown function
Pharokka_ST001-ECM1_2_CDS_0219,"moron, auxiliary metabolic gene and host takeover"
Pharokka_ST001-ECM1_2_CDS_0220,"DNA, RNA and nucleotide metabolism"
Pharokka_ST001-ECM1_2_CDS_0221,"DNA, RNA and nucleotide metabolism"
Pharokka_ST001-ECM1_2_CDS_0222,"DNA, RNA and nucleotide metabolism"
Pharokka_ST001-ECM1_2_CDS_0223,"DNA, RNA and nucleotide metabolism"
Pharokka_ST001-ECM1_2_CDS_0224,unknown function
Pharokka_ST001-ECM1_2_CDS_0225,"DNA, RNA and nucleotide metabolism"
Pharokka_ST001-ECM1_2_CDS_0226,integration and excision
Pharokka_ST001-ECM1_2_CDS_0227,unknown function
Pharokka_ST001-ECM1_2_CDS_0228,"DNA, RNA and nucleotide metabolism"
Pharokka_ST001-ECM1_2_CDS_0229,unknown function
Pharokka_ST001-ECM1_2_CDS_0230,lysis
Pharokka_ST001-ECM1_2_CDS_0231,"DNA, RNA and nucleotide metabolism"
Pharokka_ST001-ECM1_2_CDS_0232,unknown function
Pharokka_ST001-ECM1_2_CDS_0233,unknown function
Pharokka_ST001-ECM1_2_CDS_0234,other
Pharokka_ST001-ECM1_2_CDS_0235,"DNA, RNA and nucleotide metabolism"
Pharokka_ST001-ECM1_2_CDS_0236,other
Pharokka_ST001-ECM1_2_CDS_0237,tail
Pharokka_ST001-ECM1_2_CDS_0238,other
Pharokka_ST001-ECM1_2_CDS_0239,other
Pharokka_ST001-ECM1_2_CDS_0240,"DNA, RNA and nucleotide metabolism"
Pharokka_ST001-ECM1_2_CDS_0241,unknown function
Pharokka_ST001-ECM1_2_CDS_0242,unknown function
Pharokka_ST001-ECM1_2_CDS_0243,unknown function
Pharokka_ST001-ECM1_2_CDS_0244,unknown function
Pharokka_ST001-ECM1_2_CDS_0245,unknown function
Pharokka_ST001-ECM1_2_CDS_0246,unknown function
Pharokka_ST001-ECM1_2_CDS_0247,unknown function
Pharokka_ST001-ECM1_2_CDS_0248,tail
Pharokka_ST001-ECM1_2_CDS_0249,unknown function
Pharokka_ST001-ECM1_2_CDS_0250,unknown function
Pharokka_ST001-ECM1_2_CDS_0251,lysis
Pharokka_ST001-ECM1_2_CDS_0252,lysis
Pharokka_ST001-ECM1_2_CDS_0253,head and packaging
Pharokka_ST001-ECM1_2_CDS_0254,"DNA, RNA and nucleotide metabolism"
Pharokka_Escherichia_phage_ESCO13_CDS_0001,head and packaging
Pharokka_Escherichia_phage_ESCO13_CDS_0002,head and packaging
Pharokka_Escherichia_phage_ESCO13_CDS_0003,other
Pharokka_Escherichia_phage_ESCO13_CDS_0004,head and packaging
Pharokka_Escherichia_phage_ESCO13_CDS_0005,head and packaging
Pharokka_Escherichia_phage_ESCO13_CDS_0006,head and packaging
Pharokka_Escherichia_phage_ESCO13_CDS_0007,unknown function
Pharokka_Escherichia_phage_ESCO13_CDS_0008,unknown function
Pharokka_Escherichia_phage_ESCO13_CDS_0009,connector
Pharokka_Escherichia_phage_ESCO13_CDS_0010,head and packaging
Pharokka_Escherichia_phage_ESCO13_CDS_0011,connector
Pharokka_Escherichia_phage_ESCO13_CDS_0012,tail
Pharokka_Escherichia_phage_ESCO13_CDS_0013,head and packaging
Pharokka_Escherichia_phage_ESCO13_CDS_0014,tail
Pharokka_Escherichia_phage_ESCO13_CDS_0015,unknown function
Pharokka_Escherichia_phage_ESCO13_CDS_0016,tail
Pharokka_Escherichia_phage_ESCO13_CDS_0017,unknown function
Pharokka_Escherichia_phage_ESCO13_CDS_0018,tail
Pharokka_Escherichia_phage_ESCO13_CDS_0019,head and packaging
Pharokka_Escherichia_phage_ESCO13_CDS_0020,tail
Pharokka_Escherichia_phage_ESCO13_CDS_0021,tail
Pharokka_Escherichia_phage_ESCO13_CDS_0022,tail
Pharokka_Escherichia_phage_ESCO13_CDS_0023,tail
Pharokka_Escherichia_phage_ESCO13_CDS_0024,tail
Pharokka_Escherichia_phage_ESCO13_CDS_0025,tail
Pharokka_Escherichia_phage_ESCO13_CDS_0026,"moron, auxiliary metabolic gene and host takeover"
Pharokka_Escherichia_phage_ESCO13_CDS_0027,tail
Pharokka_Escherichia_phage_ESCO13_CDS_0028,tail
Pharokka_Escherichia_phage_ESCO13_CDS_0029,tail
Pharokka_Escherichia_phage_ESCO13_CDS_0030,tail
Pharokka_Escherichia_phage_ESCO13_CDS_0031,other
Pharokka_Escherichia_phage_ESCO13_CDS_0032,"moron, auxiliary metabolic gene and host takeover"
Pharokka_Escherichia_phage_ESCO13_CDS_0033,tail
Pharokka_Escherichia_phage_ESCO13_CDS_0034,tail
Pharokka_Escherichia_phage_ESCO13_CDS_0035,"DNA, RNA and nucleotide metabolism"
Pharokka_Escherichia_phage_ESCO13_CDS_0036,unknown function
Pharokka_Escherichia_phage_ESCO13_CDS_0037,"DNA, RNA and nucleotide metabolism"
Pharokka_Escherichia_phage_ESCO13_CDS_0038,unknown function
Pharokka_Escherichia_phage_ESCO13_CDS_0039,unknown function
Pharokka_Escherichia_phage_ESCO13_CDS_0040,unknown function
Pharokka_Escherichia_phage_ESCO13_CDS_0041,"DNA, RNA and nucleotide metabolism"
Pharokka_Escherichia_phage_ESCO13_CDS_0042,"moron, auxiliary metabolic gene and host takeover"
Pharokka_Escherichia_phage_ESCO13_CDS_0043,unknown function
Pharokka_Escherichia_phage_ESCO13_CDS_0044,"DNA, RNA and nucleotide metabolism"
Pharokka_Escherichia_phage_ESCO13_CDS_0045,unknown function
Pharokka_Escherichia_phage_ESCO13_CDS_0046,"moron, auxiliary metabolic gene and host takeover"
Pharokka_Escherichia_phage_ESCO13_CDS_0047,"moron, auxiliary metabolic gene and host takeover"
Pharokka_Escherichia_phage_ESCO13_CDS_0048,"moron, auxiliary metabolic gene and host takeover"
Pharokka_Escherichia_phage_ESCO13_CDS_0049,"moron, auxiliary metabolic gene and host takeover"
Pharokka_Escherichia_phage_ESCO13_CDS_0050,unknown function
Pharokka_Escherichia_phage_ESCO13_CDS_0051,unknown function
Pharokka_Escherichia_phage_ESCO13_CDS_0052,unknown function
Pharokka_Escherichia_phage_ESCO13_CDS_0053,lysis
Pharokka_Escherichia_phage_ESCO13_CDS_0054,"DNA, RNA and nucleotide metabolism"
Pharokka_Escherichia_phage_ESCO13_CDS_0055,unknown function
Pharokka_Escherichia_phage_ESCO13_CDS_0056,unknown function
Pharokka_Escherichia_phage_ESCO13_CDS_0057,"DNA, RNA and nucleotide metabolism"
Pharokka_Escherichia_phage_ESCO13_CDS_0058,unknown function
Pharokka_Escherichia_phage_ESCO13_CDS_0059,unknown function
Pharokka_Escherichia_phage_ESCO13_CDS_0060,unknown function
Pharokka_Escherichia_phage_ESCO13_CDS_0061,unknown function
Pharokka_Escherichia_phage_ESCO13_CDS_0062,unknown function
Pharokka_Escherichia_phage_ESCO13_CDS_0063,"moron, auxiliary metabolic gene and host takeover"
Pharokka_Escherichia_phage_ESCO13_CDS_0064,"DNA, RNA and nucleotide metabolism"
Pharokka_Escherichia_phage_ESCO13_CDS_0065,unknown function
Pharokka_Escherichia_phage_ESCO13_CDS_0066,unknown function
Pharokka_Escherichia_phage_ESCO13_CDS_0067,unknown function
Pharokka_Escherichia_phage_ESCO13_CDS_0068,"moron, auxiliary metabolic gene and host takeover"
Pharokka_Escherichia_phage_ESCO13_CDS_0069,unknown function
Pharokka_Escherichia_phage_ESCO13_CDS_0070,other
Pharokka_Escherichia_phage_ESCO13_CDS_0071,"moron, auxiliary metabolic gene and host takeover"
Pharokka_Escherichia_phage_ESCO13_CDS_0072,other
Pharokka_Escherichia_phage_ESCO13_CDS_0073,other
Pharokka_Escherichia_phage_ESCO13_CDS_0074,unknown function
Pharokka_Escherichia_phage_ESCO13_CDS_0075,"DNA, RNA and nucleotide metabolism"
Pharokka_Escherichia_phage_ESCO13_CDS_0076,"moron, auxiliary metabolic gene and host takeover"
Pharokka_Escherichia_phage_ESCO13_CDS_0077,"DNA, RNA and nucleotide metabolism"
Pharokka_Escherichia_phage_ESCO13_CDS_0078,"DNA, RNA and nucleotide metabolism"
Pharokka_Escherichia_phage_ESCO13_CDS_0079,unknown function
Pharokka_Escherichia_phage_ESCO13_CDS_0080,"DNA, RNA and nucleotide metabolism"
Pharokka_Escherichia_phage_ESCO13_CDS_0081,unknown function
Pharokka_Escherichia_phage_ESCO13_CDS_0082,unknown function
Pharokka_Escherichia_phage_ESCO13_CDS_0083,"DNA, RNA and nucleotide metabolism"
Pharokka_Escherichia_phage_ESCO13_CDS_0084,unknown function
Pharokka_Escherichia_phage_ESCO13_CDS_0085,unknown function
Pharokka_Escherichia_phage_ESCO13_CDS_0086,unknown function
Pharokka_Escherichia_phage_ESCO13_CDS_0087,unknown function
Pharokka_Escherichia_phage_ESCO13_CDS_0088,unknown function
Pharokka_Escherichia_phage_ESCO13_CDS_0089,unknown function
Pharokka_Escherichia_phage_ESCO13_CDS_0090,unknown function
Pharokka_Escherichia_phage_ESCO13_CDS_0091,unknown function
Pharokka_Escherichia_phage_ESCO13_CDS_0092,unknown function
Pharokka_Escherichia_phage_ESCO13_CDS_0093,unknown function
Pharokka_Escherichia_phage_ESCO13_CDS_0094,unknown function
Pharokka_Escherichia_phage_ESCO13_CDS_0095,unknown function
Pharokka_Escherichia_phage_ESCO13_CDS_0096,unknown function
Pharokka_Escherichia_phage_ESCO13_CDS_0097,unknown function
Pharokka_Escherichia_phage_ESCO13_CDS_0098,head and packaging
Pharokka_Escherichia_phage_ESCO13_CDS_0099,unknown function
Pharokka_Escherichia_phage_ESCO13_CDS_0100,unknown function
Pharokka_Escherichia_phage_ESCO13_CDS_0101,unknown function
Pharokka_Escherichia_phage_ESCO13_CDS_0102,unknown function
Pharokka_Escherichia_phage_ESCO13_CDS_0103,unknown function
Pharokka_Escherichia_phage_ESCO13_CDS_0104,unknown function
Pharokka_Escherichia_phage_ESCO13_CDS_0105,unknown function
Pharokka_Escherichia_phage_ESCO13_CDS_0106,unknown function
Pharokka_Escherichia_phage_ESCO13_CDS_0107,unknown function
Pharokka_Escherichia_phage_ESCO13_CDS_0108,other
Pharokka_Escherichia_phage_ESCO13_CDS_0109,"DNA, RNA and nucleotide metabolism"
Pharokka_Escherichia_phage_ESCO13_CDS_0110,unknown function
Pharokka_Escherichia_phage_ESCO13_CDS_0111,unknown function
Pharokka_Escherichia_phage_ESCO13_CDS_0112,other
Pharokka_Escherichia_phage_ESCO13_CDS_0113,unknown function
Pharokka_Escherichia_phage_ESCO13_CDS_0114,unknown function
Pharokka_Escherichia_phage_ESCO13_CDS_0115,unknown function
Pharokka_Escherichia_phage_ESCO13_CDS_0116,unknown function
Pharokka_Escherichia_phage_ESCO13_CDS_0117,unknown function
Pharokka_Escherichia_phage_ESCO13_CDS_0118,unknown function
Pharokka_Escherichia_phage_ESCO13_CDS_0119,unknown function
Pharokka_Escherichia_phage_ESCO13_CDS_0120,unknown function
Pharokka_Escherichia_phage_ESCO13_CDS_0121,unknown function
Pharokka_Escherichia_phage_ESCO13_CDS_0122,unknown function
Pharokka_Escherichia_phage_ESCO13_CDS_0123,unknown function
Pharokka_Escherichia_phage_ESCO13_CDS_0124,unknown function
Pharokka_Escherichia_phage_ESCO13_CDS_0125,unknown function
Pharokka_Escherichia_phage_ESCO13_CDS_0126,unknown function
Pharokka_Escherichia_phage_ESCO13_CDS_0127,unknown function
Pharokka_Escherichia_phage_ESCO13_CDS_0128,unknown function
Pharokka_Escherichia_phage_ESCO13_CDS_0129,unknown function
Pharokka_Escherichia_phage_ESCO13_CDS_0130,unknown function
Pharokka_Escherichia_phage_ESCO13_CDS_0131,unknown function
Pharokka_Escherichia_phage_ESCO13_CDS_0132,unknown function
Pharokka_Escherichia_phage_ESCO13_CDS_0133,unknown function
Pharokka_Escherichia_phage_ESCO13_CDS_0134,unknown function
Pharokka_Escherichia_phage_ESCO13_CDS_0135,unknown function
Pharokka_Escherichia_phage_ESCO13_CDS_0136,unknown function
Pharokka_Escherichia_phage_ESCO13_CDS_0137,"moron, auxiliary metabolic gene and host takeover"
Pharokka_Escherichia_phage_ESCO13_CDS_0138,unknown function
Pharokka_Escherichia_phage_ESCO13_CDS_0139,unknown function
Pharokka_Escherichia_phage_ESCO13_CDS_0140,unknown function
Pharokka_Escherichia_phage_ESCO13_CDS_0141,unknown function
Pharokka_Escherichia_phage_ESCO13_CDS_0142,unknown function
Pharokka_Escherichia_phage_ESCO13_CDS_0143,unknown function
Pharokka_Escherichia_phage_ESCO13_CDS_0144,unknown function
Pharokka_Escherichia_phage_ESCO13_CDS_0145,unknown function
Pharokka_Escherichia_phage_ESCO13_CDS_0146,unknown function
Pharokka_Escherichia_phage_ESCO13_CDS_0147,unknown function
Pharokka_Escherichia_phage_ESCO13_CDS_0148,unknown function
Pharokka_Escherichia_phage_ESCO13_CDS_0149,unknown function
Pharokka_Escherichia_phage_ESCO13_CDS_0150,unknown function
Pharokka_Escherichia_phage_ESCO13_CDS_0151,unknown function
Pharokka_Escherichia_phage_ESCO13_CDS_0152,unknown function
Pharokka_Escherichia_phage_ESCO13_CDS_0153,unknown function
Pharokka_Escherichia_phage_ESCO13_CDS_0154,unknown function
Pharokka_Escherichia_phage_ESCO13_CDS_0155,unknown function
Pharokka_Escherichia_phage_ESCO13_CDS_0156,unknown function
Pharokka_Escherichia_phage_ESCO13_CDS_0157,unknown function
Pharokka_Escherichia_phage_ESCO13_CDS_0158,unknown function
Pharokka_Escherichia_phage_ESCO13_CDS_0159,unknown function
Pharokka_Escherichia_phage_ESCO13_CDS_0160,unknown function
Pharokka_Escherichia_phage_ESCO13_CDS_0161,unknown function
Pharokka_Escherichia_phage_ESCO13_CDS_0162,unknown function
Pharokka_Escherichia_phage_ESCO13_CDS_0163,unknown function
Pharokka_Escherichia_phage_ESCO13_CDS_0164,unknown function
Pharokka_Escherichia_phage_ESCO13_CDS_0165,unknown function
Pharokka_Escherichia_phage_ESCO13_CDS_0166,unknown function
Pharokka_Escherichia_phage_ESCO13_CDS_0167,unknown function
Pharokka_Escherichia_phage_ESCO13_CDS_0168,unknown function
Pharokka_Escherichia_phage_ESCO13_CDS_0169,unknown function
Pharokka_Escherichia_phage_ESCO13_CDS_0170,unknown function
Pharokka_Escherichia_phage_ESCO13_CDS_0171,unknown function
Pharokka_Escherichia_phage_ESCO13_CDS_0172,unknown function
Pharokka_Escherichia_phage_ESCO13_CDS_0173,unknown function
Pharokka_Escherichia_phage_ESCO13_CDS_0174,unknown function
Pharokka_Escherichia_phage_ESCO13_CDS_0175,unknown function
Pharokka_Escherichia_phage_ESCO13_CDS_0176,unknown function
Pharokka_Escherichia_phage_ESCO13_CDS_0177,unknown function
Pharokka_Escherichia_phage_ESCO13_CDS_0178,unknown function
Pharokka_Escherichia_phage_ESCO13_CDS_0179,unknown function
Pharokka_Escherichia_phage_ESCO13_CDS_0180,unknown function
Pharokka_Escherichia_phage_ESCO13_CDS_0181,unknown function
Pharokka_Escherichia_phage_ESCO13_CDS_0182,unknown function
Pharokka_Escherichia_phage_ESCO13_CDS_0183,unknown function
Pharokka_Escherichia_phage_ESCO13_CDS_0184,unknown function
Pharokka_Escherichia_phage_ESCO13_CDS_0185,unknown function
Pharokka_Escherichia_phage_ESCO13_CDS_0186,unknown function
Pharokka_Escherichia_phage_ESCO13_CDS_0187,unknown function
Pharokka_Escherichia_phage_ESCO13_CDS_0188,unknown function
Pharokka_Escherichia_phage_ESCO13_CDS_0189,unknown function
Pharokka_Escherichia_phage_ESCO13_CDS_0190,unknown function
Pharokka_Escherichia_phage_ESCO13_CDS_0191,unknown function
Pharokka_Escherichia_phage_ESCO13_CDS_0192,unknown function
Pharokka_Escherichia_phage_ESCO13_CDS_0193,unknown function
Pharokka_Escherichia_phage_ESCO13_CDS_0194,unknown function
Pharokka_Escherichia_phage_ESCO13_CDS_0195,unknown function
Pharokka_Escherichia_phage_ESCO13_CDS_0196,"DNA, RNA and nucleotide metabolism"
Pharokka_Escherichia_phage_ESCO13_CDS_0197,unknown function
Pharokka_Escherichia_phage_ESCO13_CDS_0198,unknown function
Pharokka_Escherichia_phage_ESCO13_CDS_0199,unknown function
Pharokka_Escherichia_phage_ESCO13_CDS_0200,unknown function
Pharokka_Escherichia_phage_ESCO13_CDS_0201,unknown function
Pharokka_Escherichia_phage_ESCO13_CDS_0202,unknown function
Pharokka_Escherichia_phage_ESCO13_CDS_0203,unknown function
Pharokka_Escherichia_phage_ESCO13_CDS_0204,unknown function
Pharokka_Escherichia_phage_ESCO13_CDS_0205,unknown function
Pharokka_Escherichia_phage_ESCO13_CDS_0206,unknown function
Pharokka_Escherichia_phage_ESCO13_CDS_0207,unknown function
Pharokka_Escherichia_phage_ESCO13_CDS_0208,unknown function
Pharokka_Escherichia_phage_ESCO13_CDS_0209,"DNA, RNA and nucleotide metabolism"
Pharokka_Escherichia_phage_ESCO13_CDS_0210,unknown function
Pharokka_Escherichia_phage_ESCO13_CDS_0211,unknown function
Pharokka_Escherichia_phage_ESCO13_CDS_0212,unknown function
Pharokka_Escherichia_phage_ESCO13_CDS_0213,unknown function
Pharokka_Escherichia_phage_ESCO13_CDS_0214,unknown function
Pharokka_Escherichia_phage_ESCO13_CDS_0215,unknown function
Pharokka_Escherichia_phage_ESCO13_CDS_0216,unknown function
Pharokka_Escherichia_phage_ESCO13_CDS_0217,unknown function
Pharokka_Escherichia_phage_ESCO13_CDS_0218,unknown function
Pharokka_Escherichia_phage_ESCO13_CDS_0219,"DNA, RNA and nucleotide metabolism"
Pharokka_Escherichia_phage_ESCO13_CDS_0220,unknown function
Pharokka_Escherichia_phage_ESCO13_CDS_0221,unknown function
Pharokka_Escherichia_phage_ESCO13_CDS_0222,other
Pharokka_Escherichia_phage_ESCO13_CDS_0223,unknown function
Pharokka_Escherichia_phage_ESCO13_CDS_0224,unknown function
Pharokka_Escherichia_phage_ESCO13_CDS_0225,unknown function
Pharokka_Escherichia_phage_ESCO13_CDS_0226,unknown function
Pharokka_Escherichia_phage_ESCO13_CDS_0227,unknown function
Pharokka_Escherichia_phage_ESCO13_CDS_0228,unknown function
Pharokka_Escherichia_phage_ESCO13_CDS_0229,unknown function
Pharokka_Escherichia_phage_ESCO13_CDS_0230,unknown function
Pharokka_Escherichia_phage_ESCO13_CDS_0231,"DNA, RNA and nucleotide metabolism"
Pharokka_Escherichia_phage_ESCO13_CDS_0232,unknown function
Pharokka_Escherichia_phage_ESCO13_CDS_0233,other
Pharokka_Escherichia_phage_ESCO13_CDS_0234,unknown function
Pharokka_Escherichia_phage_ESCO13_CDS_0235,"DNA, RNA and nucleotide metabolism"
Pharokka_Escherichia_phage_ESCO13_CDS_0236,unknown function
Pharokka_Escherichia_phage_ESCO13_CDS_0237,unknown function
Pharokka_Escherichia_phage_ESCO13_CDS_0238,unknown function
Pharokka_Escherichia_phage_ESCO13_CDS_0239,other
Pharokka_Escherichia_phage_ESCO13_CDS_0240,unknown function
Pharokka_Escherichia_phage_ESCO13_CDS_0241,other
Pharokka_Escherichia_phage_ESCO13_CDS_0242,unknown function
Pharokka_Escherichia_phage_ESCO13_CDS_0243,other
Pharokka_Escherichia_phage_ESCO13_CDS_0244,lysis
Pharokka_Escherichia_phage_ESCO13_CDS_0245,unknown function
Pharokka_Escherichia_phage_ESCO13_CDS_0246,"DNA, RNA and nucleotide metabolism"
Pharokka_Escherichia_phage_ESCO13_CDS_0247,"DNA, RNA and nucleotide metabolism"
Pharokka_Escherichia_phage_ESCO13_CDS_0248,"moron, auxiliary metabolic gene and host takeover"
Pharokka_Escherichia_phage_ESCO13_CDS_0249,"moron, auxiliary metabolic gene and host takeover"
Pharokka_Escherichia_phage_ESCO13_CDS_0250,"DNA, RNA and nucleotide metabolism"
Pharokka_Escherichia_phage_ESCO13_CDS_0251,unknown function
Pharokka_Escherichia_phage_ESCO13_CDS_0252,unknown function
Pharokka_Escherichia_phage_ESCO13_CDS_0253,unknown function
Pharokka_Escherichia_phage_ESCO13_CDS_0254,unknown function
Pharokka_Escherichia_phage_ESCO13_CDS_0255,"DNA, RNA and nucleotide metabolism"
Pharokka_Escherichia_phage_ESCO13_CDS_0256,unknown function
Pharokka_Escherichia_phage_ESCO13_CDS_0257,"DNA, RNA and nucleotide metabolism"
Pharokka_Escherichia_phage_ESCO13_CDS_0258,unknown function
Pharokka_Escherichia_phage_ESCO13_CDS_0259,unknown function
Pharokka_Escherichia_phage_ESCO13_CDS_0260,"DNA, RNA and nucleotide metabolism"
Pharokka_Escherichia_phage_ESCO13_CDS_0261,unknown function
Pharokka_Escherichia_phage_ESCO13_CDS_0262,"DNA, RNA and nucleotide metabolism"
Pharokka_Escherichia_phage_ESCO13_CDS_0263,unknown function
Pharokka_Escherichia_phage_ESCO13_CDS_0264,other
Pharokka_Escherichia_phage_ESCO13_CDS_0265,unknown function
Pharokka_Escherichia_phage_ESCO13_CDS_0266,"DNA, RNA and nucleotide metabolism"
Pharokka_Escherichia_phage_ESCO13_CDS_0267,"DNA, RNA and nucleotide metabolism"
Pharokka_Escherichia_phage_ESCO13_CDS_0268,unknown function
Pharokka_Escherichia_phage_ESCO13_CDS_0269,unknown function
Pharokka_Escherichia_phage_ESCO13_CDS_0270,unknown function
Pharokka_Escherichia_phage_ESCO13_CDS_0271,"DNA, RNA and nucleotide metabolism"
Pharokka_Escherichia_phage_ESCO13_CDS_0272,other
Pharokka_Escherichia_phage_ESCO13_CDS_0273,unknown function
Pharokka_Escherichia_phage_ESCO13_CDS_0274,unknown function
Pharokka_Escherichia_phage_ESCO13_CDS_0275,"DNA, RNA and nucleotide metabolism"
Pharokka_Escherichia_phage_ESCO13_CDS_0276,unknown function
Pharokka_Escherichia_phage_ESCO13_CDS_0277,unknown function
Pharokka_Escherichia_phage_ESCO13_CDS_0278,other
Pharokka_Escherichia_phage_ESCO13_CDS_0279,other
Pharokka_Escherichia_phage_ESCO13_CDS_0280,tail
Pharokka_Escherichia_phage_ESCO13_CDS_0281,other
Pharokka_Escherichia_phage_ESCO13_CDS_0282,unknown function
Pharokka_Escherichia_phage_ESCO13_CDS_0283,unknown function
Pharokka_Escherichia_phage_ESCO13_CDS_0284,other
Pharokka_Escherichia_phage_ESCO13_CDS_0285,unknown function
Pharokka_Escherichia_phage_ESCO13_CDS_0286,unknown function
Pharokka_Escherichia_phage_ESCO13_CDS_0287,unknown function
Pharokka_Escherichia_phage_ESCO13_CDS_0288,unknown function
Pharokka_Escherichia_phage_ESCO13_CDS_0289,unknown function
Pharokka_Escherichia_phage_ESCO13_CDS_0290,unknown function
Pharokka_Escherichia_phage_ESCO13_CDS_0291,unknown function
Pharokka_Escherichia_phage_ESCO13_CDS_0292,unknown function
Pharokka_Escherichia_phage_ESCO13_CDS_0293,unknown function
Pharokka_Escherichia_phage_ESCO13_CDS_0294,unknown function
Pharokka_Escherichia_phage_ESCO13_CDS_0295,unknown function
Pharokka_Escherichia_phage_ESCO13_CDS_0296,unknown function
Pharokka_Escherichia_phage_ESCO13_CDS_0297,unknown function
Pharokka_Escherichia_phage_ESCO13_CDS_0298,unknown function
Pharokka_Escherichia_phage_ESCO13_CDS_0299,other
Pharokka_Escherichia_phage_ESCO13_CDS_0300,unknown function
Pharokka_Escherichia_phage_ESCO13_CDS_0301,unknown function
Pharokka_Escherichia_phage_ESCO13_CDS_0302,"DNA, RNA and nucleotide metabolism"
Pharokka_Escherichia_phage_ESCO13_CDS_0303,unknown function
Pharokka_Escherichia_phage_ESCO13_CDS_0304,unknown function
Pharokka_Escherichia_phage_ESCO13_CDS_0305,unknown function
Pharokka_Escherichia_phage_ESCO13_CDS_0306,unknown function
Pharokka_Escherichia_phage_ESCO13_CDS_0307,"moron, auxiliary metabolic gene and host takeover"
Pharokka_Escherichia_phage_ESCO13_CDS_0308,lysis
Pharokka_8A-EC78_CDS_0001,head and packaging
Pharokka_8A-EC78_CDS_0002,head and packaging
Pharokka_8A-EC78_CDS_0003,other
Pharokka_8A-EC78_CDS_0004,head and packaging
Pharokka_8A-EC78_CDS_0005,head and packaging
Pharokka_8A-EC78_CDS_0006,head and packaging
Pharokka_8A-EC78_CDS_0007,unknown function
Pharokka_8A-EC78_CDS_0008,unknown function
Pharokka_8A-EC78_CDS_0009,connector
Pharokka_8A-EC78_CDS_0010,head and packaging
Pharokka_8A-EC78_CDS_0011,connector
Pharokka_8A-EC78_CDS_0012,tail
Pharokka_8A-EC78_CDS_0013,head and packaging
Pharokka_8A-EC78_CDS_0014,tail
Pharokka_8A-EC78_CDS_0015,unknown function
Pharokka_8A-EC78_CDS_0016,tail
Pharokka_8A-EC78_CDS_0017,unknown function
Pharokka_8A-EC78_CDS_0018,tail
Pharokka_8A-EC78_CDS_0019,head and packaging
Pharokka_8A-EC78_CDS_0020,tail
Pharokka_8A-EC78_CDS_0021,tail
Pharokka_8A-EC78_CDS_0022,tail
Pharokka_8A-EC78_CDS_0023,tail
Pharokka_8A-EC78_CDS_0024,tail
Pharokka_8A-EC78_CDS_0025,tail
Pharokka_8A-EC78_CDS_0026,tail
Pharokka_8A-EC78_CDS_0027,"moron, auxiliary metabolic gene and host takeover"
Pharokka_8A-EC78_CDS_0028,tail
Pharokka_8A-EC78_CDS_0029,tail
Pharokka_8A-EC78_CDS_0030,tail
Pharokka_8A-EC78_CDS_0031,tail
Pharokka_8A-EC78_CDS_0032,other
Pharokka_8A-EC78_CDS_0033,"moron, auxiliary metabolic gene and host takeover"
Pharokka_8A-EC78_CDS_0034,tail
Pharokka_8A-EC78_CDS_0035,tail
Pharokka_8A-EC78_CDS_0036,"DNA, RNA and nucleotide metabolism"
Pharokka_8A-EC78_CDS_0037,unknown function
Pharokka_8A-EC78_CDS_0038,"DNA, RNA and nucleotide metabolism"
Pharokka_8A-EC78_CDS_0039,unknown function
Pharokka_8A-EC78_CDS_0040,unknown function
Pharokka_8A-EC78_CDS_0041,unknown function
Pharokka_8A-EC78_CDS_0042,"DNA, RNA and nucleotide metabolism"
Pharokka_8A-EC78_CDS_0043,"moron, auxiliary metabolic gene and host takeover"
Pharokka_8A-EC78_CDS_0044,unknown function
Pharokka_8A-EC78_CDS_0045,"DNA, RNA and nucleotide metabolism"
Pharokka_8A-EC78_CDS_0046,unknown function
Pharokka_8A-EC78_CDS_0047,"moron, auxiliary metabolic gene and host takeover"
Pharokka_8A-EC78_CDS_0048,"moron, auxiliary metabolic gene and host takeover"
Pharokka_8A-EC78_CDS_0049,"moron, auxiliary metabolic gene and host takeover"
Pharokka_8A-EC78_CDS_0050,"moron, auxiliary metabolic gene and host takeover"
Pharokka_8A-EC78_CDS_0051,unknown function
Pharokka_8A-EC78_CDS_0052,unknown function
Pharokka_8A-EC78_CDS_0053,unknown function
Pharokka_8A-EC78_CDS_0054,lysis
Pharokka_8A-EC78_CDS_0055,"DNA, RNA and nucleotide metabolism"
Pharokka_8A-EC78_CDS_0056,unknown function
Pharokka_8A-EC78_CDS_0057,unknown function
Pharokka_8A-EC78_CDS_0058,"DNA, RNA and nucleotide metabolism"
Pharokka_8A-EC78_CDS_0059,unknown function
Pharokka_8A-EC78_CDS_0060,unknown function
Pharokka_8A-EC78_CDS_0061,unknown function
Pharokka_8A-EC78_CDS_0062,unknown function
Pharokka_8A-EC78_CDS_0063,unknown function
Pharokka_8A-EC78_CDS_0064,"moron, auxiliary metabolic gene and host takeover"
Pharokka_8A-EC78_CDS_0065,"DNA, RNA and nucleotide metabolism"
Pharokka_8A-EC78_CDS_0066,unknown function
Pharokka_8A-EC78_CDS_0067,unknown function
Pharokka_8A-EC78_CDS_0068,unknown function
Pharokka_8A-EC78_CDS_0069,"moron, auxiliary metabolic gene and host takeover"
Pharokka_8A-EC78_CDS_0070,unknown function
Pharokka_8A-EC78_CDS_0071,other
Pharokka_8A-EC78_CDS_0072,"moron, auxiliary metabolic gene and host takeover"
Pharokka_8A-EC78_CDS_0073,other
Pharokka_8A-EC78_CDS_0074,other
Pharokka_8A-EC78_CDS_0075,unknown function
Pharokka_8A-EC78_CDS_0076,"DNA, RNA and nucleotide metabolism"
Pharokka_8A-EC78_CDS_0077,"moron, auxiliary metabolic gene and host takeover"
Pharokka_8A-EC78_CDS_0078,"DNA, RNA and nucleotide metabolism"
Pharokka_8A-EC78_CDS_0079,"DNA, RNA and nucleotide metabolism"
Pharokka_8A-EC78_CDS_0080,unknown function
Pharokka_8A-EC78_CDS_0081,"DNA, RNA and nucleotide metabolism"
Pharokka_8A-EC78_CDS_0082,unknown function
Pharokka_8A-EC78_CDS_0083,unknown function
Pharokka_8A-EC78_CDS_0084,"DNA, RNA and nucleotide metabolism"
Pharokka_8A-EC78_CDS_0085,unknown function
Pharokka_8A-EC78_CDS_0086,unknown function
Pharokka_8A-EC78_CDS_0087,unknown function
Pharokka_8A-EC78_CDS_0088,unknown function
Pharokka_8A-EC78_CDS_0089,unknown function
Pharokka_8A-EC78_CDS_0090,unknown function
Pharokka_8A-EC78_CDS_0091,unknown function
Pharokka_8A-EC78_CDS_0092,unknown function
Pharokka_8A-EC78_CDS_0093,unknown function
Pharokka_8A-EC78_CDS_0094,unknown function
Pharokka_8A-EC78_CDS_0095,unknown function
Pharokka_8A-EC78_CDS_0096,unknown function
Pharokka_8A-EC78_CDS_0097,unknown function
Pharokka_8A-EC78_CDS_0098,unknown function
Pharokka_8A-EC78_CDS_0099,unknown function
Pharokka_8A-EC78_CDS_0100,head and packaging
Pharokka_8A-EC78_CDS_0101,unknown function
Pharokka_8A-EC78_CDS_0102,unknown function
Pharokka_8A-EC78_CDS_0103,unknown function
Pharokka_8A-EC78_CDS_0104,unknown function
Pharokka_8A-EC78_CDS_0105,unknown function
Pharokka_8A-EC78_CDS_0106,unknown function
Pharokka_8A-EC78_CDS_0107,unknown function
Pharokka_8A-EC78_CDS_0108,unknown function
Pharokka_8A-EC78_CDS_0109,unknown function
Pharokka_8A-EC78_CDS_0110,other
Pharokka_8A-EC78_CDS_0111,"DNA, RNA and nucleotide metabolism"
Pharokka_8A-EC78_CDS_0112,unknown function
Pharokka_8A-EC78_CDS_0113,unknown function
Pharokka_8A-EC78_CDS_0114,other
Pharokka_8A-EC78_CDS_0115,unknown function
Pharokka_8A-EC78_CDS_0116,unknown function
Pharokka_8A-EC78_CDS_0117,unknown function
Pharokka_8A-EC78_CDS_0118,unknown function
Pharokka_8A-EC78_CDS_0119,unknown function
Pharokka_8A-EC78_CDS_0120,unknown function
Pharokka_8A-EC78_CDS_0121,unknown function
Pharokka_8A-EC78_CDS_0122,unknown function
Pharokka_8A-EC78_CDS_0123,unknown function
Pharokka_8A-EC78_CDS_0124,unknown function
Pharokka_8A-EC78_CDS_0125,unknown function
Pharokka_8A-EC78_CDS_0126,unknown function
Pharokka_8A-EC78_CDS_0127,unknown function
Pharokka_8A-EC78_CDS_0128,unknown function
Pharokka_8A-EC78_CDS_0129,unknown function
Pharokka_8A-EC78_CDS_0130,unknown function
Pharokka_8A-EC78_CDS_0131,unknown function
Pharokka_8A-EC78_CDS_0132,unknown function
Pharokka_8A-EC78_CDS_0133,unknown function
Pharokka_8A-EC78_CDS_0134,unknown function
Pharokka_8A-EC78_CDS_0135,unknown function
Pharokka_8A-EC78_CDS_0136,unknown function
Pharokka_8A-EC78_CDS_0137,unknown function
Pharokka_8A-EC78_CDS_0138,unknown function
Pharokka_8A-EC78_CDS_0139,unknown function
Pharokka_8A-EC78_CDS_0140,"moron, auxiliary metabolic gene and host takeover"
Pharokka_8A-EC78_CDS_0141,unknown function
Pharokka_8A-EC78_CDS_0142,unknown function
Pharokka_8A-EC78_CDS_0143,unknown function
Pharokka_8A-EC78_CDS_0144,unknown function
Pharokka_8A-EC78_CDS_0145,unknown function
Pharokka_8A-EC78_CDS_0146,unknown function
Pharokka_8A-EC78_CDS_0147,unknown function
Pharokka_8A-EC78_CDS_0148,unknown function
Pharokka_8A-EC78_CDS_0149,unknown function
Pharokka_8A-EC78_CDS_0150,unknown function
Pharokka_8A-EC78_CDS_0151,other
Pharokka_8A-EC78_CDS_0152,unknown function
Pharokka_8A-EC78_CDS_0153,unknown function
Pharokka_8A-EC78_CDS_0154,unknown function
Pharokka_8A-EC78_CDS_0155,unknown function
Pharokka_8A-EC78_CDS_0156,unknown function
Pharokka_8A-EC78_CDS_0157,unknown function
Pharokka_8A-EC78_CDS_0158,unknown function
Pharokka_8A-EC78_CDS_0159,unknown function
Pharokka_8A-EC78_CDS_0160,unknown function
Pharokka_8A-EC78_CDS_0161,unknown function
Pharokka_8A-EC78_CDS_0162,unknown function
Pharokka_8A-EC78_CDS_0163,unknown function
Pharokka_8A-EC78_CDS_0164,unknown function
Pharokka_8A-EC78_CDS_0165,unknown function
Pharokka_8A-EC78_CDS_0166,unknown function
Pharokka_8A-EC78_CDS_0167,unknown function
Pharokka_8A-EC78_CDS_0168,unknown function
Pharokka_8A-EC78_CDS_0169,unknown function
Pharokka_8A-EC78_CDS_0170,unknown function
Pharokka_8A-EC78_CDS_0171,unknown function
Pharokka_8A-EC78_CDS_0172,unknown function
Pharokka_8A-EC78_CDS_0173,unknown function
Pharokka_8A-EC78_CDS_0174,unknown function
Pharokka_8A-EC78_CDS_0175,unknown function
Pharokka_8A-EC78_CDS_0176,unknown function
Pharokka_8A-EC78_CDS_0177,unknown function
Pharokka_8A-EC78_CDS_0178,unknown function
Pharokka_8A-EC78_CDS_0179,unknown function
Pharokka_8A-EC78_CDS_0180,unknown function
Pharokka_8A-EC78_CDS_0181,unknown function
Pharokka_8A-EC78_CDS_0182,unknown function
Pharokka_8A-EC78_CDS_0183,unknown function
Pharokka_8A-EC78_CDS_0184,unknown function
Pharokka_8A-EC78_CDS_0185,unknown function
Pharokka_8A-EC78_CDS_0186,unknown function
Pharokka_8A-EC78_CDS_0187,unknown function
Pharokka_8A-EC78_CDS_0188,unknown function
Pharokka_8A-EC78_CDS_0189,unknown function
Pharokka_8A-EC78_CDS_0190,unknown function
Pharokka_8A-EC78_CDS_0191,unknown function
Pharokka_8A-EC78_CDS_0192,unknown function
Pharokka_8A-EC78_CDS_0193,unknown function
Pharokka_8A-EC78_CDS_0194,unknown function
Pharokka_8A-EC78_CDS_0195,unknown function
Pharokka_8A-EC78_CDS_0196,unknown function
Pharokka_8A-EC78_CDS_0197,unknown function
Pharokka_8A-EC78_CDS_0198,unknown function
Pharokka_8A-EC78_CDS_0199,unknown function
Pharokka_8A-EC78_CDS_0200,unknown function
Pharokka_8A-EC78_CDS_0201,"DNA, RNA and nucleotide metabolism"
Pharokka_8A-EC78_CDS_0202,unknown function
Pharokka_8A-EC78_CDS_0203,unknown function
Pharokka_8A-EC78_CDS_0204,unknown function
Pharokka_8A-EC78_CDS_0205,unknown function
Pharokka_8A-EC78_CDS_0206,unknown function
Pharokka_8A-EC78_CDS_0207,unknown function
Pharokka_8A-EC78_CDS_0208,unknown function
Pharokka_8A-EC78_CDS_0209,unknown function
Pharokka_8A-EC78_CDS_0210,unknown function
Pharokka_8A-EC78_CDS_0211,unknown function
Pharokka_8A-EC78_CDS_0212,unknown function
Pharokka_8A-EC78_CDS_0213,unknown function
Pharokka_8A-EC78_CDS_0214,"DNA, RNA and nucleotide metabolism"
Pharokka_8A-EC78_CDS_0215,unknown function
Pharokka_8A-EC78_CDS_0216,unknown function
Pharokka_8A-EC78_CDS_0217,unknown function
Pharokka_8A-EC78_CDS_0218,unknown function
Pharokka_8A-EC78_CDS_0219,unknown function
Pharokka_8A-EC78_CDS_0220,unknown function
Pharokka_8A-EC78_CDS_0221,unknown function
Pharokka_8A-EC78_CDS_0222,unknown function
Pharokka_8A-EC78_CDS_0223,unknown function
Pharokka_8A-EC78_CDS_0224,"DNA, RNA and nucleotide metabolism"
Pharokka_8A-EC78_CDS_0225,unknown function
Pharokka_8A-EC78_CDS_0226,unknown function
Pharokka_8A-EC78_CDS_0227,other
Pharokka_8A-EC78_CDS_0228,unknown function
Pharokka_8A-EC78_CDS_0229,unknown function
Pharokka_8A-EC78_CDS_0230,unknown function
Pharokka_8A-EC78_CDS_0231,unknown function
Pharokka_8A-EC78_CDS_0232,unknown function
Pharokka_8A-EC78_CDS_0233,unknown function
Pharokka_8A-EC78_CDS_0234,unknown function
Pharokka_8A-EC78_CDS_0235,unknown function
Pharokka_8A-EC78_CDS_0236,"DNA, RNA and nucleotide metabolism"
Pharokka_8A-EC78_CDS_0237,unknown function
Pharokka_8A-EC78_CDS_0238,other
Pharokka_8A-EC78_CDS_0239,unknown function
Pharokka_8A-EC78_CDS_0240,"DNA, RNA and nucleotide metabolism"
Pharokka_8A-EC78_CDS_0241,unknown function
Pharokka_8A-EC78_CDS_0242,unknown function
Pharokka_8A-EC78_CDS_0243,unknown function
Pharokka_8A-EC78_CDS_0244,other
Pharokka_8A-EC78_CDS_0245,unknown function
Pharokka_8A-EC78_CDS_0246,other
Pharokka_8A-EC78_CDS_0247,unknown function
Pharokka_8A-EC78_CDS_0248,other
Pharokka_8A-EC78_CDS_0249,lysis
Pharokka_8A-EC78_CDS_0250,unknown function
Pharokka_8A-EC78_CDS_0251,"DNA, RNA and nucleotide metabolism"
Pharokka_8A-EC78_CDS_0252,"DNA, RNA and nucleotide metabolism"
Pharokka_8A-EC78_CDS_0253,"moron, auxiliary metabolic gene and host takeover"
Pharokka_8A-EC78_CDS_0254,"moron, auxiliary metabolic gene and host takeover"
Pharokka_8A-EC78_CDS_0255,"DNA, RNA and nucleotide metabolism"
Pharokka_8A-EC78_CDS_0256,unknown function
Pharokka_8A-EC78_CDS_0257,unknown function
Pharokka_8A-EC78_CDS_0258,unknown function
Pharokka_8A-EC78_CDS_0259,unknown function
Pharokka_8A-EC78_CDS_0260,"DNA, RNA and nucleotide metabolism"
Pharokka_8A-EC78_CDS_0261,unknown function
Pharokka_8A-EC78_CDS_0262,"DNA, RNA and nucleotide metabolism"
Pharokka_8A-EC78_CDS_0263,unknown function
Pharokka_8A-EC78_CDS_0264,unknown function
Pharokka_8A-EC78_CDS_0265,"DNA, RNA and nucleotide metabolism"
Pharokka_8A-EC78_CDS_0266,unknown function
Pharokka_8A-EC78_CDS_0267,"DNA, RNA and nucleotide metabolism"
Pharokka_8A-EC78_CDS_0268,unknown function
Pharokka_8A-EC78_CDS_0269,other
Pharokka_8A-EC78_CDS_0270,unknown function
Pharokka_8A-EC78_CDS_0271,"DNA, RNA and nucleotide metabolism"
Pharokka_8A-EC78_CDS_0272,"DNA, RNA and nucleotide metabolism"
Pharokka_8A-EC78_CDS_0273,unknown function
Pharokka_8A-EC78_CDS_0274,unknown function
Pharokka_8A-EC78_CDS_0275,unknown function
Pharokka_8A-EC78_CDS_0276,"DNA, RNA and nucleotide metabolism"
Pharokka_8A-EC78_CDS_0277,other
Pharokka_8A-EC78_CDS_0278,unknown function
Pharokka_8A-EC78_CDS_0279,unknown function
Pharokka_8A-EC78_CDS_0280,"DNA, RNA and nucleotide metabolism"
Pharokka_8A-EC78_CDS_0281,unknown function
Pharokka_8A-EC78_CDS_0282,unknown function
Pharokka_8A-EC78_CDS_0283,other
Pharokka_8A-EC78_CDS_0284,other
Pharokka_8A-EC78_CDS_0285,tail
Pharokka_8A-EC78_CDS_0286,other
Pharokka_8A-EC78_CDS_0287,unknown function
Pharokka_8A-EC78_CDS_0288,unknown function
Pharokka_8A-EC78_CDS_0289,other
Pharokka_8A-EC78_CDS_0290,unknown function
Pharokka_8A-EC78_CDS_0291,unknown function
Pharokka_8A-EC78_CDS_0292,unknown function
Pharokka_8A-EC78_CDS_0293,unknown function
Pharokka_8A-EC78_CDS_0294,unknown function
Pharokka_8A-EC78_CDS_0295,unknown function
Pharokka_8A-EC78_CDS_0296,unknown function
Pharokka_8A-EC78_CDS_0297,unknown function
Pharokka_8A-EC78_CDS_0298,unknown function
Pharokka_8A-EC78_CDS_0299,unknown function
Pharokka_8A-EC78_CDS_0300,unknown function
Pharokka_8A-EC78_CDS_0301,unknown function
Pharokka_8A-EC78_CDS_0302,unknown function
Pharokka_8A-EC78_CDS_0303,unknown function
Pharokka_8A-EC78_CDS_0304,unknown function
Pharokka_8A-EC78_CDS_0305,unknown function
Pharokka_8A-EC78_CDS_0306,unknown function
Pharokka_8A-EC78_CDS_0307,unknown function
Pharokka_8A-EC78_CDS_0308,unknown function
Pharokka_8A-EC78_CDS_0309,unknown function
Pharokka_8A-EC78_CDS_0310,unknown function
Pharokka_8A-EC78_CDS_0311,unknown function
Pharokka_8A-EC78_CDS_0312,unknown function
Pharokka_8A-EC78_CDS_0313,lysis
Pharokka_8A-EC78_CDS_0314,lysis
Pharokka_OFV4_ECM1_CDS_0001,head and packaging
Pharokka_OFV4_ECM1_CDS_0002,unknown function
Pharokka_OFV4_ECM1_CDS_0003,"moron, auxiliary metabolic gene and host takeover"
Pharokka_OFV4_ECM1_CDS_0004,unknown function
Pharokka_OFV4_ECM1_CDS_0005,unknown function
Pharokka_OFV4_ECM1_CDS_0006,head and packaging
Pharokka_OFV4_ECM1_CDS_0007,"DNA, RNA and nucleotide metabolism"
Pharokka_OFV4_ECM1_CDS_0008,unknown function
Pharokka_OFV4_ECM1_CDS_0009,head and packaging
Pharokka_OFV4_ECM1_CDS_0010,head and packaging
Pharokka_OFV4_ECM1_CDS_0011,other
Pharokka_OFV4_ECM1_CDS_0012,unknown function
Pharokka_OFV4_ECM1_CDS_0013,head and packaging
Pharokka_OFV4_ECM1_CDS_0014,head and packaging
Pharokka_OFV4_ECM1_CDS_0015,unknown function
Pharokka_OFV4_ECM1_CDS_0016,tail
Pharokka_OFV4_ECM1_CDS_0017,tail
Pharokka_OFV4_ECM1_CDS_0018,tail
Pharokka_OFV4_ECM1_CDS_0019,head and packaging
Pharokka_OFV4_ECM1_CDS_0020,"moron, auxiliary metabolic gene and host takeover"
Pharokka_OFV4_ECM1_CDS_0021,unknown function
Pharokka_OFV4_ECM1_CDS_0022,unknown function
Pharokka_OFV4_ECM1_CDS_0023,connector
Pharokka_OFV4_ECM1_CDS_0024,head and packaging
Pharokka_OFV4_ECM1_CDS_0025,connector
Pharokka_OFV4_ECM1_CDS_0026,unknown function
Pharokka_OFV4_ECM1_CDS_0027,tail
Pharokka_OFV4_ECM1_CDS_0028,head and packaging
Pharokka_OFV4_ECM1_CDS_0029,tail
Pharokka_OFV4_ECM1_CDS_0030,unknown function
Pharokka_OFV4_ECM1_CDS_0031,tail
Pharokka_OFV4_ECM1_CDS_0032,tail
Pharokka_OFV4_ECM1_CDS_0033,head and packaging
Pharokka_OFV4_ECM1_CDS_0034,tail
Pharokka_OFV4_ECM1_CDS_0035,tail
Pharokka_OFV4_ECM1_CDS_0036,tail
Pharokka_OFV4_ECM1_CDS_0037,unknown function
Pharokka_OFV4_ECM1_CDS_0038,tail
Pharokka_OFV4_ECM1_CDS_0039,tail
Pharokka_OFV4_ECM1_CDS_0040,tail
Pharokka_OFV4_ECM1_CDS_0041,tail
Pharokka_OFV4_ECM1_CDS_0042,tail
Pharokka_OFV4_ECM1_CDS_0043,unknown function
Pharokka_OFV4_ECM1_CDS_0044,unknown function
Pharokka_OFV4_ECM1_CDS_0045,"moron, auxiliary metabolic gene and host takeover"
Pharokka_OFV4_ECM1_CDS_0046,tail
Pharokka_OFV4_ECM1_CDS_0047,tail
Pharokka_OFV4_ECM1_CDS_0048,"DNA, RNA and nucleotide metabolism"
Pharokka_OFV4_ECM1_CDS_0049,unknown function
Pharokka_OFV4_ECM1_CDS_0050,unknown function
Pharokka_OFV4_ECM1_CDS_0051,unknown function
Pharokka_OFV4_ECM1_CDS_0052,unknown function
Pharokka_OFV4_ECM1_CDS_0053,unknown function
Pharokka_OFV4_ECM1_CDS_0054,unknown function
Pharokka_OFV4_ECM1_CDS_0055,unknown function
Pharokka_OFV4_ECM1_CDS_0056,unknown function
Pharokka_OFV4_ECM1_CDS_0057,unknown function
Pharokka_OFV4_ECM1_CDS_0058,unknown function
Pharokka_OFV4_ECM1_CDS_0059,unknown function
Pharokka_OFV4_ECM1_CDS_0060,unknown function
Pharokka_OFV4_ECM1_CDS_0061,unknown function
Pharokka_OFV4_ECM1_CDS_0062,unknown function
Pharokka_OFV4_ECM1_CDS_0063,unknown function
Pharokka_OFV4_ECM1_CDS_0064,unknown function
Pharokka_OFV4_ECM1_CDS_0065,unknown function
Pharokka_OFV4_ECM1_CDS_0066,unknown function
Pharokka_OFV4_ECM1_CDS_0067,unknown function
Pharokka_OFV4_ECM1_CDS_0068,unknown function
Pharokka_OFV4_ECM1_CDS_0069,unknown function
Pharokka_OFV4_ECM1_CDS_0070,unknown function
Pharokka_OFV4_ECM1_CDS_0071,"DNA, RNA and nucleotide metabolism"
Pharokka_OFV4_ECM1_CDS_0072,unknown function
Pharokka_OFV4_ECM1_CDS_0073,"DNA, RNA and nucleotide metabolism"
Pharokka_OFV4_ECM1_CDS_0074,"DNA, RNA and nucleotide metabolism"
Pharokka_OFV4_ECM1_CDS_0075,unknown function
Pharokka_OFV4_ECM1_CDS_0076,"DNA, RNA and nucleotide metabolism"
Pharokka_OFV4_ECM1_CDS_0077,unknown function
Pharokka_OFV4_ECM1_CDS_0078,"DNA, RNA and nucleotide metabolism"
Pharokka_OFV4_ECM1_CDS_0079,unknown function
Pharokka_OFV4_ECM1_CDS_0080,other
Pharokka_OFV4_ECM1_CDS_0081,"DNA, RNA and nucleotide metabolism"
Pharokka_OFV4_ECM1_CDS_0082,unknown function
Pharokka_OFV4_ECM1_CDS_0083,unknown function
Pharokka_OFV4_ECM1_CDS_0084,"DNA, RNA and nucleotide metabolism"
Pharokka_OFV4_ECM1_CDS_0085,unknown function
Pharokka_OFV4_ECM1_CDS_0086,unknown function
Pharokka_OFV4_ECM1_CDS_0087,unknown function
Pharokka_OFV4_ECM1_CDS_0088,"DNA, RNA and nucleotide metabolism"
Pharokka_OFV4_ECM1_CDS_0089,lysis
Pharokka_OFV4_ECM1_CDS_0090,lysis
Pharokka_OFV4_ECM1_CDS_0091,lysis
Pharokka_OFV4_ECM1_CDS_0092,unknown function
Pharokka_OFV4_ECM1_CDS_0093,"DNA, RNA and nucleotide metabolism"
Pharokka_OFV4_ECM1_CDS_0094,other
Pharokka_OFV4_ECM1_CDS_0095,unknown function
Pharokka_OFV4_ECM1_CDS_0096,other
Pharokka_OFV4_ECM1_CDS_0097,tail
Pharokka_OFV4_ECM1_CDS_0098,unknown function
Pharokka_OFV4_ECM1_CDS_0099,other
Pharokka_OFV4_ECM1_CDS_0100,unknown function
Pharokka_OFV4_ECM1_CDS_0101,unknown function
Pharokka_OFV4_ECM1_CDS_0102,unknown function
Pharokka_OFV4_ECM1_CDS_0103,other
Pharokka_OFV4_ECM1_CDS_0104,other
Pharokka_OFV4_ECM1_CDS_0105,other
Pharokka_OFV4_ECM1_CDS_0106,"DNA, RNA and nucleotide metabolism"
Pharokka_OFV4_ECM1_CDS_0107,"moron, auxiliary metabolic gene and host takeover"
Pharokka_OFV4_ECM1_CDS_0108,tail
Pharokka_OFV4_ECM1_CDS_0109,"DNA, RNA and nucleotide metabolism"
Pharokka_OFV4_ECM1_CDS_0110,tail
Pharokka_OFV4_ECM1_CDS_0111,unknown function
Pharokka_OFV4_ECM1_CDS_0112,unknown function
Pharokka_OFV4_ECM1_CDS_0113,unknown function
Pharokka_OFV4_ECM1_CDS_0114,unknown function
Pharokka_OFV4_ECM1_CDS_0115,unknown function
Pharokka_OFV4_ECM1_CDS_0116,unknown function
Pharokka_OFV4_ECM1_CDS_0117,"moron, auxiliary metabolic gene and host takeover"
Pharokka_OFV4_ECM1_CDS_0118,unknown function
Pharokka_OFV4_ECM1_CDS_0119,unknown function
Pharokka_OFV4_ECM1_CDS_0120,lysis
Pharokka_OFV4_ECM1_CDS_0121,unknown function
Pharokka_OFV4_ECM1_CDS_0122,unknown function
Pharokka_OFV4_ECM1_CDS_0123,unknown function
Pharokka_OFV4_ECM1_CDS_0124,unknown function
Pharokka_OFV4_ECM1_CDS_0125,unknown function
Pharokka_OFV4_ECM1_CDS_0126,unknown function
Pharokka_OFV4_ECM1_CDS_0127,unknown function
Pharokka_OFV4_ECM1_CDS_0128,unknown function
Pharokka_OFV4_ECM1_CDS_0129,unknown function
Pharokka_OFV4_ECM1_CDS_0130,unknown function
Pharokka_OFV4_ECM1_CDS_0131,unknown function
Pharokka_OFV4_ECM1_CDS_0132,unknown function
Pharokka_OFV4_ECM1_CDS_0133,unknown function
Pharokka_OFV4_ECM1_CDS_0134,unknown function
Pharokka_OFV4_ECM1_CDS_0135,unknown function
Pharokka_OFV4_ECM1_CDS_0136,unknown function
Pharokka_OFV4_ECM1_CDS_0137,unknown function
Pharokka_OFV4_ECM1_CDS_0138,unknown function
Pharokka_OFV4_ECM1_CDS_0139,unknown function
Pharokka_OFV4_ECM1_CDS_0140,unknown function
Pharokka_OFV4_ECM1_CDS_0141,unknown function
Pharokka_OFV4_ECM1_CDS_0142,unknown function
Pharokka_OFV4_ECM1_CDS_0143,unknown function
Pharokka_OFV4_ECM1_CDS_0144,unknown function
Pharokka_OFV4_ECM1_CDS_0145,unknown function
Pharokka_OFV4_ECM1_CDS_0146,unknown function
Pharokka_OFV4_ECM1_CDS_0147,unknown function
Pharokka_OFV4_ECM1_CDS_0148,unknown function
Pharokka_OFV4_ECM1_CDS_0149,unknown function
Pharokka_OFV4_ECM1_CDS_0150,unknown function
Pharokka_OFV4_ECM1_CDS_0151,"moron, auxiliary metabolic gene and host takeover"
Pharokka_OFV4_ECM1_CDS_0152,unknown function
Pharokka_OFV4_ECM1_CDS_0153,unknown function
Pharokka_OFV4_ECM1_CDS_0154,unknown function
Pharokka_OFV4_ECM1_CDS_0155,unknown function
Pharokka_OFV4_ECM1_CDS_0156,unknown function
Pharokka_OFV4_ECM1_CDS_0157,unknown function
Pharokka_OFV4_ECM1_CDS_0158,unknown function
Pharokka_OFV4_ECM1_CDS_0159,unknown function
Pharokka_OFV4_ECM1_CDS_0160,unknown function
Pharokka_OFV4_ECM1_CDS_0161,unknown function
Pharokka_OFV4_ECM1_CDS_0162,unknown function
Pharokka_OFV4_ECM1_CDS_0163,unknown function
Pharokka_OFV4_ECM1_CDS_0164,unknown function
Pharokka_OFV4_ECM1_CDS_0165,unknown function
Pharokka_OFV4_ECM1_CDS_0166,unknown function
Pharokka_OFV4_ECM1_CDS_0167,unknown function
Pharokka_OFV4_ECM1_CDS_0168,unknown function
Pharokka_OFV4_ECM1_CDS_0169,"moron, auxiliary metabolic gene and host takeover"
Pharokka_OFV4_ECM1_CDS_0170,unknown function
Pharokka_OFV4_ECM1_CDS_0171,unknown function
Pharokka_OFV4_ECM1_CDS_0172,unknown function
Pharokka_OFV4_ECM1_CDS_0173,unknown function
Pharokka_OFV4_ECM1_CDS_0174,"DNA, RNA and nucleotide metabolism"
Pharokka_OFV4_ECM1_CDS_0175,unknown function
Pharokka_OFV4_ECM1_CDS_0176,"moron, auxiliary metabolic gene and host takeover"
Pharokka_OFV4_ECM1_CDS_0177,other
Pharokka_OFV4_ECM1_CDS_0178,"moron, auxiliary metabolic gene and host takeover"
Pharokka_OFV4_ECM1_CDS_0179,unknown function
Pharokka_OFV4_ECM1_CDS_0180,"DNA, RNA and nucleotide metabolism"
Pharokka_OFV4_ECM1_CDS_0181,unknown function
Pharokka_OFV4_ECM1_CDS_0182,unknown function
Pharokka_OFV4_ECM1_CDS_0183,other
Pharokka_OFV4_ECM1_CDS_0184,other
Pharokka_OFV4_ECM1_CDS_0185,unknown function
Pharokka_OFV4_ECM1_CDS_0186,unknown function
Pharokka_OFV4_ECM1_CDS_0187,"DNA, RNA and nucleotide metabolism"
Pharokka_OFV4_ECM1_CDS_0188,other
Pharokka_OFV4_ECM1_CDS_0189,lysis
Pharokka_OFV4_ECM1_CDS_0190,unknown function
Pharokka_OFV4_ECM1_CDS_0191,unknown function
Pharokka_OFV4_ECM1_CDS_0192,"DNA, RNA and nucleotide metabolism"
Pharokka_OFV4_ECM1_CDS_0193,"DNA, RNA and nucleotide metabolism"
Pharokka_OFV4_ECM1_CDS_0194,tail
Pharokka_OFV4_ECM1_CDS_0195,"moron, auxiliary metabolic gene and host takeover"
Pharokka_OFV4_ECM1_CDS_0196,unknown function
Pharokka_OFV4_ECM1_CDS_0197,"moron, auxiliary metabolic gene and host takeover"
Pharokka_OFV4_ECM1_CDS_0198,unknown function
Pharokka_OFV4_ECM1_CDS_0199,unknown function
Pharokka_OFV4_ECM1_CDS_0200,"moron, auxiliary metabolic gene and host takeover"
Pharokka_OFV4_ECM1_CDS_0201,"DNA, RNA and nucleotide metabolism"
Pharokka_OFV4_ECM1_CDS_0202,"DNA, RNA and nucleotide metabolism"
Pharokka_OFV4_ECM1_CDS_0203,"DNA, RNA and nucleotide metabolism"
Pharokka_OFV4_ECM1_CDS_0204,unknown function
Pharokka_OFV4_ECM1_CDS_0205,unknown function
Pharokka_OFV4_ECM1_CDS_0206,"DNA, RNA and nucleotide metabolism"
Pharokka_OFV4_ECM1_CDS_0207,unknown function
Pharokka_OFV4_ECM1_CDS_0208,unknown function
Pharokka_OFV4_ECM1_CDS_0209,unknown function
Pharokka_OFV4_ECM1_CDS_0210,"DNA, RNA and nucleotide metabolism"
Pharokka_OFV4_ECM1_CDS_0211,other
Pharokka_OFV4_ECM1_CDS_0212,"DNA, RNA and nucleotide metabolism"
Pharokka_OFV4_ECM1_CDS_0213,"DNA, RNA and nucleotide metabolism"
Pharokka_OFV4_ECM1_CDS_0214,"DNA, RNA and nucleotide metabolism"
Pharokka_OFV4_ECM1_CDS_0215,unknown function
Pharokka_OFV4_ECM1_CDS_0216,"DNA, RNA and nucleotide metabolism"
Pharokka_OFV4_ECM1_CDS_0217,unknown function
Pharokka_OFV4_ECM1_CDS_0218,"DNA, RNA and nucleotide metabolism"
Pharokka_OFV4_ECM1_CDS_0219,"DNA, RNA and nucleotide metabolism"
Pharokka_OFV4_ECM1_CDS_0220,unknown function
Pharokka_OFV4_ECM1_CDS_0221,unknown function
Pharokka_OFV4_ECM1_CDS_0222,other
Pharokka_OFV4_ECM1_CDS_0223,"moron, auxiliary metabolic gene and host takeover"
Pharokka_OFV4_ECM1_CDS_0224,transcription regulation
Pharokka_OFV4_ECM1_CDS_0225,unknown function
Pharokka_OFV4_ECM1_CDS_0226,other
Pharokka_OFV4_ECM1_CDS_0227,unknown function
Pharokka_OFV4_ECM1_CDS_0228,"DNA, RNA and nucleotide metabolism"
Pharokka_OFV4_ECM1_CDS_0229,"DNA, RNA and nucleotide metabolism"
Pharokka_OFV4_ECM1_CDS_0230,other
Pharokka_OFV4_ECM1_CDS_0231,unknown function
Pharokka_OFV4_ECM1_CDS_0232,tail
Pharokka_OFV4_ECM1_CDS_0233,unknown function
Pharokka_OFV4_ECM1_CDS_0234,other
Pharokka_OFV4_ECM1_CDS_0235,unknown function
Pharokka_OFV4_ECM1_CDS_0236,unknown function
Pharokka_OFV4_ECM1_CDS_0237,tail
Pharokka_OFV4_ECM1_CDS_0238,"DNA, RNA and nucleotide metabolism"
Pharokka_OFV4_ECM1_CDS_0239,other
Pharokka_OFV4_ECM1_CDS_0240,other
Pharokka_OFV4_ECM1_CDS_0241,unknown function
Pharokka_OFV4_ECM1_CDS_0242,unknown function
Pharokka_OFV4_ECM1_CDS_0243,unknown function
Pharokka_OFV4_ECM1_CDS_0244,unknown function
Pharokka_OFV4_ECM1_CDS_0245,unknown function
Pharokka_OFV4_ECM1_CDS_0246,unknown function
Pharokka_OFV4_ECM1_CDS_0247,unknown function
Pharokka_OFV4_ECM1_CDS_0248,tail
Pharokka_OFV4_ECM1_CDS_0249,unknown function
Pharokka_OFV4_ECM1_CDS_0250,unknown function
Pharokka_OFV4_ECM1_CDS_0251,unknown function
Pharokka_OFV4_ECM1_CDS_0252,unknown function
Pharokka_OFV4_ECM1_CDS_0253,unknown function
Pharokka_OFV4_ECM1_CDS_0254,unknown function
Pharokka_OFV4_ECM1_CDS_0255,unknown function
Pharokka_OFV4_ECM1_CDS_0256,unknown function
Pharokka_OFV4_ECM1_CDS_0257,unknown function
Pharokka_OFV4_ECM1_CDS_0258,unknown function
Pharokka_OFV4_ECM1_CDS_0259,unknown function
Pharokka_OFV4_ECM1_CDS_0260,unknown function
Pharokka_OFV4_ECM1_CDS_0261,"DNA, RNA and nucleotide metabolism"
Pharokka_OFV4_ECM1_CDS_0262,lysis
Pharokka_OFV4_ECM1_CDS_0263,lysis
Pharokka_OFV4_ECM1_CDS_0264,unknown function
Pharokka_Salmonella_phage_emhyr_CDS_0001,head and packaging
Pharokka_Salmonella_phage_emhyr_CDS_0002,head and packaging
Pharokka_Salmonella_phage_emhyr_CDS_0003,unknown function
Pharokka_Salmonella_phage_emhyr_CDS_0004,head and packaging
Pharokka_Salmonella_phage_emhyr_CDS_0005,unknown function
Pharokka_Salmonella_phage_emhyr_CDS_0006,connector
Pharokka_Salmonella_phage_emhyr_CDS_0007,connector
Pharokka_Salmonella_phage_emhyr_CDS_0008,head and packaging
Pharokka_Salmonella_phage_emhyr_CDS_0009,connector
Pharokka_Salmonella_phage_emhyr_CDS_0010,tail
Pharokka_Salmonella_phage_emhyr_CDS_0011,tail
Pharokka_Salmonella_phage_emhyr_CDS_0012,head and packaging
Pharokka_Salmonella_phage_emhyr_CDS_0013,tail
Pharokka_Salmonella_phage_emhyr_CDS_0014,tail
Pharokka_Salmonella_phage_emhyr_CDS_0015,head and packaging
Pharokka_Salmonella_phage_emhyr_CDS_0016,tail
Pharokka_Salmonella_phage_emhyr_CDS_0017,unknown function
Pharokka_Salmonella_phage_emhyr_CDS_0018,tail
Pharokka_Salmonella_phage_emhyr_CDS_0019,tail
Pharokka_Salmonella_phage_emhyr_CDS_0020,unknown function
Pharokka_Salmonella_phage_emhyr_CDS_0021,tail
Pharokka_Salmonella_phage_emhyr_CDS_0022,tail
Pharokka_Salmonella_phage_emhyr_CDS_0023,tail
Pharokka_Salmonella_phage_emhyr_CDS_0024,tail
Pharokka_Salmonella_phage_emhyr_CDS_0025,head and packaging
Pharokka_Salmonella_phage_emhyr_CDS_0026,tail
Pharokka_Salmonella_phage_emhyr_CDS_0027,tail
Pharokka_Salmonella_phage_emhyr_CDS_0028,tail
Pharokka_Salmonella_phage_emhyr_CDS_0029,lysis
Pharokka_Salmonella_phage_emhyr_CDS_0030,lysis
Pharokka_Salmonella_phage_emhyr_CDS_0031,lysis
Pharokka_Salmonella_phage_emhyr_CDS_0032,lysis
Pharokka_Salmonella_phage_emhyr_CDS_0033,other
Pharokka_Salmonella_phage_emhyr_CDS_0034,unknown function
Pharokka_Salmonella_phage_emhyr_CDS_0035,"DNA, RNA and nucleotide metabolism"
Pharokka_Salmonella_phage_emhyr_CDS_0036,"DNA, RNA and nucleotide metabolism"
Pharokka_Salmonella_phage_emhyr_CDS_0037,"DNA, RNA and nucleotide metabolism"
Pharokka_Salmonella_phage_emhyr_CDS_0038,other
Pharokka_Salmonella_phage_emhyr_CDS_0039,unknown function
Pharokka_Salmonella_phage_emhyr_CDS_0040,unknown function
Pharokka_Salmonella_phage_emhyr_CDS_0041,unknown function
Pharokka_Salmonella_phage_emhyr_CDS_0042,unknown function
Pharokka_Salmonella_phage_emhyr_CDS_0043,unknown function
Pharokka_Salmonella_phage_emhyr_CDS_0044,unknown function
Pharokka_Salmonella_phage_emhyr_CDS_0045,unknown function
Pharokka_Salmonella_phage_emhyr_CDS_0046,"DNA, RNA and nucleotide metabolism"
Pharokka_Salmonella_phage_emhyr_CDS_0047,"DNA, RNA and nucleotide metabolism"
Pharokka_Salmonella_phage_emhyr_CDS_0048,"DNA, RNA and nucleotide metabolism"
Pharokka_Salmonella_phage_emhyr_CDS_0049,"DNA, RNA and nucleotide metabolism"
Pharokka_Salmonella_phage_emhyr_CDS_0050,"DNA, RNA and nucleotide metabolism"
Pharokka_Salmonella_phage_emhyr_CDS_0051,unknown function
Pharokka_Salmonella_phage_emhyr_CDS_0052,unknown function
Pharokka_Salmonella_phage_emhyr_CDS_0053,unknown function
Pharokka_Salmonella_phage_emhyr_CDS_0054,unknown function
Pharokka_Salmonella_phage_emhyr_CDS_0055,unknown function
Pharokka_Salmonella_phage_emhyr_CDS_0056,unknown function
Pharokka_Salmonella_phage_emhyr_CDS_0057,unknown function
Pharokka_Salmonella_phage_emhyr_CDS_0058,unknown function
Pharokka_Salmonella_phage_emhyr_CDS_0059,unknown function
Pharokka_Salmonella_phage_emhyr_CDS_0060,unknown function
Pharokka_Salmonella_phage_emhyr_CDS_0061,unknown function
Pharokka_Salmonella_phage_emhyr_CDS_0062,"DNA, RNA and nucleotide metabolism"
Pharokka_Salmonella_phage_emhyr_CDS_0063,unknown function
Pharokka_Salmonella_phage_emhyr_CDS_0064,transcription regulation
Pharokka_Salmonella_phage_emhyr_CDS_0065,"DNA, RNA and nucleotide metabolism"
Pharokka_Salmonella_phage_emhyr_CDS_0066,unknown function
Pharokka_Salmonella_phage_emhyr_CDS_0067,unknown function
Pharokka_Salmonella_phage_emhyr_CDS_0068,unknown function
Pharokka_Salmonella_phage_emhyr_CDS_0069,"moron, auxiliary metabolic gene and host takeover"
Pharokka_Salmonella_phage_emhyr_CDS_0070,unknown function
Pharokka_Salmonella_phage_emhyr_CDS_0071,unknown function
Pharokka_Salmonella_phage_emhyr_CDS_0072,unknown function
Pharokka_Salmonella_phage_emhyr_CDS_0073,unknown function
Pharokka_Salmonella_phage_emhyr_CDS_0074,unknown function
Pharokka_Salmonella_phage_emhyr_CDS_0075,unknown function
Pharokka_Salmonella_phage_emhyr_CDS_0076,unknown function
Pharokka_Salmonella_phage_emhyr_CDS_0077,unknown function
Pharokka_Salmonella_phage_emhyr_CDS_0078,unknown function
Pharokka_Salmonella_phage_emhyr_CDS_0079,unknown function
Pharokka_Salmonella_phage_emhyr_CDS_0080,unknown function
Pharokka_Salmonella_phage_emhyr_CDS_0081,unknown function
Pharokka_Salmonella_phage_emhyr_CDS_0082,"DNA, RNA and nucleotide metabolism"
Pharokka_Salmonella_phage_emhyr_CDS_0083,other
Pharokka_Salmonella_phage_emhyr_CDS_0084,unknown function
Pharokka_Salmonella_phage_emhyr_CDS_0085,unknown function
Pharokka_Salmonella_phage_emhyr_CDS_0086,unknown function
Pharokka_SW3C-EC78_1_CDS_0001,head and packaging
Pharokka_SW3C-EC78_1_CDS_0002,unknown function
Pharokka_SW3C-EC78_1_CDS_0003,"moron, auxiliary metabolic gene and host takeover"
Pharokka_SW3C-EC78_1_CDS_0004,unknown function
Pharokka_SW3C-EC78_1_CDS_0005,unknown function
Pharokka_SW3C-EC78_1_CDS_0006,unknown function
Pharokka_SW3C-EC78_1_CDS_0007,connector
Pharokka_SW3C-EC78_1_CDS_0008,unknown function
Pharokka_SW3C-EC78_1_CDS_0009,other
Pharokka_SW3C-EC78_1_CDS_0010,head and packaging
Pharokka_SW3C-EC78_1_CDS_0011,tail
Pharokka_SW3C-EC78_1_CDS_0012,"DNA, RNA and nucleotide metabolism"
Pharokka_SW3C-EC78_1_CDS_0013,unknown function
Pharokka_SW3C-EC78_1_CDS_0014,tail
Pharokka_SW3C-EC78_1_CDS_0015,tail
Pharokka_SW3C-EC78_1_CDS_0016,head and packaging
Pharokka_SW3C-EC78_1_CDS_0017,head and packaging
Pharokka_SW3C-EC78_1_CDS_0018,head and packaging
Pharokka_SW3C-EC78_1_CDS_0019,head and packaging
Pharokka_SW3C-EC78_1_CDS_0020,head and packaging
Pharokka_SW3C-EC78_1_CDS_0021,unknown function
Pharokka_SW3C-EC78_1_CDS_0022,unknown function
Pharokka_SW3C-EC78_1_CDS_0023,unknown function
Pharokka_SW3C-EC78_1_CDS_0024,head and packaging
Pharokka_SW3C-EC78_1_CDS_0025,transcription regulation
Pharokka_SW3C-EC78_1_CDS_0026,unknown function
Pharokka_SW3C-EC78_1_CDS_0027,unknown function
Pharokka_SW3C-EC78_1_CDS_0028,tail
Pharokka_SW3C-EC78_1_CDS_0029,unknown function
Pharokka_SW3C-EC78_1_CDS_0030,lysis
Pharokka_SW3C-EC78_1_CDS_0031,unknown function
Pharokka_SW3C-EC78_1_CDS_0032,lysis
Pharokka_SW3C-EC78_1_CDS_0033,lysis
Pharokka_SW3C-EC78_1_CDS_0034,unknown function
Pharokka_SW3C-EC78_1_CDS_0035,integration and excision
Pharokka_SW3C-EC78_1_CDS_0036,unknown function
Pharokka_SW3C-EC78_1_CDS_0037,other
Pharokka_SW3C-EC78_1_CDS_0038,transcription regulation
Pharokka_SW3C-EC78_1_CDS_0039,"moron, auxiliary metabolic gene and host takeover"
Pharokka_SW3C-EC78_1_CDS_0040,integration and excision
Pharokka_SW3C-EC78_1_CDS_0041,"DNA, RNA and nucleotide metabolism"
Pharokka_SW3C-EC78_1_CDS_0042,"DNA, RNA and nucleotide metabolism"
Pharokka_SW3C-EC78_1_CDS_0043,unknown function
Pharokka_SW3C-EC78_1_CDS_0044,unknown function
Pharokka_SW3C-EC78_1_CDS_0045,unknown function
Pharokka_SW3C-EC78_1_CDS_0046,transcription regulation
Pharokka_SW3C-EC78_1_CDS_0047,unknown function
Pharokka_SW3C-EC78_1_CDS_0048,unknown function
Pharokka_SW3C-EC78_1_CDS_0049,"DNA, RNA and nucleotide metabolism"
Pharokka_SW3C-EC78_1_CDS_0050,"DNA, RNA and nucleotide metabolism"
Pharokka_SW3C-EC78_1_CDS_0051,"DNA, RNA and nucleotide metabolism"
Pharokka_SW3C-EC78_1_CDS_0052,"DNA, RNA and nucleotide metabolism"
Pharokka_SW3C-EC78_1_CDS_0053,unknown function
Pharokka_SW3C-EC78_1_CDS_0054,unknown function
Pharokka_SW3C-EC78_1_CDS_0055,other
Pharokka_SW3C-EC78_1_CDS_0056,unknown function
Pharokka_SW3C-EC78_1_CDS_0057,"moron, auxiliary metabolic gene and host takeover"
Pharokka_SW3C-EC78_1_CDS_0058,unknown function
Pharokka_SW3C-EC78_1_CDS_0059,unknown function
Pharokka_SW3C-EC78_1_CDS_0060,transcription regulation
Pharokka_SW3C-EC78_1_CDS_0061,unknown function
Pharokka_SW3C-EC78_1_CDS_0062,head and packaging
Pharokka_OFV4-ECM1_1_CDS_0001,head and packaging
Pharokka_OFV4-ECM1_1_CDS_0002,unknown function
Pharokka_OFV4-ECM1_1_CDS_0003,"moron, auxiliary metabolic gene and host takeover"
Pharokka_OFV4-ECM1_1_CDS_0004,unknown function
Pharokka_OFV4-ECM1_1_CDS_0005,unknown function
Pharokka_OFV4-ECM1_1_CDS_0006,head and packaging
Pharokka_OFV4-ECM1_1_CDS_0007,"DNA, RNA and nucleotide metabolism"
Pharokka_OFV4-ECM1_1_CDS_0008,unknown function
Pharokka_OFV4-ECM1_1_CDS_0009,head and packaging
Pharokka_OFV4-ECM1_1_CDS_0010,head and packaging
Pharokka_OFV4-ECM1_1_CDS_0011,other
Pharokka_OFV4-ECM1_1_CDS_0012,unknown function
Pharokka_OFV4-ECM1_1_CDS_0013,head and packaging
Pharokka_OFV4-ECM1_1_CDS_0014,head and packaging
Pharokka_OFV4-ECM1_1_CDS_0015,unknown function
Pharokka_OFV4-ECM1_1_CDS_0016,tail
Pharokka_OFV4-ECM1_1_CDS_0017,tail
Pharokka_OFV4-ECM1_1_CDS_0018,tail
Pharokka_OFV4-ECM1_1_CDS_0019,head and packaging
Pharokka_OFV4-ECM1_1_CDS_0020,"moron, auxiliary metabolic gene and host takeover"
Pharokka_OFV4-ECM1_1_CDS_0021,unknown function
Pharokka_OFV4-ECM1_1_CDS_0022,unknown function
Pharokka_OFV4-ECM1_1_CDS_0023,connector
Pharokka_OFV4-ECM1_1_CDS_0024,head and packaging
Pharokka_OFV4-ECM1_1_CDS_0025,connector
Pharokka_OFV4-ECM1_1_CDS_0026,unknown function
Pharokka_OFV4-ECM1_1_CDS_0027,tail
Pharokka_OFV4-ECM1_1_CDS_0028,head and packaging
Pharokka_OFV4-ECM1_1_CDS_0029,tail
Pharokka_OFV4-ECM1_1_CDS_0030,unknown function
Pharokka_OFV4-ECM1_1_CDS_0031,tail
Pharokka_OFV4-ECM1_1_CDS_0032,tail
Pharokka_OFV4-ECM1_1_CDS_0033,head and packaging
Pharokka_OFV4-ECM1_1_CDS_0034,tail
Pharokka_OFV4-ECM1_1_CDS_0035,tail
Pharokka_OFV4-ECM1_1_CDS_0036,tail
Pharokka_OFV4-ECM1_1_CDS_0037,unknown function
Pharokka_OFV4-ECM1_1_CDS_0038,tail
Pharokka_OFV4-ECM1_1_CDS_0039,tail
Pharokka_OFV4-ECM1_1_CDS_0040,tail
Pharokka_OFV4-ECM1_1_CDS_0041,tail
Pharokka_OFV4-ECM1_1_CDS_0042,tail
Pharokka_OFV4-ECM1_1_CDS_0043,unknown function
Pharokka_OFV4-ECM1_1_CDS_0044,unknown function
Pharokka_OFV4-ECM1_1_CDS_0045,"moron, auxiliary metabolic gene and host takeover"
Pharokka_OFV4-ECM1_1_CDS_0046,tail
Pharokka_OFV4-ECM1_1_CDS_0047,tail
Pharokka_OFV4-ECM1_1_CDS_0048,"DNA, RNA and nucleotide metabolism"
Pharokka_OFV4-ECM1_1_CDS_0049,unknown function
Pharokka_OFV4-ECM1_1_CDS_0050,unknown function
Pharokka_OFV4-ECM1_1_CDS_0051,unknown function
Pharokka_OFV4-ECM1_1_CDS_0052,unknown function
Pharokka_OFV4-ECM1_1_CDS_0053,unknown function
Pharokka_OFV4-ECM1_1_CDS_0054,unknown function
Pharokka_OFV4-ECM1_1_CDS_0055,unknown function
Pharokka_OFV4-ECM1_1_CDS_0056,unknown function
Pharokka_OFV4-ECM1_1_CDS_0057,unknown function
Pharokka_OFV4-ECM1_1_CDS_0058,unknown function
Pharokka_OFV4-ECM1_1_CDS_0059,unknown function
Pharokka_OFV4-ECM1_1_CDS_0060,unknown function
Pharokka_OFV4-ECM1_1_CDS_0061,unknown function
Pharokka_OFV4-ECM1_1_CDS_0062,unknown function
Pharokka_OFV4-ECM1_1_CDS_0063,unknown function
Pharokka_OFV4-ECM1_1_CDS_0064,unknown function
Pharokka_OFV4-ECM1_1_CDS_0065,unknown function
Pharokka_OFV4-ECM1_1_CDS_0066,unknown function
Pharokka_OFV4-ECM1_1_CDS_0067,unknown function
Pharokka_OFV4-ECM1_1_CDS_0068,unknown function
Pharokka_OFV4-ECM1_1_CDS_0069,unknown function
Pharokka_OFV4-ECM1_1_CDS_0070,unknown function
Pharokka_OFV4-ECM1_1_CDS_0071,"DNA, RNA and nucleotide metabolism"
Pharokka_OFV4-ECM1_1_CDS_0072,unknown function
Pharokka_OFV4-ECM1_1_CDS_0073,"DNA, RNA and nucleotide metabolism"
Pharokka_OFV4-ECM1_1_CDS_0074,"DNA, RNA and nucleotide metabolism"
Pharokka_OFV4-ECM1_1_CDS_0075,unknown function
Pharokka_OFV4-ECM1_1_CDS_0076,"DNA, RNA and nucleotide metabolism"
Pharokka_OFV4-ECM1_1_CDS_0077,unknown function
Pharokka_OFV4-ECM1_1_CDS_0078,"DNA, RNA and nucleotide metabolism"
Pharokka_OFV4-ECM1_1_CDS_0079,unknown function
Pharokka_OFV4-ECM1_1_CDS_0080,other
Pharokka_OFV4-ECM1_1_CDS_0081,"DNA, RNA and nucleotide metabolism"
Pharokka_OFV4-ECM1_1_CDS_0082,unknown function
Pharokka_OFV4-ECM1_1_CDS_0083,unknown function
Pharokka_OFV4-ECM1_1_CDS_0084,"DNA, RNA and nucleotide metabolism"
Pharokka_OFV4-ECM1_1_CDS_0085,unknown function
Pharokka_OFV4-ECM1_1_CDS_0086,unknown function
Pharokka_OFV4-ECM1_1_CDS_0087,unknown function
Pharokka_OFV4-ECM1_1_CDS_0088,"DNA, RNA and nucleotide metabolism"
Pharokka_OFV4-ECM1_1_CDS_0089,lysis
Pharokka_OFV4-ECM1_1_CDS_0090,lysis
Pharokka_OFV4-ECM1_1_CDS_0091,lysis
Pharokka_OFV4-ECM1_1_CDS_0092,unknown function
Pharokka_OFV4-ECM1_1_CDS_0093,"DNA, RNA and nucleotide metabolism"
Pharokka_OFV4-ECM1_1_CDS_0094,other
Pharokka_OFV4-ECM1_1_CDS_0095,unknown function
Pharokka_OFV4-ECM1_1_CDS_0096,other
Pharokka_OFV4-ECM1_1_CDS_0097,tail
Pharokka_OFV4-ECM1_1_CDS_0098,unknown function
Pharokka_OFV4-ECM1_1_CDS_0099,other
Pharokka_OFV4-ECM1_1_CDS_0100,unknown function
Pharokka_OFV4-ECM1_1_CDS_0101,unknown function
Pharokka_OFV4-ECM1_1_CDS_0102,unknown function
Pharokka_OFV4-ECM1_1_CDS_0103,other
Pharokka_OFV4-ECM1_1_CDS_0104,other
Pharokka_OFV4-ECM1_1_CDS_0105,other
Pharokka_OFV4-ECM1_1_CDS_0106,"DNA, RNA and nucleotide metabolism"
Pharokka_OFV4-ECM1_1_CDS_0107,"moron, auxiliary metabolic gene and host takeover"
Pharokka_OFV4-ECM1_1_CDS_0108,tail
Pharokka_OFV4-ECM1_1_CDS_0109,"DNA, RNA and nucleotide metabolism"
Pharokka_OFV4-ECM1_1_CDS_0110,tail
Pharokka_OFV4-ECM1_1_CDS_0111,unknown function
Pharokka_OFV4-ECM1_1_CDS_0112,unknown function
Pharokka_OFV4-ECM1_1_CDS_0113,unknown function
Pharokka_OFV4-ECM1_1_CDS_0114,unknown function
Pharokka_OFV4-ECM1_1_CDS_0115,unknown function
Pharokka_OFV4-ECM1_1_CDS_0116,unknown function
Pharokka_OFV4-ECM1_1_CDS_0117,"moron, auxiliary metabolic gene and host takeover"
Pharokka_OFV4-ECM1_1_CDS_0118,unknown function
Pharokka_OFV4-ECM1_1_CDS_0119,unknown function
Pharokka_OFV4-ECM1_1_CDS_0120,lysis
Pharokka_OFV4-ECM1_1_CDS_0121,unknown function
Pharokka_OFV4-ECM1_1_CDS_0122,unknown function
Pharokka_OFV4-ECM1_1_CDS_0123,unknown function
Pharokka_OFV4-ECM1_1_CDS_0124,unknown function
Pharokka_OFV4-ECM1_1_CDS_0125,unknown function
Pharokka_OFV4-ECM1_1_CDS_0126,unknown function
Pharokka_OFV4-ECM1_1_CDS_0127,unknown function
Pharokka_OFV4-ECM1_1_CDS_0128,unknown function
Pharokka_OFV4-ECM1_1_CDS_0129,unknown function
Pharokka_OFV4-ECM1_1_CDS_0130,unknown function
Pharokka_OFV4-ECM1_1_CDS_0131,unknown function
Pharokka_OFV4-ECM1_1_CDS_0132,unknown function
Pharokka_OFV4-ECM1_1_CDS_0133,unknown function
Pharokka_OFV4-ECM1_1_CDS_0134,unknown function
Pharokka_OFV4-ECM1_1_CDS_0135,unknown function
Pharokka_OFV4-ECM1_1_CDS_0136,unknown function
Pharokka_OFV4-ECM1_1_CDS_0137,unknown function
Pharokka_OFV4-ECM1_1_CDS_0138,unknown function
Pharokka_OFV4-ECM1_1_CDS_0139,unknown function
Pharokka_OFV4-ECM1_1_CDS_0140,unknown function
Pharokka_OFV4-ECM1_1_CDS_0141,unknown function
Pharokka_OFV4-ECM1_1_CDS_0142,unknown function
Pharokka_OFV4-ECM1_1_CDS_0143,unknown function
Pharokka_OFV4-ECM1_1_CDS_0144,unknown function
Pharokka_OFV4-ECM1_1_CDS_0145,unknown function
Pharokka_OFV4-ECM1_1_CDS_0146,unknown function
Pharokka_OFV4-ECM1_1_CDS_0147,unknown function
Pharokka_OFV4-ECM1_1_CDS_0148,unknown function
Pharokka_OFV4-ECM1_1_CDS_0149,unknown function
Pharokka_OFV4-ECM1_1_CDS_0150,unknown function
Pharokka_OFV4-ECM1_1_CDS_0151,"moron, auxiliary metabolic gene and host takeover"
Pharokka_OFV4-ECM1_1_CDS_0152,unknown function
Pharokka_OFV4-ECM1_1_CDS_0153,unknown function
Pharokka_OFV4-ECM1_1_CDS_0154,unknown function
Pharokka_OFV4-ECM1_1_CDS_0155,unknown function
Pharokka_OFV4-ECM1_1_CDS_0156,unknown function
Pharokka_OFV4-ECM1_1_CDS_0157,unknown function
Pharokka_OFV4-ECM1_1_CDS_0158,unknown function
Pharokka_OFV4-ECM1_1_CDS_0159,unknown function
Pharokka_OFV4-ECM1_1_CDS_0160,unknown function
Pharokka_OFV4-ECM1_1_CDS_0161,unknown function
Pharokka_OFV4-ECM1_1_CDS_0162,unknown function
Pharokka_OFV4-ECM1_1_CDS_0163,unknown function
Pharokka_OFV4-ECM1_1_CDS_0164,unknown function
Pharokka_OFV4-ECM1_1_CDS_0165,unknown function
Pharokka_OFV4-ECM1_1_CDS_0166,unknown function
Pharokka_OFV4-ECM1_1_CDS_0167,unknown function
Pharokka_OFV4-ECM1_1_CDS_0168,unknown function
Pharokka_OFV4-ECM1_1_CDS_0169,"moron, auxiliary metabolic gene and host takeover"
Pharokka_OFV4-ECM1_1_CDS_0170,unknown function
Pharokka_OFV4-ECM1_1_CDS_0171,unknown function
Pharokka_OFV4-ECM1_1_CDS_0172,unknown function
Pharokka_OFV4-ECM1_1_CDS_0173,unknown function
Pharokka_OFV4-ECM1_1_CDS_0174,"DNA, RNA and nucleotide metabolism"
Pharokka_OFV4-ECM1_1_CDS_0175,unknown function
Pharokka_OFV4-ECM1_1_CDS_0176,"moron, auxiliary metabolic gene and host takeover"
Pharokka_OFV4-ECM1_1_CDS_0177,other
Pharokka_OFV4-ECM1_1_CDS_0178,"moron, auxiliary metabolic gene and host takeover"
Pharokka_OFV4-ECM1_1_CDS_0179,unknown function
Pharokka_OFV4-ECM1_1_CDS_0180,"DNA, RNA and nucleotide metabolism"
Pharokka_OFV4-ECM1_1_CDS_0181,unknown function
Pharokka_OFV4-ECM1_1_CDS_0182,unknown function
Pharokka_OFV4-ECM1_1_CDS_0183,other
Pharokka_OFV4-ECM1_1_CDS_0184,other
Pharokka_OFV4-ECM1_1_CDS_0185,unknown function
Pharokka_OFV4-ECM1_1_CDS_0186,unknown function
Pharokka_OFV4-ECM1_1_CDS_0187,"DNA, RNA and nucleotide metabolism"
Pharokka_OFV4-ECM1_1_CDS_0188,other
Pharokka_OFV4-ECM1_1_CDS_0189,lysis
Pharokka_OFV4-ECM1_1_CDS_0190,unknown function
Pharokka_OFV4-ECM1_1_CDS_0191,unknown function
Pharokka_OFV4-ECM1_1_CDS_0192,"DNA, RNA and nucleotide metabolism"
Pharokka_OFV4-ECM1_1_CDS_0193,"DNA, RNA and nucleotide metabolism"
Pharokka_OFV4-ECM1_1_CDS_0194,tail
Pharokka_OFV4-ECM1_1_CDS_0195,"moron, auxiliary metabolic gene and host takeover"
Pharokka_OFV4-ECM1_1_CDS_0196,unknown function
Pharokka_OFV4-ECM1_1_CDS_0197,"moron, auxiliary metabolic gene and host takeover"
Pharokka_OFV4-ECM1_1_CDS_0198,unknown function
Pharokka_OFV4-ECM1_1_CDS_0199,unknown function
Pharokka_OFV4-ECM1_1_CDS_0200,"moron, auxiliary metabolic gene and host takeover"
Pharokka_OFV4-ECM1_1_CDS_0201,"DNA, RNA and nucleotide metabolism"
Pharokka_OFV4-ECM1_1_CDS_0202,"DNA, RNA and nucleotide metabolism"
Pharokka_OFV4-ECM1_1_CDS_0203,"DNA, RNA and nucleotide metabolism"
Pharokka_OFV4-ECM1_1_CDS_0204,unknown function
Pharokka_OFV4-ECM1_1_CDS_0205,unknown function
Pharokka_OFV4-ECM1_1_CDS_0206,"DNA, RNA and nucleotide metabolism"
Pharokka_OFV4-ECM1_1_CDS_0207,unknown function
Pharokka_OFV4-ECM1_1_CDS_0208,unknown function
Pharokka_OFV4-ECM1_1_CDS_0209,unknown function
Pharokka_OFV4-ECM1_1_CDS_0210,"DNA, RNA and nucleotide metabolism"
Pharokka_OFV4-ECM1_1_CDS_0211,other
Pharokka_OFV4-ECM1_1_CDS_0212,"DNA, RNA and nucleotide metabolism"
Pharokka_OFV4-ECM1_1_CDS_0213,"DNA, RNA and nucleotide metabolism"
Pharokka_OFV4-ECM1_1_CDS_0214,"DNA, RNA and nucleotide metabolism"
Pharokka_OFV4-ECM1_1_CDS_0215,unknown function
Pharokka_OFV4-ECM1_1_CDS_0216,"DNA, RNA and nucleotide metabolism"
Pharokka_OFV4-ECM1_1_CDS_0217,unknown function
Pharokka_OFV4-ECM1_1_CDS_0218,"DNA, RNA and nucleotide metabolism"
Pharokka_OFV4-ECM1_1_CDS_0219,"DNA, RNA and nucleotide metabolism"
Pharokka_OFV4-ECM1_1_CDS_0220,unknown function
Pharokka_OFV4-ECM1_1_CDS_0221,unknown function
Pharokka_OFV4-ECM1_1_CDS_0222,other
Pharokka_OFV4-ECM1_1_CDS_0223,"moron, auxiliary metabolic gene and host takeover"
Pharokka_OFV4-ECM1_1_CDS_0224,transcription regulation
Pharokka_OFV4-ECM1_1_CDS_0225,unknown function
Pharokka_OFV4-ECM1_1_CDS_0226,other
Pharokka_OFV4-ECM1_1_CDS_0227,unknown function
Pharokka_OFV4-ECM1_1_CDS_0228,"DNA, RNA and nucleotide metabolism"
Pharokka_OFV4-ECM1_1_CDS_0229,"DNA, RNA and nucleotide metabolism"
Pharokka_OFV4-ECM1_1_CDS_0230,other
Pharokka_OFV4-ECM1_1_CDS_0231,unknown function
Pharokka_OFV4-ECM1_1_CDS_0232,tail
Pharokka_OFV4-ECM1_1_CDS_0233,unknown function
Pharokka_OFV4-ECM1_1_CDS_0234,other
Pharokka_OFV4-ECM1_1_CDS_0235,unknown function
Pharokka_OFV4-ECM1_1_CDS_0236,unknown function
Pharokka_OFV4-ECM1_1_CDS_0237,tail
Pharokka_OFV4-ECM1_1_CDS_0238,"DNA, RNA and nucleotide metabolism"
Pharokka_OFV4-ECM1_1_CDS_0239,other
Pharokka_OFV4-ECM1_1_CDS_0240,other
Pharokka_OFV4-ECM1_1_CDS_0241,unknown function
Pharokka_OFV4-ECM1_1_CDS_0242,unknown function
Pharokka_OFV4-ECM1_1_CDS_0243,unknown function
Pharokka_OFV4-ECM1_1_CDS_0244,unknown function
Pharokka_OFV4-ECM1_1_CDS_0245,unknown function
Pharokka_OFV4-ECM1_1_CDS_0246,unknown function
Pharokka_OFV4-ECM1_1_CDS_0247,unknown function
Pharokka_OFV4-ECM1_1_CDS_0248,tail
Pharokka_OFV4-ECM1_1_CDS_0249,unknown function
Pharokka_OFV4-ECM1_1_CDS_0250,unknown function
Pharokka_OFV4-ECM1_1_CDS_0251,unknown function
Pharokka_OFV4-ECM1_1_CDS_0252,unknown function
Pharokka_OFV4-ECM1_1_CDS_0253,unknown function
Pharokka_OFV4-ECM1_1_CDS_0254,unknown function
Pharokka_OFV4-ECM1_1_CDS_0255,unknown function
Pharokka_OFV4-ECM1_1_CDS_0256,unknown function
Pharokka_OFV4-ECM1_1_CDS_0257,unknown function
Pharokka_OFV4-ECM1_1_CDS_0258,unknown function
Pharokka_OFV4-ECM1_1_CDS_0259,unknown function
Pharokka_OFV4-ECM1_1_CDS_0260,unknown function
Pharokka_OFV4-ECM1_1_CDS_0261,"DNA, RNA and nucleotide metabolism"
Pharokka_OFV4-ECM1_1_CDS_0262,lysis
Pharokka_OFV4-ECM1_1_CDS_0263,lysis
Pharokka_OFV4-ECM1_1_CDS_0264,unknown function
Pharokka_Escherichia_phage_PNJ1809-36_CDS_0001,head and packaging
Pharokka_Escherichia_phage_PNJ1809-36_CDS_0002,head and packaging
Pharokka_Escherichia_phage_PNJ1809-36_CDS_0003,other
Pharokka_Escherichia_phage_PNJ1809-36_CDS_0004,head and packaging
Pharokka_Escherichia_phage_PNJ1809-36_CDS_0005,head and packaging
Pharokka_Escherichia_phage_PNJ1809-36_CDS_0006,head and packaging
Pharokka_Escherichia_phage_PNJ1809-36_CDS_0007,unknown function
Pharokka_Escherichia_phage_PNJ1809-36_CDS_0008,unknown function
Pharokka_Escherichia_phage_PNJ1809-36_CDS_0009,connector
Pharokka_Escherichia_phage_PNJ1809-36_CDS_0010,head and packaging
Pharokka_Escherichia_phage_PNJ1809-36_CDS_0011,connector
Pharokka_Escherichia_phage_PNJ1809-36_CDS_0012,tail
Pharokka_Escherichia_phage_PNJ1809-36_CDS_0013,head and packaging
Pharokka_Escherichia_phage_PNJ1809-36_CDS_0014,tail
Pharokka_Escherichia_phage_PNJ1809-36_CDS_0015,unknown function
Pharokka_Escherichia_phage_PNJ1809-36_CDS_0016,tail
Pharokka_Escherichia_phage_PNJ1809-36_CDS_0017,unknown function
Pharokka_Escherichia_phage_PNJ1809-36_CDS_0018,tail
Pharokka_Escherichia_phage_PNJ1809-36_CDS_0019,head and packaging
Pharokka_Escherichia_phage_PNJ1809-36_CDS_0020,tail
Pharokka_Escherichia_phage_PNJ1809-36_CDS_0021,tail
Pharokka_Escherichia_phage_PNJ1809-36_CDS_0022,tail
Pharokka_Escherichia_phage_PNJ1809-36_CDS_0023,tail
Pharokka_Escherichia_phage_PNJ1809-36_CDS_0024,tail
Pharokka_Escherichia_phage_PNJ1809-36_CDS_0025,tail
Pharokka_Escherichia_phage_PNJ1809-36_CDS_0026,tail
Pharokka_Escherichia_phage_PNJ1809-36_CDS_0027,"moron, auxiliary metabolic gene and host takeover"
Pharokka_Escherichia_phage_PNJ1809-36_CDS_0028,tail
Pharokka_Escherichia_phage_PNJ1809-36_CDS_0029,tail
Pharokka_Escherichia_phage_PNJ1809-36_CDS_0030,tail
Pharokka_Escherichia_phage_PNJ1809-36_CDS_0031,tail
Pharokka_Escherichia_phage_PNJ1809-36_CDS_0032,other
Pharokka_Escherichia_phage_PNJ1809-36_CDS_0033,"moron, auxiliary metabolic gene and host takeover"
Pharokka_Escherichia_phage_PNJ1809-36_CDS_0034,tail
Pharokka_Escherichia_phage_PNJ1809-36_CDS_0035,tail
Pharokka_Escherichia_phage_PNJ1809-36_CDS_0036,"DNA, RNA and nucleotide metabolism"
Pharokka_Escherichia_phage_PNJ1809-36_CDS_0037,unknown function
Pharokka_Escherichia_phage_PNJ1809-36_CDS_0038,"DNA, RNA and nucleotide metabolism"
Pharokka_Escherichia_phage_PNJ1809-36_CDS_0039,unknown function
Pharokka_Escherichia_phage_PNJ1809-36_CDS_0040,unknown function
Pharokka_Escherichia_phage_PNJ1809-36_CDS_0041,unknown function
Pharokka_Escherichia_phage_PNJ1809-36_CDS_0042,"DNA, RNA and nucleotide metabolism"
Pharokka_Escherichia_phage_PNJ1809-36_CDS_0043,"moron, auxiliary metabolic gene and host takeover"
Pharokka_Escherichia_phage_PNJ1809-36_CDS_0044,unknown function
Pharokka_Escherichia_phage_PNJ1809-36_CDS_0045,"DNA, RNA and nucleotide metabolism"
Pharokka_Escherichia_phage_PNJ1809-36_CDS_0046,unknown function
Pharokka_Escherichia_phage_PNJ1809-36_CDS_0047,"moron, auxiliary metabolic gene and host takeover"
Pharokka_Escherichia_phage_PNJ1809-36_CDS_0048,"moron, auxiliary metabolic gene and host takeover"
Pharokka_Escherichia_phage_PNJ1809-36_CDS_0049,"moron, auxiliary metabolic gene and host takeover"
Pharokka_Escherichia_phage_PNJ1809-36_CDS_0050,"moron, auxiliary metabolic gene and host takeover"
Pharokka_Escherichia_phage_PNJ1809-36_CDS_0051,unknown function
Pharokka_Escherichia_phage_PNJ1809-36_CDS_0052,unknown function
Pharokka_Escherichia_phage_PNJ1809-36_CDS_0053,unknown function
Pharokka_Escherichia_phage_PNJ1809-36_CDS_0054,lysis
Pharokka_Escherichia_phage_PNJ1809-36_CDS_0055,"DNA, RNA and nucleotide metabolism"
Pharokka_Escherichia_phage_PNJ1809-36_CDS_0056,unknown function
Pharokka_Escherichia_phage_PNJ1809-36_CDS_0057,unknown function
Pharokka_Escherichia_phage_PNJ1809-36_CDS_0058,"DNA, RNA and nucleotide metabolism"
Pharokka_Escherichia_phage_PNJ1809-36_CDS_0059,unknown function
Pharokka_Escherichia_phage_PNJ1809-36_CDS_0060,unknown function
Pharokka_Escherichia_phage_PNJ1809-36_CDS_0061,unknown function
Pharokka_Escherichia_phage_PNJ1809-36_CDS_0062,unknown function
Pharokka_Escherichia_phage_PNJ1809-36_CDS_0063,unknown function
Pharokka_Escherichia_phage_PNJ1809-36_CDS_0064,"moron, auxiliary metabolic gene and host takeover"
Pharokka_Escherichia_phage_PNJ1809-36_CDS_0065,"DNA, RNA and nucleotide metabolism"
Pharokka_Escherichia_phage_PNJ1809-36_CDS_0066,unknown function
Pharokka_Escherichia_phage_PNJ1809-36_CDS_0067,unknown function
Pharokka_Escherichia_phage_PNJ1809-36_CDS_0068,unknown function
Pharokka_Escherichia_phage_PNJ1809-36_CDS_0069,"moron, auxiliary metabolic gene and host takeover"
Pharokka_Escherichia_phage_PNJ1809-36_CDS_0070,unknown function
Pharokka_Escherichia_phage_PNJ1809-36_CDS_0071,other
Pharokka_Escherichia_phage_PNJ1809-36_CDS_0072,"moron, auxiliary metabolic gene and host takeover"
Pharokka_Escherichia_phage_PNJ1809-36_CDS_0073,other
Pharokka_Escherichia_phage_PNJ1809-36_CDS_0074,other
Pharokka_Escherichia_phage_PNJ1809-36_CDS_0075,unknown function
Pharokka_Escherichia_phage_PNJ1809-36_CDS_0076,"DNA, RNA and nucleotide metabolism"
Pharokka_Escherichia_phage_PNJ1809-36_CDS_0077,"moron, auxiliary metabolic gene and host takeover"
Pharokka_Escherichia_phage_PNJ1809-36_CDS_0078,"DNA, RNA and nucleotide metabolism"
Pharokka_Escherichia_phage_PNJ1809-36_CDS_0079,"DNA, RNA and nucleotide metabolism"
Pharokka_Escherichia_phage_PNJ1809-36_CDS_0080,unknown function
Pharokka_Escherichia_phage_PNJ1809-36_CDS_0081,"DNA, RNA and nucleotide metabolism"
Pharokka_Escherichia_phage_PNJ1809-36_CDS_0082,unknown function
Pharokka_Escherichia_phage_PNJ1809-36_CDS_0083,unknown function
Pharokka_Escherichia_phage_PNJ1809-36_CDS_0084,"DNA, RNA and nucleotide metabolism"
Pharokka_Escherichia_phage_PNJ1809-36_CDS_0085,unknown function
Pharokka_Escherichia_phage_PNJ1809-36_CDS_0086,unknown function
Pharokka_Escherichia_phage_PNJ1809-36_CDS_0087,unknown function
Pharokka_Escherichia_phage_PNJ1809-36_CDS_0088,unknown function
Pharokka_Escherichia_phage_PNJ1809-36_CDS_0089,unknown function
Pharokka_Escherichia_phage_PNJ1809-36_CDS_0090,unknown function
Pharokka_Escherichia_phage_PNJ1809-36_CDS_0091,unknown function
Pharokka_Escherichia_phage_PNJ1809-36_CDS_0092,unknown function
Pharokka_Escherichia_phage_PNJ1809-36_CDS_0093,unknown function
Pharokka_Escherichia_phage_PNJ1809-36_CDS_0094,unknown function
Pharokka_Escherichia_phage_PNJ1809-36_CDS_0095,unknown function
Pharokka_Escherichia_phage_PNJ1809-36_CDS_0096,unknown function
Pharokka_Escherichia_phage_PNJ1809-36_CDS_0097,unknown function
Pharokka_Escherichia_phage_PNJ1809-36_CDS_0098,unknown function
Pharokka_Escherichia_phage_PNJ1809-36_CDS_0099,unknown function
Pharokka_Escherichia_phage_PNJ1809-36_CDS_0100,unknown function
Pharokka_Escherichia_phage_PNJ1809-36_CDS_0101,unknown function
Pharokka_Escherichia_phage_PNJ1809-36_CDS_0102,unknown function
Pharokka_Escherichia_phage_PNJ1809-36_CDS_0103,unknown function
Pharokka_Escherichia_phage_PNJ1809-36_CDS_0104,unknown function
Pharokka_Escherichia_phage_PNJ1809-36_CDS_0105,unknown function
Pharokka_Escherichia_phage_PNJ1809-36_CDS_0106,unknown function
Pharokka_Escherichia_phage_PNJ1809-36_CDS_0107,unknown function
Pharokka_Escherichia_phage_PNJ1809-36_CDS_0108,unknown function
Pharokka_Escherichia_phage_PNJ1809-36_CDS_0109,unknown function
Pharokka_Escherichia_phage_PNJ1809-36_CDS_0110,unknown function
Pharokka_Escherichia_phage_PNJ1809-36_CDS_0111,unknown function
Pharokka_Escherichia_phage_PNJ1809-36_CDS_0112,other
Pharokka_Escherichia_phage_PNJ1809-36_CDS_0113,"DNA, RNA and nucleotide metabolism"
Pharokka_Escherichia_phage_PNJ1809-36_CDS_0114,unknown function
Pharokka_Escherichia_phage_PNJ1809-36_CDS_0115,unknown function
Pharokka_Escherichia_phage_PNJ1809-36_CDS_0116,other
Pharokka_Escherichia_phage_PNJ1809-36_CDS_0117,unknown function
Pharokka_Escherichia_phage_PNJ1809-36_CDS_0118,unknown function
Pharokka_Escherichia_phage_PNJ1809-36_CDS_0119,unknown function
Pharokka_Escherichia_phage_PNJ1809-36_CDS_0120,unknown function
Pharokka_Escherichia_phage_PNJ1809-36_CDS_0121,"DNA, RNA and nucleotide metabolism"
Pharokka_Escherichia_phage_PNJ1809-36_CDS_0122,unknown function
Pharokka_Escherichia_phage_PNJ1809-36_CDS_0123,unknown function
Pharokka_Escherichia_phage_PNJ1809-36_CDS_0124,unknown function
Pharokka_Escherichia_phage_PNJ1809-36_CDS_0125,unknown function
Pharokka_Escherichia_phage_PNJ1809-36_CDS_0126,unknown function
Pharokka_Escherichia_phage_PNJ1809-36_CDS_0127,unknown function
Pharokka_Escherichia_phage_PNJ1809-36_CDS_0128,unknown function
Pharokka_Escherichia_phage_PNJ1809-36_CDS_0129,unknown function
Pharokka_Escherichia_phage_PNJ1809-36_CDS_0130,unknown function
Pharokka_Escherichia_phage_PNJ1809-36_CDS_0131,unknown function
Pharokka_Escherichia_phage_PNJ1809-36_CDS_0132,unknown function
Pharokka_Escherichia_phage_PNJ1809-36_CDS_0133,unknown function
Pharokka_Escherichia_phage_PNJ1809-36_CDS_0134,tail
Pharokka_Escherichia_phage_PNJ1809-36_CDS_0135,unknown function
Pharokka_Escherichia_phage_PNJ1809-36_CDS_0136,unknown function
Pharokka_Escherichia_phage_PNJ1809-36_CDS_0137,unknown function
Pharokka_Escherichia_phage_PNJ1809-36_CDS_0138,unknown function
Pharokka_Escherichia_phage_PNJ1809-36_CDS_0139,unknown function
Pharokka_Escherichia_phage_PNJ1809-36_CDS_0140,unknown function
Pharokka_Escherichia_phage_PNJ1809-36_CDS_0141,unknown function
Pharokka_Escherichia_phage_PNJ1809-36_CDS_0142,unknown function
Pharokka_Escherichia_phage_PNJ1809-36_CDS_0143,"moron, auxiliary metabolic gene and host takeover"
Pharokka_Escherichia_phage_PNJ1809-36_CDS_0144,unknown function
Pharokka_Escherichia_phage_PNJ1809-36_CDS_0145,unknown function
Pharokka_Escherichia_phage_PNJ1809-36_CDS_0146,unknown function
Pharokka_Escherichia_phage_PNJ1809-36_CDS_0147,unknown function
Pharokka_Escherichia_phage_PNJ1809-36_CDS_0148,unknown function
Pharokka_Escherichia_phage_PNJ1809-36_CDS_0149,unknown function
Pharokka_Escherichia_phage_PNJ1809-36_CDS_0150,unknown function
Pharokka_Escherichia_phage_PNJ1809-36_CDS_0151,unknown function
Pharokka_Escherichia_phage_PNJ1809-36_CDS_0152,unknown function
Pharokka_Escherichia_phage_PNJ1809-36_CDS_0153,unknown function
Pharokka_Escherichia_phage_PNJ1809-36_CDS_0154,unknown function
Pharokka_Escherichia_phage_PNJ1809-36_CDS_0155,unknown function
Pharokka_Escherichia_phage_PNJ1809-36_CDS_0156,unknown function
Pharokka_Escherichia_phage_PNJ1809-36_CDS_0157,unknown function
Pharokka_Escherichia_phage_PNJ1809-36_CDS_0158,unknown function
Pharokka_Escherichia_phage_PNJ1809-36_CDS_0159,unknown function
Pharokka_Escherichia_phage_PNJ1809-36_CDS_0160,unknown function
Pharokka_Escherichia_phage_PNJ1809-36_CDS_0161,unknown function
Pharokka_Escherichia_phage_PNJ1809-36_CDS_0162,unknown function
Pharokka_Escherichia_phage_PNJ1809-36_CDS_0163,unknown function
Pharokka_Escherichia_phage_PNJ1809-36_CDS_0164,unknown function
Pharokka_Escherichia_phage_PNJ1809-36_CDS_0165,lysis
Pharokka_Escherichia_phage_PNJ1809-36_CDS_0166,unknown function
Pharokka_Escherichia_phage_PNJ1809-36_CDS_0167,unknown function
Pharokka_Escherichia_phage_PNJ1809-36_CDS_0168,unknown function
Pharokka_Escherichia_phage_PNJ1809-36_CDS_0169,unknown function
Pharokka_Escherichia_phage_PNJ1809-36_CDS_0170,unknown function
Pharokka_Escherichia_phage_PNJ1809-36_CDS_0171,unknown function
Pharokka_Escherichia_phage_PNJ1809-36_CDS_0172,unknown function
Pharokka_Escherichia_phage_PNJ1809-36_CDS_0173,unknown function
Pharokka_Escherichia_phage_PNJ1809-36_CDS_0174,unknown function
Pharokka_Escherichia_phage_PNJ1809-36_CDS_0175,unknown function
Pharokka_Escherichia_phage_PNJ1809-36_CDS_0176,unknown function
Pharokka_Escherichia_phage_PNJ1809-36_CDS_0177,unknown function
Pharokka_Escherichia_phage_PNJ1809-36_CDS_0178,unknown function
Pharokka_Escherichia_phage_PNJ1809-36_CDS_0179,unknown function
Pharokka_Escherichia_phage_PNJ1809-36_CDS_0180,unknown function
Pharokka_Escherichia_phage_PNJ1809-36_CDS_0181,unknown function
Pharokka_Escherichia_phage_PNJ1809-36_CDS_0182,unknown function
Pharokka_Escherichia_phage_PNJ1809-36_CDS_0183,unknown function
Pharokka_Escherichia_phage_PNJ1809-36_CDS_0184,unknown function
Pharokka_Escherichia_phage_PNJ1809-36_CDS_0185,unknown function
Pharokka_Escherichia_phage_PNJ1809-36_CDS_0186,unknown function
Pharokka_Escherichia_phage_PNJ1809-36_CDS_0187,unknown function
Pharokka_Escherichia_phage_PNJ1809-36_CDS_0188,unknown function
Pharokka_Escherichia_phage_PNJ1809-36_CDS_0189,unknown function
Pharokka_Escherichia_phage_PNJ1809-36_CDS_0190,unknown function
Pharokka_Escherichia_phage_PNJ1809-36_CDS_0191,unknown function
Pharokka_Escherichia_phage_PNJ1809-36_CDS_0192,unknown function
Pharokka_Escherichia_phage_PNJ1809-36_CDS_0193,unknown function
Pharokka_Escherichia_phage_PNJ1809-36_CDS_0194,unknown function
Pharokka_Escherichia_phage_PNJ1809-36_CDS_0195,unknown function
Pharokka_Escherichia_phage_PNJ1809-36_CDS_0196,unknown function
Pharokka_Escherichia_phage_PNJ1809-36_CDS_0197,unknown function
Pharokka_Escherichia_phage_PNJ1809-36_CDS_0198,unknown function
Pharokka_Escherichia_phage_PNJ1809-36_CDS_0199,unknown function
Pharokka_Escherichia_phage_PNJ1809-36_CDS_0200,unknown function
Pharokka_Escherichia_phage_PNJ1809-36_CDS_0201,unknown function
Pharokka_Escherichia_phage_PNJ1809-36_CDS_0202,unknown function
Pharokka_Escherichia_phage_PNJ1809-36_CDS_0203,unknown function
Pharokka_Escherichia_phage_PNJ1809-36_CDS_0204,"DNA, RNA and nucleotide metabolism"
Pharokka_Escherichia_phage_PNJ1809-36_CDS_0205,unknown function
Pharokka_Escherichia_phage_PNJ1809-36_CDS_0206,unknown function
Pharokka_Escherichia_phage_PNJ1809-36_CDS_0207,unknown function
Pharokka_Escherichia_phage_PNJ1809-36_CDS_0208,unknown function
Pharokka_Escherichia_phage_PNJ1809-36_CDS_0209,unknown function
Pharokka_Escherichia_phage_PNJ1809-36_CDS_0210,unknown function
Pharokka_Escherichia_phage_PNJ1809-36_CDS_0211,unknown function
Pharokka_Escherichia_phage_PNJ1809-36_CDS_0212,unknown function
Pharokka_Escherichia_phage_PNJ1809-36_CDS_0213,unknown function
Pharokka_Escherichia_phage_PNJ1809-36_CDS_0214,unknown function
Pharokka_Escherichia_phage_PNJ1809-36_CDS_0215,unknown function
Pharokka_Escherichia_phage_PNJ1809-36_CDS_0216,unknown function
Pharokka_Escherichia_phage_PNJ1809-36_CDS_0217,"DNA, RNA and nucleotide metabolism"
Pharokka_Escherichia_phage_PNJ1809-36_CDS_0218,unknown function
Pharokka_Escherichia_phage_PNJ1809-36_CDS_0219,unknown function
Pharokka_Escherichia_phage_PNJ1809-36_CDS_0220,unknown function
Pharokka_Escherichia_phage_PNJ1809-36_CDS_0221,unknown function
Pharokka_Escherichia_phage_PNJ1809-36_CDS_0222,unknown function
Pharokka_Escherichia_phage_PNJ1809-36_CDS_0223,unknown function
Pharokka_Escherichia_phage_PNJ1809-36_CDS_0224,unknown function
Pharokka_Escherichia_phage_PNJ1809-36_CDS_0225,unknown function
Pharokka_Escherichia_phage_PNJ1809-36_CDS_0226,unknown function
Pharokka_Escherichia_phage_PNJ1809-36_CDS_0227,"DNA, RNA and nucleotide metabolism"
Pharokka_Escherichia_phage_PNJ1809-36_CDS_0228,unknown function
Pharokka_Escherichia_phage_PNJ1809-36_CDS_0229,unknown function
Pharokka_Escherichia_phage_PNJ1809-36_CDS_0230,other
Pharokka_Escherichia_phage_PNJ1809-36_CDS_0231,unknown function
Pharokka_Escherichia_phage_PNJ1809-36_CDS_0232,unknown function
Pharokka_Escherichia_phage_PNJ1809-36_CDS_0233,unknown function
Pharokka_Escherichia_phage_PNJ1809-36_CDS_0234,unknown function
Pharokka_Escherichia_phage_PNJ1809-36_CDS_0235,unknown function
Pharokka_Escherichia_phage_PNJ1809-36_CDS_0236,unknown function
Pharokka_Escherichia_phage_PNJ1809-36_CDS_0237,unknown function
Pharokka_Escherichia_phage_PNJ1809-36_CDS_0238,unknown function
Pharokka_Escherichia_phage_PNJ1809-36_CDS_0239,"DNA, RNA and nucleotide metabolism"
Pharokka_Escherichia_phage_PNJ1809-36_CDS_0240,unknown function
Pharokka_Escherichia_phage_PNJ1809-36_CDS_0241,other
Pharokka_Escherichia_phage_PNJ1809-36_CDS_0242,unknown function
Pharokka_Escherichia_phage_PNJ1809-36_CDS_0243,"DNA, RNA and nucleotide metabolism"
Pharokka_Escherichia_phage_PNJ1809-36_CDS_0244,unknown function
Pharokka_Escherichia_phage_PNJ1809-36_CDS_0245,unknown function
Pharokka_Escherichia_phage_PNJ1809-36_CDS_0246,unknown function
Pharokka_Escherichia_phage_PNJ1809-36_CDS_0247,other
Pharokka_Escherichia_phage_PNJ1809-36_CDS_0248,unknown function
Pharokka_Escherichia_phage_PNJ1809-36_CDS_0249,other
Pharokka_Escherichia_phage_PNJ1809-36_CDS_0250,unknown function
Pharokka_Escherichia_phage_PNJ1809-36_CDS_0251,other
Pharokka_Escherichia_phage_PNJ1809-36_CDS_0252,lysis
Pharokka_Escherichia_phage_PNJ1809-36_CDS_0253,unknown function
Pharokka_Escherichia_phage_PNJ1809-36_CDS_0254,"DNA, RNA and nucleotide metabolism"
Pharokka_Escherichia_phage_PNJ1809-36_CDS_0255,"DNA, RNA and nucleotide metabolism"
Pharokka_Escherichia_phage_PNJ1809-36_CDS_0256,"moron, auxiliary metabolic gene and host takeover"
Pharokka_Escherichia_phage_PNJ1809-36_CDS_0257,"moron, auxiliary metabolic gene and host takeover"
Pharokka_Escherichia_phage_PNJ1809-36_CDS_0258,"DNA, RNA and nucleotide metabolism"
Pharokka_Escherichia_phage_PNJ1809-36_CDS_0259,unknown function
Pharokka_Escherichia_phage_PNJ1809-36_CDS_0260,unknown function
Pharokka_Escherichia_phage_PNJ1809-36_CDS_0261,unknown function
Pharokka_Escherichia_phage_PNJ1809-36_CDS_0262,unknown function
Pharokka_Escherichia_phage_PNJ1809-36_CDS_0263,"DNA, RNA and nucleotide metabolism"
Pharokka_Escherichia_phage_PNJ1809-36_CDS_0264,unknown function
Pharokka_Escherichia_phage_PNJ1809-36_CDS_0265,"DNA, RNA and nucleotide metabolism"
Pharokka_Escherichia_phage_PNJ1809-36_CDS_0266,unknown function
Pharokka_Escherichia_phage_PNJ1809-36_CDS_0267,unknown function
Pharokka_Escherichia_phage_PNJ1809-36_CDS_0268,"DNA, RNA and nucleotide metabolism"
Pharokka_Escherichia_phage_PNJ1809-36_CDS_0269,unknown function
Pharokka_Escherichia_phage_PNJ1809-36_CDS_0270,"DNA, RNA and nucleotide metabolism"
Pharokka_Escherichia_phage_PNJ1809-36_CDS_0271,unknown function
Pharokka_Escherichia_phage_PNJ1809-36_CDS_0272,other
Pharokka_Escherichia_phage_PNJ1809-36_CDS_0273,unknown function
Pharokka_Escherichia_phage_PNJ1809-36_CDS_0274,"DNA, RNA and nucleotide metabolism"
Pharokka_Escherichia_phage_PNJ1809-36_CDS_0275,"DNA, RNA and nucleotide metabolism"
Pharokka_Escherichia_phage_PNJ1809-36_CDS_0276,unknown function
Pharokka_Escherichia_phage_PNJ1809-36_CDS_0277,unknown function
Pharokka_Escherichia_phage_PNJ1809-36_CDS_0278,unknown function
Pharokka_Escherichia_phage_PNJ1809-36_CDS_0279,"DNA, RNA and nucleotide metabolism"
Pharokka_Escherichia_phage_PNJ1809-36_CDS_0280,other
Pharokka_Escherichia_phage_PNJ1809-36_CDS_0281,unknown function
Pharokka_Escherichia_phage_PNJ1809-36_CDS_0282,"DNA, RNA and nucleotide metabolism"
Pharokka_Escherichia_phage_PNJ1809-36_CDS_0283,unknown function
Pharokka_Escherichia_phage_PNJ1809-36_CDS_0284,unknown function
Pharokka_Escherichia_phage_PNJ1809-36_CDS_0285,other
Pharokka_Escherichia_phage_PNJ1809-36_CDS_0286,other
Pharokka_Escherichia_phage_PNJ1809-36_CDS_0287,tail
Pharokka_Escherichia_phage_PNJ1809-36_CDS_0288,other
Pharokka_Escherichia_phage_PNJ1809-36_CDS_0289,unknown function
Pharokka_Escherichia_phage_PNJ1809-36_CDS_0290,unknown function
Pharokka_Escherichia_phage_PNJ1809-36_CDS_0291,other
Pharokka_Escherichia_phage_PNJ1809-36_CDS_0292,unknown function
Pharokka_Escherichia_phage_PNJ1809-36_CDS_0293,unknown function
Pharokka_Escherichia_phage_PNJ1809-36_CDS_0294,unknown function
Pharokka_Escherichia_phage_PNJ1809-36_CDS_0295,unknown function
Pharokka_Escherichia_phage_PNJ1809-36_CDS_0296,unknown function
Pharokka_Escherichia_phage_PNJ1809-36_CDS_0297,unknown function
Pharokka_Escherichia_phage_PNJ1809-36_CDS_0298,unknown function
Pharokka_Escherichia_phage_PNJ1809-36_CDS_0299,unknown function
Pharokka_Escherichia_phage_PNJ1809-36_CDS_0300,unknown function
Pharokka_Escherichia_phage_PNJ1809-36_CDS_0301,unknown function
Pharokka_Escherichia_phage_PNJ1809-36_CDS_0302,unknown function
Pharokka_Escherichia_phage_PNJ1809-36_CDS_0303,unknown function
Pharokka_Escherichia_phage_PNJ1809-36_CDS_0304,unknown function
Pharokka_Escherichia_phage_PNJ1809-36_CDS_0305,unknown function
Pharokka_Escherichia_phage_PNJ1809-36_CDS_0306,other
Pharokka_Escherichia_phage_PNJ1809-36_CDS_0307,unknown function
Pharokka_Escherichia_phage_PNJ1809-36_CDS_0308,unknown function
Pharokka_Escherichia_phage_PNJ1809-36_CDS_0309,"DNA, RNA and nucleotide metabolism"
Pharokka_Escherichia_phage_PNJ1809-36_CDS_0310,unknown function
Pharokka_Escherichia_phage_PNJ1809-36_CDS_0311,head and packaging
Pharokka_Escherichia_phage_PNJ1809-36_CDS_0312,unknown function
Pharokka_Escherichia_phage_PNJ1809-36_CDS_0313,unknown function
Pharokka_Escherichia_phage_PNJ1809-36_CDS_0314,"moron, auxiliary metabolic gene and host takeover"
Pharokka_Escherichia_phage_PNJ1809-36_CDS_0315,lysis
Pharokka_7_ECM1_CDS_0001,head and packaging
Pharokka_7_ECM1_CDS_0002,head and packaging
Pharokka_7_ECM1_CDS_0003,other
Pharokka_7_ECM1_CDS_0004,head and packaging
Pharokka_7_ECM1_CDS_0005,head and packaging
Pharokka_7_ECM1_CDS_0006,head and packaging
Pharokka_7_ECM1_CDS_0007,unknown function
Pharokka_7_ECM1_CDS_0008,unknown function
Pharokka_7_ECM1_CDS_0009,connector
Pharokka_7_ECM1_CDS_0010,head and packaging
Pharokka_7_ECM1_CDS_0011,connector
Pharokka_7_ECM1_CDS_0012,tail
Pharokka_7_ECM1_CDS_0013,head and packaging
Pharokka_7_ECM1_CDS_0014,tail
Pharokka_7_ECM1_CDS_0015,unknown function
Pharokka_7_ECM1_CDS_0016,tail
Pharokka_7_ECM1_CDS_0017,unknown function
Pharokka_7_ECM1_CDS_0018,tail
Pharokka_7_ECM1_CDS_0019,head and packaging
Pharokka_7_ECM1_CDS_0020,tail
Pharokka_7_ECM1_CDS_0021,tail
Pharokka_7_ECM1_CDS_0022,tail
Pharokka_7_ECM1_CDS_0023,tail
Pharokka_7_ECM1_CDS_0024,tail
Pharokka_7_ECM1_CDS_0025,tail
Pharokka_7_ECM1_CDS_0026,tail
Pharokka_7_ECM1_CDS_0027,"moron, auxiliary metabolic gene and host takeover"
Pharokka_7_ECM1_CDS_0028,tail
Pharokka_7_ECM1_CDS_0029,tail
Pharokka_7_ECM1_CDS_0030,tail
Pharokka_7_ECM1_CDS_0031,tail
Pharokka_7_ECM1_CDS_0032,other
Pharokka_7_ECM1_CDS_0033,"moron, auxiliary metabolic gene and host takeover"
Pharokka_7_ECM1_CDS_0034,tail
Pharokka_7_ECM1_CDS_0035,tail
Pharokka_7_ECM1_CDS_0036,"DNA, RNA and nucleotide metabolism"
Pharokka_7_ECM1_CDS_0037,unknown function
Pharokka_7_ECM1_CDS_0038,"DNA, RNA and nucleotide metabolism"
Pharokka_7_ECM1_CDS_0039,unknown function
Pharokka_7_ECM1_CDS_0040,unknown function
Pharokka_7_ECM1_CDS_0041,unknown function
Pharokka_7_ECM1_CDS_0042,"DNA, RNA and nucleotide metabolism"
Pharokka_7_ECM1_CDS_0043,"moron, auxiliary metabolic gene and host takeover"
Pharokka_7_ECM1_CDS_0044,unknown function
Pharokka_7_ECM1_CDS_0045,"DNA, RNA and nucleotide metabolism"
Pharokka_7_ECM1_CDS_0046,unknown function
Pharokka_7_ECM1_CDS_0047,"moron, auxiliary metabolic gene and host takeover"
Pharokka_7_ECM1_CDS_0048,"moron, auxiliary metabolic gene and host takeover"
Pharokka_7_ECM1_CDS_0049,"moron, auxiliary metabolic gene and host takeover"
Pharokka_7_ECM1_CDS_0050,"moron, auxiliary metabolic gene and host takeover"
Pharokka_7_ECM1_CDS_0051,unknown function
Pharokka_7_ECM1_CDS_0052,unknown function
Pharokka_7_ECM1_CDS_0053,unknown function
Pharokka_7_ECM1_CDS_0054,lysis
Pharokka_7_ECM1_CDS_0055,"DNA, RNA and nucleotide metabolism"
Pharokka_7_ECM1_CDS_0056,unknown function
Pharokka_7_ECM1_CDS_0057,unknown function
Pharokka_7_ECM1_CDS_0058,"DNA, RNA and nucleotide metabolism"
Pharokka_7_ECM1_CDS_0059,unknown function
Pharokka_7_ECM1_CDS_0060,unknown function
Pharokka_7_ECM1_CDS_0061,unknown function
Pharokka_7_ECM1_CDS_0062,unknown function
Pharokka_7_ECM1_CDS_0063,unknown function
Pharokka_7_ECM1_CDS_0064,"moron, auxiliary metabolic gene and host takeover"
Pharokka_7_ECM1_CDS_0065,"DNA, RNA and nucleotide metabolism"
Pharokka_7_ECM1_CDS_0066,unknown function
Pharokka_7_ECM1_CDS_0067,unknown function
Pharokka_7_ECM1_CDS_0068,unknown function
Pharokka_7_ECM1_CDS_0069,"moron, auxiliary metabolic gene and host takeover"
Pharokka_7_ECM1_CDS_0070,unknown function
Pharokka_7_ECM1_CDS_0071,other
Pharokka_7_ECM1_CDS_0072,"moron, auxiliary metabolic gene and host takeover"
Pharokka_7_ECM1_CDS_0073,other
Pharokka_7_ECM1_CDS_0074,other
Pharokka_7_ECM1_CDS_0075,unknown function
Pharokka_7_ECM1_CDS_0076,"DNA, RNA and nucleotide metabolism"
Pharokka_7_ECM1_CDS_0077,"moron, auxiliary metabolic gene and host takeover"
Pharokka_7_ECM1_CDS_0078,"DNA, RNA and nucleotide metabolism"
Pharokka_7_ECM1_CDS_0079,"DNA, RNA and nucleotide metabolism"
Pharokka_7_ECM1_CDS_0080,unknown function
Pharokka_7_ECM1_CDS_0081,"DNA, RNA and nucleotide metabolism"
Pharokka_7_ECM1_CDS_0082,unknown function
Pharokka_7_ECM1_CDS_0083,unknown function
Pharokka_7_ECM1_CDS_0084,"DNA, RNA and nucleotide metabolism"
Pharokka_7_ECM1_CDS_0085,unknown function
Pharokka_7_ECM1_CDS_0086,unknown function
Pharokka_7_ECM1_CDS_0087,unknown function
Pharokka_7_ECM1_CDS_0088,unknown function
Pharokka_7_ECM1_CDS_0089,unknown function
Pharokka_7_ECM1_CDS_0090,unknown function
Pharokka_7_ECM1_CDS_0091,unknown function
Pharokka_7_ECM1_CDS_0092,unknown function
Pharokka_7_ECM1_CDS_0093,unknown function
Pharokka_7_ECM1_CDS_0094,unknown function
Pharokka_7_ECM1_CDS_0095,unknown function
Pharokka_7_ECM1_CDS_0096,unknown function
Pharokka_7_ECM1_CDS_0097,unknown function
Pharokka_7_ECM1_CDS_0098,unknown function
Pharokka_7_ECM1_CDS_0099,unknown function
Pharokka_7_ECM1_CDS_0100,head and packaging
Pharokka_7_ECM1_CDS_0101,unknown function
Pharokka_7_ECM1_CDS_0102,unknown function
Pharokka_7_ECM1_CDS_0103,unknown function
Pharokka_7_ECM1_CDS_0104,unknown function
Pharokka_7_ECM1_CDS_0105,unknown function
Pharokka_7_ECM1_CDS_0106,unknown function
Pharokka_7_ECM1_CDS_0107,unknown function
Pharokka_7_ECM1_CDS_0108,unknown function
Pharokka_7_ECM1_CDS_0109,unknown function
Pharokka_7_ECM1_CDS_0110,other
Pharokka_7_ECM1_CDS_0111,"DNA, RNA and nucleotide metabolism"
Pharokka_7_ECM1_CDS_0112,unknown function
Pharokka_7_ECM1_CDS_0113,unknown function
Pharokka_7_ECM1_CDS_0114,other
Pharokka_7_ECM1_CDS_0115,unknown function
Pharokka_7_ECM1_CDS_0116,unknown function
Pharokka_7_ECM1_CDS_0117,unknown function
Pharokka_7_ECM1_CDS_0118,unknown function
Pharokka_7_ECM1_CDS_0119,unknown function
Pharokka_7_ECM1_CDS_0120,unknown function
Pharokka_7_ECM1_CDS_0121,unknown function
Pharokka_7_ECM1_CDS_0122,unknown function
Pharokka_7_ECM1_CDS_0123,unknown function
Pharokka_7_ECM1_CDS_0124,unknown function
Pharokka_7_ECM1_CDS_0125,unknown function
Pharokka_7_ECM1_CDS_0126,unknown function
Pharokka_7_ECM1_CDS_0127,unknown function
Pharokka_7_ECM1_CDS_0128,unknown function
Pharokka_7_ECM1_CDS_0129,unknown function
Pharokka_7_ECM1_CDS_0130,unknown function
Pharokka_7_ECM1_CDS_0131,unknown function
Pharokka_7_ECM1_CDS_0132,unknown function
Pharokka_7_ECM1_CDS_0133,unknown function
Pharokka_7_ECM1_CDS_0134,unknown function
Pharokka_7_ECM1_CDS_0135,unknown function
Pharokka_7_ECM1_CDS_0136,unknown function
Pharokka_7_ECM1_CDS_0137,unknown function
Pharokka_7_ECM1_CDS_0138,unknown function
Pharokka_7_ECM1_CDS_0139,unknown function
Pharokka_7_ECM1_CDS_0140,"moron, auxiliary metabolic gene and host takeover"
Pharokka_7_ECM1_CDS_0141,unknown function
Pharokka_7_ECM1_CDS_0142,unknown function
Pharokka_7_ECM1_CDS_0143,unknown function
Pharokka_7_ECM1_CDS_0144,unknown function
Pharokka_7_ECM1_CDS_0145,unknown function
Pharokka_7_ECM1_CDS_0146,unknown function
Pharokka_7_ECM1_CDS_0147,unknown function
Pharokka_7_ECM1_CDS_0148,unknown function
Pharokka_7_ECM1_CDS_0149,unknown function
Pharokka_7_ECM1_CDS_0150,unknown function
Pharokka_7_ECM1_CDS_0151,unknown function
Pharokka_7_ECM1_CDS_0152,unknown function
Pharokka_7_ECM1_CDS_0153,unknown function
Pharokka_7_ECM1_CDS_0154,unknown function
Pharokka_7_ECM1_CDS_0155,unknown function
Pharokka_7_ECM1_CDS_0156,unknown function
Pharokka_7_ECM1_CDS_0157,unknown function
Pharokka_7_ECM1_CDS_0158,unknown function
Pharokka_7_ECM1_CDS_0159,unknown function
Pharokka_7_ECM1_CDS_0160,unknown function
Pharokka_7_ECM1_CDS_0161,unknown function
Pharokka_7_ECM1_CDS_0162,unknown function
Pharokka_7_ECM1_CDS_0163,unknown function
Pharokka_7_ECM1_CDS_0164,unknown function
Pharokka_7_ECM1_CDS_0165,unknown function
Pharokka_7_ECM1_CDS_0166,unknown function
Pharokka_7_ECM1_CDS_0167,unknown function
Pharokka_7_ECM1_CDS_0168,unknown function
Pharokka_7_ECM1_CDS_0169,unknown function
Pharokka_7_ECM1_CDS_0170,unknown function
Pharokka_7_ECM1_CDS_0171,unknown function
Pharokka_7_ECM1_CDS_0172,unknown function
Pharokka_7_ECM1_CDS_0173,unknown function
Pharokka_7_ECM1_CDS_0174,unknown function
Pharokka_7_ECM1_CDS_0175,unknown function
Pharokka_7_ECM1_CDS_0176,unknown function
Pharokka_7_ECM1_CDS_0177,unknown function
Pharokka_7_ECM1_CDS_0178,unknown function
Pharokka_7_ECM1_CDS_0179,unknown function
Pharokka_7_ECM1_CDS_0180,unknown function
Pharokka_7_ECM1_CDS_0181,unknown function
Pharokka_7_ECM1_CDS_0182,unknown function
Pharokka_7_ECM1_CDS_0183,unknown function
Pharokka_7_ECM1_CDS_0184,unknown function
Pharokka_7_ECM1_CDS_0185,unknown function
Pharokka_7_ECM1_CDS_0186,unknown function
Pharokka_7_ECM1_CDS_0187,unknown function
Pharokka_7_ECM1_CDS_0188,unknown function
Pharokka_7_ECM1_CDS_0189,unknown function
Pharokka_7_ECM1_CDS_0190,unknown function
Pharokka_7_ECM1_CDS_0191,unknown function
Pharokka_7_ECM1_CDS_0192,unknown function
Pharokka_7_ECM1_CDS_0193,unknown function
Pharokka_7_ECM1_CDS_0194,unknown function
Pharokka_7_ECM1_CDS_0195,unknown function
Pharokka_7_ECM1_CDS_0196,unknown function
Pharokka_7_ECM1_CDS_0197,unknown function
Pharokka_7_ECM1_CDS_0198,unknown function
Pharokka_7_ECM1_CDS_0199,unknown function
Pharokka_7_ECM1_CDS_0200,"DNA, RNA and nucleotide metabolism"
Pharokka_7_ECM1_CDS_0201,unknown function
Pharokka_7_ECM1_CDS_0202,unknown function
Pharokka_7_ECM1_CDS_0203,unknown function
Pharokka_7_ECM1_CDS_0204,unknown function
Pharokka_7_ECM1_CDS_0205,unknown function
Pharokka_7_ECM1_CDS_0206,unknown function
Pharokka_7_ECM1_CDS_0207,unknown function
Pharokka_7_ECM1_CDS_0208,unknown function
Pharokka_7_ECM1_CDS_0209,unknown function
Pharokka_7_ECM1_CDS_0210,unknown function
Pharokka_7_ECM1_CDS_0211,unknown function
Pharokka_7_ECM1_CDS_0212,unknown function
Pharokka_7_ECM1_CDS_0213,"DNA, RNA and nucleotide metabolism"
Pharokka_7_ECM1_CDS_0214,unknown function
Pharokka_7_ECM1_CDS_0215,unknown function
Pharokka_7_ECM1_CDS_0216,unknown function
Pharokka_7_ECM1_CDS_0217,unknown function
Pharokka_7_ECM1_CDS_0218,unknown function
Pharokka_7_ECM1_CDS_0219,unknown function
Pharokka_7_ECM1_CDS_0220,unknown function
Pharokka_7_ECM1_CDS_0221,unknown function
Pharokka_7_ECM1_CDS_0222,unknown function
Pharokka_7_ECM1_CDS_0223,"DNA, RNA and nucleotide metabolism"
Pharokka_7_ECM1_CDS_0224,unknown function
Pharokka_7_ECM1_CDS_0225,unknown function
Pharokka_7_ECM1_CDS_0226,other
Pharokka_7_ECM1_CDS_0227,unknown function
Pharokka_7_ECM1_CDS_0228,unknown function
Pharokka_7_ECM1_CDS_0229,unknown function
Pharokka_7_ECM1_CDS_0230,unknown function
Pharokka_7_ECM1_CDS_0231,unknown function
Pharokka_7_ECM1_CDS_0232,unknown function
Pharokka_7_ECM1_CDS_0233,unknown function
Pharokka_7_ECM1_CDS_0234,unknown function
Pharokka_7_ECM1_CDS_0235,"DNA, RNA and nucleotide metabolism"
Pharokka_7_ECM1_CDS_0236,unknown function
Pharokka_7_ECM1_CDS_0237,other
Pharokka_7_ECM1_CDS_0238,unknown function
Pharokka_7_ECM1_CDS_0239,"DNA, RNA and nucleotide metabolism"
Pharokka_7_ECM1_CDS_0240,unknown function
Pharokka_7_ECM1_CDS_0241,unknown function
Pharokka_7_ECM1_CDS_0242,unknown function
Pharokka_7_ECM1_CDS_0243,other
Pharokka_7_ECM1_CDS_0244,unknown function
Pharokka_7_ECM1_CDS_0245,other
Pharokka_7_ECM1_CDS_0246,unknown function
Pharokka_7_ECM1_CDS_0247,other
Pharokka_7_ECM1_CDS_0248,lysis
Pharokka_7_ECM1_CDS_0249,unknown function
Pharokka_7_ECM1_CDS_0250,"DNA, RNA and nucleotide metabolism"
Pharokka_7_ECM1_CDS_0251,"DNA, RNA and nucleotide metabolism"
Pharokka_7_ECM1_CDS_0252,"moron, auxiliary metabolic gene and host takeover"
Pharokka_7_ECM1_CDS_0253,"moron, auxiliary metabolic gene and host takeover"
Pharokka_7_ECM1_CDS_0254,"DNA, RNA and nucleotide metabolism"
Pharokka_7_ECM1_CDS_0255,unknown function
Pharokka_7_ECM1_CDS_0256,unknown function
Pharokka_7_ECM1_CDS_0257,unknown function
Pharokka_7_ECM1_CDS_0258,unknown function
Pharokka_7_ECM1_CDS_0259,"DNA, RNA and nucleotide metabolism"
Pharokka_7_ECM1_CDS_0260,unknown function
Pharokka_7_ECM1_CDS_0261,"DNA, RNA and nucleotide metabolism"
Pharokka_7_ECM1_CDS_0262,unknown function
Pharokka_7_ECM1_CDS_0263,unknown function
Pharokka_7_ECM1_CDS_0264,"DNA, RNA and nucleotide metabolism"
Pharokka_7_ECM1_CDS_0265,unknown function
Pharokka_7_ECM1_CDS_0266,"DNA, RNA and nucleotide metabolism"
Pharokka_7_ECM1_CDS_0267,unknown function
Pharokka_7_ECM1_CDS_0268,other
Pharokka_7_ECM1_CDS_0269,unknown function
Pharokka_7_ECM1_CDS_0270,"DNA, RNA and nucleotide metabolism"
Pharokka_7_ECM1_CDS_0271,"DNA, RNA and nucleotide metabolism"
Pharokka_7_ECM1_CDS_0272,unknown function
Pharokka_7_ECM1_CDS_0273,unknown function
Pharokka_7_ECM1_CDS_0274,unknown function
Pharokka_7_ECM1_CDS_0275,"DNA, RNA and nucleotide metabolism"
Pharokka_7_ECM1_CDS_0276,other
Pharokka_7_ECM1_CDS_0277,unknown function
Pharokka_7_ECM1_CDS_0278,unknown function
Pharokka_7_ECM1_CDS_0279,"DNA, RNA and nucleotide metabolism"
Pharokka_7_ECM1_CDS_0280,unknown function
Pharokka_7_ECM1_CDS_0281,unknown function
Pharokka_7_ECM1_CDS_0282,other
Pharokka_7_ECM1_CDS_0283,other
Pharokka_7_ECM1_CDS_0284,tail
Pharokka_7_ECM1_CDS_0285,other
Pharokka_7_ECM1_CDS_0286,unknown function
Pharokka_7_ECM1_CDS_0287,unknown function
Pharokka_7_ECM1_CDS_0288,other
Pharokka_7_ECM1_CDS_0289,unknown function
Pharokka_7_ECM1_CDS_0290,unknown function
Pharokka_7_ECM1_CDS_0291,unknown function
Pharokka_7_ECM1_CDS_0292,unknown function
Pharokka_7_ECM1_CDS_0293,unknown function
Pharokka_7_ECM1_CDS_0294,unknown function
Pharokka_7_ECM1_CDS_0295,unknown function
Pharokka_7_ECM1_CDS_0296,unknown function
Pharokka_7_ECM1_CDS_0297,unknown function
Pharokka_7_ECM1_CDS_0298,unknown function
Pharokka_7_ECM1_CDS_0299,unknown function
Pharokka_7_ECM1_CDS_0300,unknown function
Pharokka_7_ECM1_CDS_0301,unknown function
Pharokka_7_ECM1_CDS_0302,unknown function
Pharokka_7_ECM1_CDS_0303,unknown function
Pharokka_7_ECM1_CDS_0304,unknown function
Pharokka_7_ECM1_CDS_0305,unknown function
Pharokka_7_ECM1_CDS_0306,unknown function
Pharokka_7_ECM1_CDS_0307,unknown function
Pharokka_7_ECM1_CDS_0308,unknown function
Pharokka_7_ECM1_CDS_0309,unknown function
Pharokka_7_ECM1_CDS_0310,unknown function
Pharokka_7_ECM1_CDS_0311,unknown function
Pharokka_7_ECM1_CDS_0312,lysis
Pharokka_7_ECM1_CDS_0313,lysis
Pharokka_8D1-EC78_CDS_0001,head and packaging
Pharokka_8D1-EC78_CDS_0002,unknown function
Pharokka_8D1-EC78_CDS_0003,unknown function
Pharokka_8D1-EC78_CDS_0004,unknown function
Pharokka_8D1-EC78_CDS_0005,unknown function
Pharokka_8D1-EC78_CDS_0006,unknown function
Pharokka_8D1-EC78_CDS_0007,connector
Pharokka_8D1-EC78_CDS_0008,unknown function
Pharokka_8D1-EC78_CDS_0009,other
Pharokka_8D1-EC78_CDS_0010,head and packaging
Pharokka_8D1-EC78_CDS_0011,tail
Pharokka_8D1-EC78_CDS_0012,"DNA, RNA and nucleotide metabolism"
Pharokka_8D1-EC78_CDS_0013,unknown function
Pharokka_8D1-EC78_CDS_0014,tail
Pharokka_8D1-EC78_CDS_0015,tail
Pharokka_8D1-EC78_CDS_0016,head and packaging
Pharokka_8D1-EC78_CDS_0017,head and packaging
Pharokka_8D1-EC78_CDS_0018,head and packaging
Pharokka_8D1-EC78_CDS_0019,head and packaging
Pharokka_8D1-EC78_CDS_0020,head and packaging
Pharokka_8D1-EC78_CDS_0021,unknown function
Pharokka_8D1-EC78_CDS_0022,unknown function
Pharokka_8D1-EC78_CDS_0023,unknown function
Pharokka_8D1-EC78_CDS_0024,transcription regulation
Pharokka_8D1-EC78_CDS_0025,unknown function
Pharokka_8D1-EC78_CDS_0026,"DNA, RNA and nucleotide metabolism"
Pharokka_8D1-EC78_CDS_0027,unknown function
Pharokka_8D1-EC78_CDS_0028,unknown function
Pharokka_8D1-EC78_CDS_0029,tail
Pharokka_8D1-EC78_CDS_0030,unknown function
Pharokka_8D1-EC78_CDS_0031,lysis
Pharokka_8D1-EC78_CDS_0032,unknown function
Pharokka_8D1-EC78_CDS_0033,lysis
Pharokka_8D1-EC78_CDS_0034,lysis
Pharokka_8D1-EC78_CDS_0035,unknown function
Pharokka_8D1-EC78_CDS_0036,integration and excision
Pharokka_8D1-EC78_CDS_0037,unknown function
Pharokka_8D1-EC78_CDS_0038,other
Pharokka_8D1-EC78_CDS_0039,transcription regulation
Pharokka_8D1-EC78_CDS_0040,"moron, auxiliary metabolic gene and host takeover"
Pharokka_8D1-EC78_CDS_0041,integration and excision
Pharokka_8D1-EC78_CDS_0042,"DNA, RNA and nucleotide metabolism"
Pharokka_8D1-EC78_CDS_0043,"DNA, RNA and nucleotide metabolism"
Pharokka_8D1-EC78_CDS_0044,unknown function
Pharokka_8D1-EC78_CDS_0045,unknown function
Pharokka_8D1-EC78_CDS_0046,unknown function
Pharokka_8D1-EC78_CDS_0047,transcription regulation
Pharokka_8D1-EC78_CDS_0048,unknown function
Pharokka_8D1-EC78_CDS_0049,unknown function
Pharokka_8D1-EC78_CDS_0050,unknown function
Pharokka_8D1-EC78_CDS_0051,"DNA, RNA and nucleotide metabolism"
Pharokka_8D1-EC78_CDS_0052,"DNA, RNA and nucleotide metabolism"
Pharokka_8D1-EC78_CDS_0053,"DNA, RNA and nucleotide metabolism"
Pharokka_8D1-EC78_CDS_0054,unknown function
Pharokka_8D1-EC78_CDS_0055,"moron, auxiliary metabolic gene and host takeover"
Pharokka_8D1-EC78_CDS_0056,other
Pharokka_8D1-EC78_CDS_0057,unknown function
Pharokka_8D1-EC78_CDS_0058,"moron, auxiliary metabolic gene and host takeover"
Pharokka_8D1-EC78_CDS_0059,unknown function
Pharokka_8D1-EC78_CDS_0060,transcription regulation
Pharokka_8D1-EC78_CDS_0061,unknown function
Pharokka_8D1-EC78_CDS_0062,head and packaging
Pharokka_W2_EC78_CDS_0001,head and packaging
Pharokka_W2_EC78_CDS_0002,head and packaging
Pharokka_W2_EC78_CDS_0003,other
Pharokka_W2_EC78_CDS_0004,head and packaging
Pharokka_W2_EC78_CDS_0005,head and packaging
Pharokka_W2_EC78_CDS_0006,head and packaging
Pharokka_W2_EC78_CDS_0007,unknown function
Pharokka_W2_EC78_CDS_0008,unknown function
Pharokka_W2_EC78_CDS_0009,connector
Pharokka_W2_EC78_CDS_0010,head and packaging
Pharokka_W2_EC78_CDS_0011,connector
Pharokka_W2_EC78_CDS_0012,tail
Pharokka_W2_EC78_CDS_0013,head and packaging
Pharokka_W2_EC78_CDS_0014,tail
Pharokka_W2_EC78_CDS_0015,unknown function
Pharokka_W2_EC78_CDS_0016,tail
Pharokka_W2_EC78_CDS_0017,unknown function
Pharokka_W2_EC78_CDS_0018,tail
Pharokka_W2_EC78_CDS_0019,head and packaging
Pharokka_W2_EC78_CDS_0020,tail
Pharokka_W2_EC78_CDS_0021,tail
Pharokka_W2_EC78_CDS_0022,tail
Pharokka_W2_EC78_CDS_0023,tail
Pharokka_W2_EC78_CDS_0024,tail
Pharokka_W2_EC78_CDS_0025,tail
Pharokka_W2_EC78_CDS_0026,"moron, auxiliary metabolic gene and host takeover"
Pharokka_W2_EC78_CDS_0027,tail
Pharokka_W2_EC78_CDS_0028,tail
Pharokka_W2_EC78_CDS_0029,tail
Pharokka_W2_EC78_CDS_0030,tail
Pharokka_W2_EC78_CDS_0031,other
Pharokka_W2_EC78_CDS_0032,"moron, auxiliary metabolic gene and host takeover"
Pharokka_W2_EC78_CDS_0033,tail
Pharokka_W2_EC78_CDS_0034,tail
Pharokka_W2_EC78_CDS_0035,"DNA, RNA and nucleotide metabolism"
Pharokka_W2_EC78_CDS_0036,unknown function
Pharokka_W2_EC78_CDS_0037,"DNA, RNA and nucleotide metabolism"
Pharokka_W2_EC78_CDS_0038,unknown function
Pharokka_W2_EC78_CDS_0039,unknown function
Pharokka_W2_EC78_CDS_0040,unknown function
Pharokka_W2_EC78_CDS_0041,"DNA, RNA and nucleotide metabolism"
Pharokka_W2_EC78_CDS_0042,"moron, auxiliary metabolic gene and host takeover"
Pharokka_W2_EC78_CDS_0043,unknown function
Pharokka_W2_EC78_CDS_0044,"DNA, RNA and nucleotide metabolism"
Pharokka_W2_EC78_CDS_0045,unknown function
Pharokka_W2_EC78_CDS_0046,"moron, auxiliary metabolic gene and host takeover"
Pharokka_W2_EC78_CDS_0047,"moron, auxiliary metabolic gene and host takeover"
Pharokka_W2_EC78_CDS_0048,"moron, auxiliary metabolic gene and host takeover"
Pharokka_W2_EC78_CDS_0049,"moron, auxiliary metabolic gene and host takeover"
Pharokka_W2_EC78_CDS_0050,unknown function
Pharokka_W2_EC78_CDS_0051,unknown function
Pharokka_W2_EC78_CDS_0052,unknown function
Pharokka_W2_EC78_CDS_0053,lysis
Pharokka_W2_EC78_CDS_0054,"DNA, RNA and nucleotide metabolism"
Pharokka_W2_EC78_CDS_0055,unknown function
Pharokka_W2_EC78_CDS_0056,unknown function
Pharokka_W2_EC78_CDS_0057,"DNA, RNA and nucleotide metabolism"
Pharokka_W2_EC78_CDS_0058,unknown function
Pharokka_W2_EC78_CDS_0059,unknown function
Pharokka_W2_EC78_CDS_0060,unknown function
Pharokka_W2_EC78_CDS_0061,unknown function
Pharokka_W2_EC78_CDS_0062,unknown function
Pharokka_W2_EC78_CDS_0063,"moron, auxiliary metabolic gene and host takeover"
Pharokka_W2_EC78_CDS_0064,"DNA, RNA and nucleotide metabolism"
Pharokka_W2_EC78_CDS_0065,unknown function
Pharokka_W2_EC78_CDS_0066,unknown function
Pharokka_W2_EC78_CDS_0067,unknown function
Pharokka_W2_EC78_CDS_0068,"moron, auxiliary metabolic gene and host takeover"
Pharokka_W2_EC78_CDS_0069,unknown function
Pharokka_W2_EC78_CDS_0070,other
Pharokka_W2_EC78_CDS_0071,"moron, auxiliary metabolic gene and host takeover"
Pharokka_W2_EC78_CDS_0072,other
Pharokka_W2_EC78_CDS_0073,other
Pharokka_W2_EC78_CDS_0074,unknown function
Pharokka_W2_EC78_CDS_0075,"DNA, RNA and nucleotide metabolism"
Pharokka_W2_EC78_CDS_0076,"moron, auxiliary metabolic gene and host takeover"
Pharokka_W2_EC78_CDS_0077,"DNA, RNA and nucleotide metabolism"
Pharokka_W2_EC78_CDS_0078,"DNA, RNA and nucleotide metabolism"
Pharokka_W2_EC78_CDS_0079,unknown function
Pharokka_W2_EC78_CDS_0080,"DNA, RNA and nucleotide metabolism"
Pharokka_W2_EC78_CDS_0081,unknown function
Pharokka_W2_EC78_CDS_0082,unknown function
Pharokka_W2_EC78_CDS_0083,"DNA, RNA and nucleotide metabolism"
Pharokka_W2_EC78_CDS_0084,unknown function
Pharokka_W2_EC78_CDS_0085,unknown function
Pharokka_W2_EC78_CDS_0086,unknown function
Pharokka_W2_EC78_CDS_0087,unknown function
Pharokka_W2_EC78_CDS_0088,unknown function
Pharokka_W2_EC78_CDS_0089,unknown function
Pharokka_W2_EC78_CDS_0090,unknown function
Pharokka_W2_EC78_CDS_0091,unknown function
Pharokka_W2_EC78_CDS_0092,unknown function
Pharokka_W2_EC78_CDS_0093,unknown function
Pharokka_W2_EC78_CDS_0094,unknown function
Pharokka_W2_EC78_CDS_0095,unknown function
Pharokka_W2_EC78_CDS_0096,unknown function
Pharokka_W2_EC78_CDS_0097,unknown function
Pharokka_W2_EC78_CDS_0098,head and packaging
Pharokka_W2_EC78_CDS_0099,unknown function
Pharokka_W2_EC78_CDS_0100,unknown function
Pharokka_W2_EC78_CDS_0101,unknown function
Pharokka_W2_EC78_CDS_0102,unknown function
Pharokka_W2_EC78_CDS_0103,unknown function
Pharokka_W2_EC78_CDS_0104,unknown function
Pharokka_W2_EC78_CDS_0105,unknown function
Pharokka_W2_EC78_CDS_0106,unknown function
Pharokka_W2_EC78_CDS_0107,unknown function
Pharokka_W2_EC78_CDS_0108,other
Pharokka_W2_EC78_CDS_0109,"DNA, RNA and nucleotide metabolism"
Pharokka_W2_EC78_CDS_0110,unknown function
Pharokka_W2_EC78_CDS_0111,unknown function
Pharokka_W2_EC78_CDS_0112,other
Pharokka_W2_EC78_CDS_0113,unknown function
Pharokka_W2_EC78_CDS_0114,unknown function
Pharokka_W2_EC78_CDS_0115,head and packaging
Pharokka_W2_EC78_CDS_0116,unknown function
Pharokka_W2_EC78_CDS_0117,unknown function
Pharokka_W2_EC78_CDS_0118,unknown function
Pharokka_W2_EC78_CDS_0119,unknown function
Pharokka_W2_EC78_CDS_0120,unknown function
Pharokka_W2_EC78_CDS_0121,unknown function
Pharokka_W2_EC78_CDS_0122,unknown function
Pharokka_W2_EC78_CDS_0123,unknown function
Pharokka_W2_EC78_CDS_0124,unknown function
Pharokka_W2_EC78_CDS_0125,unknown function
Pharokka_W2_EC78_CDS_0126,unknown function
Pharokka_W2_EC78_CDS_0127,unknown function
Pharokka_W2_EC78_CDS_0128,unknown function
Pharokka_W2_EC78_CDS_0129,unknown function
Pharokka_W2_EC78_CDS_0130,other
Pharokka_W2_EC78_CDS_0131,unknown function
Pharokka_W2_EC78_CDS_0132,unknown function
Pharokka_W2_EC78_CDS_0133,unknown function
Pharokka_W2_EC78_CDS_0134,unknown function
Pharokka_W2_EC78_CDS_0135,unknown function
Pharokka_W2_EC78_CDS_0136,unknown function
Pharokka_W2_EC78_CDS_0137,unknown function
Pharokka_W2_EC78_CDS_0138,unknown function
Pharokka_W2_EC78_CDS_0139,"moron, auxiliary metabolic gene and host takeover"
Pharokka_W2_EC78_CDS_0140,unknown function
Pharokka_W2_EC78_CDS_0141,unknown function
Pharokka_W2_EC78_CDS_0142,unknown function
Pharokka_W2_EC78_CDS_0143,unknown function
Pharokka_W2_EC78_CDS_0144,unknown function
Pharokka_W2_EC78_CDS_0145,unknown function
Pharokka_W2_EC78_CDS_0146,unknown function
Pharokka_W2_EC78_CDS_0147,unknown function
Pharokka_W2_EC78_CDS_0148,unknown function
Pharokka_W2_EC78_CDS_0149,unknown function
Pharokka_W2_EC78_CDS_0150,unknown function
Pharokka_W2_EC78_CDS_0151,unknown function
Pharokka_W2_EC78_CDS_0152,unknown function
Pharokka_W2_EC78_CDS_0153,unknown function
Pharokka_W2_EC78_CDS_0154,unknown function
Pharokka_W2_EC78_CDS_0155,unknown function
Pharokka_W2_EC78_CDS_0156,unknown function
Pharokka_W2_EC78_CDS_0157,unknown function
Pharokka_W2_EC78_CDS_0158,unknown function
Pharokka_W2_EC78_CDS_0159,unknown function
Pharokka_W2_EC78_CDS_0160,unknown function
Pharokka_W2_EC78_CDS_0161,unknown function
Pharokka_W2_EC78_CDS_0162,unknown function
Pharokka_W2_EC78_CDS_0163,unknown function
Pharokka_W2_EC78_CDS_0164,unknown function
Pharokka_W2_EC78_CDS_0165,unknown function
Pharokka_W2_EC78_CDS_0166,unknown function
Pharokka_W2_EC78_CDS_0167,unknown function
Pharokka_W2_EC78_CDS_0168,unknown function
Pharokka_W2_EC78_CDS_0169,unknown function
Pharokka_W2_EC78_CDS_0170,unknown function
Pharokka_W2_EC78_CDS_0171,unknown function
Pharokka_W2_EC78_CDS_0172,unknown function
Pharokka_W2_EC78_CDS_0173,unknown function
Pharokka_W2_EC78_CDS_0174,unknown function
Pharokka_W2_EC78_CDS_0175,unknown function
Pharokka_W2_EC78_CDS_0176,unknown function
Pharokka_W2_EC78_CDS_0177,unknown function
Pharokka_W2_EC78_CDS_0178,unknown function
Pharokka_W2_EC78_CDS_0179,unknown function
Pharokka_W2_EC78_CDS_0180,unknown function
Pharokka_W2_EC78_CDS_0181,unknown function
Pharokka_W2_EC78_CDS_0182,unknown function
Pharokka_W2_EC78_CDS_0183,unknown function
Pharokka_W2_EC78_CDS_0184,unknown function
Pharokka_W2_EC78_CDS_0185,unknown function
Pharokka_W2_EC78_CDS_0186,unknown function
Pharokka_W2_EC78_CDS_0187,unknown function
Pharokka_W2_EC78_CDS_0188,unknown function
Pharokka_W2_EC78_CDS_0189,unknown function
Pharokka_W2_EC78_CDS_0190,unknown function
Pharokka_W2_EC78_CDS_0191,unknown function
Pharokka_W2_EC78_CDS_0192,unknown function
Pharokka_W2_EC78_CDS_0193,unknown function
Pharokka_W2_EC78_CDS_0194,unknown function
Pharokka_W2_EC78_CDS_0195,unknown function
Pharokka_W2_EC78_CDS_0196,unknown function
Pharokka_W2_EC78_CDS_0197,unknown function
Pharokka_W2_EC78_CDS_0198,unknown function
Pharokka_W2_EC78_CDS_0199,unknown function
Pharokka_W2_EC78_CDS_0200,"DNA, RNA and nucleotide metabolism"
Pharokka_W2_EC78_CDS_0201,unknown function
Pharokka_W2_EC78_CDS_0202,unknown function
Pharokka_W2_EC78_CDS_0203,unknown function
Pharokka_W2_EC78_CDS_0204,unknown function
Pharokka_W2_EC78_CDS_0205,unknown function
Pharokka_W2_EC78_CDS_0206,unknown function
Pharokka_W2_EC78_CDS_0207,unknown function
Pharokka_W2_EC78_CDS_0208,unknown function
Pharokka_W2_EC78_CDS_0209,unknown function
Pharokka_W2_EC78_CDS_0210,unknown function
Pharokka_W2_EC78_CDS_0211,unknown function
Pharokka_W2_EC78_CDS_0212,unknown function
Pharokka_W2_EC78_CDS_0213,"DNA, RNA and nucleotide metabolism"
Pharokka_W2_EC78_CDS_0214,unknown function
Pharokka_W2_EC78_CDS_0215,unknown function
Pharokka_W2_EC78_CDS_0216,unknown function
Pharokka_W2_EC78_CDS_0217,unknown function
Pharokka_W2_EC78_CDS_0218,unknown function
Pharokka_W2_EC78_CDS_0219,unknown function
Pharokka_W2_EC78_CDS_0220,unknown function
Pharokka_W2_EC78_CDS_0221,unknown function
Pharokka_W2_EC78_CDS_0222,unknown function
Pharokka_W2_EC78_CDS_0223,"DNA, RNA and nucleotide metabolism"
Pharokka_W2_EC78_CDS_0224,unknown function
Pharokka_W2_EC78_CDS_0225,unknown function
Pharokka_W2_EC78_CDS_0226,other
Pharokka_W2_EC78_CDS_0227,unknown function
Pharokka_W2_EC78_CDS_0228,unknown function
Pharokka_W2_EC78_CDS_0229,unknown function
Pharokka_W2_EC78_CDS_0230,unknown function
Pharokka_W2_EC78_CDS_0231,unknown function
Pharokka_W2_EC78_CDS_0232,unknown function
Pharokka_W2_EC78_CDS_0233,unknown function
Pharokka_W2_EC78_CDS_0234,unknown function
Pharokka_W2_EC78_CDS_0235,"DNA, RNA and nucleotide metabolism"
Pharokka_W2_EC78_CDS_0236,unknown function
Pharokka_W2_EC78_CDS_0237,other
Pharokka_W2_EC78_CDS_0238,unknown function
Pharokka_W2_EC78_CDS_0239,"DNA, RNA and nucleotide metabolism"
Pharokka_W2_EC78_CDS_0240,unknown function
Pharokka_W2_EC78_CDS_0241,unknown function
Pharokka_W2_EC78_CDS_0242,unknown function
Pharokka_W2_EC78_CDS_0243,other
Pharokka_W2_EC78_CDS_0244,unknown function
Pharokka_W2_EC78_CDS_0245,other
Pharokka_W2_EC78_CDS_0246,unknown function
Pharokka_W2_EC78_CDS_0247,other
Pharokka_W2_EC78_CDS_0248,lysis
Pharokka_W2_EC78_CDS_0249,unknown function
Pharokka_W2_EC78_CDS_0250,"DNA, RNA and nucleotide metabolism"
Pharokka_W2_EC78_CDS_0251,"DNA, RNA and nucleotide metabolism"
Pharokka_W2_EC78_CDS_0252,"moron, auxiliary metabolic gene and host takeover"
Pharokka_W2_EC78_CDS_0253,"moron, auxiliary metabolic gene and host takeover"
Pharokka_W2_EC78_CDS_0254,"DNA, RNA and nucleotide metabolism"
Pharokka_W2_EC78_CDS_0255,unknown function
Pharokka_W2_EC78_CDS_0256,unknown function
Pharokka_W2_EC78_CDS_0257,unknown function
Pharokka_W2_EC78_CDS_0258,unknown function
Pharokka_W2_EC78_CDS_0259,"DNA, RNA and nucleotide metabolism"
Pharokka_W2_EC78_CDS_0260,unknown function
Pharokka_W2_EC78_CDS_0261,"DNA, RNA and nucleotide metabolism"
Pharokka_W2_EC78_CDS_0262,unknown function
Pharokka_W2_EC78_CDS_0263,unknown function
Pharokka_W2_EC78_CDS_0264,"DNA, RNA and nucleotide metabolism"
Pharokka_W2_EC78_CDS_0265,unknown function
Pharokka_W2_EC78_CDS_0266,"DNA, RNA and nucleotide metabolism"
Pharokka_W2_EC78_CDS_0267,unknown function
Pharokka_W2_EC78_CDS_0268,other
Pharokka_W2_EC78_CDS_0269,unknown function
Pharokka_W2_EC78_CDS_0270,"DNA, RNA and nucleotide metabolism"
Pharokka_W2_EC78_CDS_0271,"DNA, RNA and nucleotide metabolism"
Pharokka_W2_EC78_CDS_0272,unknown function
Pharokka_W2_EC78_CDS_0273,unknown function
Pharokka_W2_EC78_CDS_0274,unknown function
Pharokka_W2_EC78_CDS_0275,"DNA, RNA and nucleotide metabolism"
Pharokka_W2_EC78_CDS_0276,other
Pharokka_W2_EC78_CDS_0277,unknown function
Pharokka_W2_EC78_CDS_0278,unknown function
Pharokka_W2_EC78_CDS_0279,"DNA, RNA and nucleotide metabolism"
Pharokka_W2_EC78_CDS_0280,unknown function
Pharokka_W2_EC78_CDS_0281,unknown function
Pharokka_W2_EC78_CDS_0282,other
Pharokka_W2_EC78_CDS_0283,other
Pharokka_W2_EC78_CDS_0284,tail
Pharokka_W2_EC78_CDS_0285,other
Pharokka_W2_EC78_CDS_0286,unknown function
Pharokka_W2_EC78_CDS_0287,unknown function
Pharokka_W2_EC78_CDS_0288,other
Pharokka_W2_EC78_CDS_0289,unknown function
Pharokka_W2_EC78_CDS_0290,unknown function
Pharokka_W2_EC78_CDS_0291,unknown function
Pharokka_W2_EC78_CDS_0292,unknown function
Pharokka_W2_EC78_CDS_0293,unknown function
Pharokka_W2_EC78_CDS_0294,unknown function
Pharokka_W2_EC78_CDS_0295,unknown function
Pharokka_W2_EC78_CDS_0296,unknown function
Pharokka_W2_EC78_CDS_0297,unknown function
Pharokka_W2_EC78_CDS_0298,unknown function
Pharokka_W2_EC78_CDS_0299,unknown function
Pharokka_W2_EC78_CDS_0300,unknown function
Pharokka_W2_EC78_CDS_0301,unknown function
Pharokka_W2_EC78_CDS_0302,unknown function
Pharokka_W2_EC78_CDS_0303,other
Pharokka_W2_EC78_CDS_0304,unknown function
Pharokka_W2_EC78_CDS_0305,unknown function
Pharokka_W2_EC78_CDS_0306,"DNA, RNA and nucleotide metabolism"
Pharokka_W2_EC78_CDS_0307,unknown function
Pharokka_W2_EC78_CDS_0308,unknown function
Pharokka_W2_EC78_CDS_0309,unknown function
Pharokka_W2_EC78_CDS_0310,unknown function
Pharokka_W2_EC78_CDS_0311,"moron, auxiliary metabolic gene and host takeover"
Pharokka_W2_EC78_CDS_0312,lysis
Pharokka_SW3BEC178_CDS_0001,head and packaging
Pharokka_SW3BEC178_CDS_0002,head and packaging
Pharokka_SW3BEC178_CDS_0003,other
Pharokka_SW3BEC178_CDS_0004,head and packaging
Pharokka_SW3BEC178_CDS_0005,head and packaging
Pharokka_SW3BEC178_CDS_0006,head and packaging
Pharokka_SW3BEC178_CDS_0007,unknown function
Pharokka_SW3BEC178_CDS_0008,unknown function
Pharokka_SW3BEC178_CDS_0009,connector
Pharokka_SW3BEC178_CDS_0010,head and packaging
Pharokka_SW3BEC178_CDS_0011,connector
Pharokka_SW3BEC178_CDS_0012,tail
Pharokka_SW3BEC178_CDS_0013,head and packaging
Pharokka_SW3BEC178_CDS_0014,tail
Pharokka_SW3BEC178_CDS_0015,unknown function
Pharokka_SW3BEC178_CDS_0016,tail
Pharokka_SW3BEC178_CDS_0017,unknown function
Pharokka_SW3BEC178_CDS_0018,tail
Pharokka_SW3BEC178_CDS_0019,head and packaging
Pharokka_SW3BEC178_CDS_0020,tail
Pharokka_SW3BEC178_CDS_0021,tail
Pharokka_SW3BEC178_CDS_0022,tail
Pharokka_SW3BEC178_CDS_0023,tail
Pharokka_SW3BEC178_CDS_0024,tail
Pharokka_SW3BEC178_CDS_0025,tail
Pharokka_SW3BEC178_CDS_0026,tail
Pharokka_SW3BEC178_CDS_0027,"moron, auxiliary metabolic gene and host takeover"
Pharokka_SW3BEC178_CDS_0028,tail
Pharokka_SW3BEC178_CDS_0029,tail
Pharokka_SW3BEC178_CDS_0030,tail
Pharokka_SW3BEC178_CDS_0031,tail
Pharokka_SW3BEC178_CDS_0032,other
Pharokka_SW3BEC178_CDS_0033,"moron, auxiliary metabolic gene and host takeover"
Pharokka_SW3BEC178_CDS_0034,tail
Pharokka_SW3BEC178_CDS_0035,tail
Pharokka_SW3BEC178_CDS_0036,"DNA, RNA and nucleotide metabolism"
Pharokka_SW3BEC178_CDS_0037,unknown function
Pharokka_SW3BEC178_CDS_0038,"DNA, RNA and nucleotide metabolism"
Pharokka_SW3BEC178_CDS_0039,unknown function
Pharokka_SW3BEC178_CDS_0040,unknown function
Pharokka_SW3BEC178_CDS_0041,unknown function
Pharokka_SW3BEC178_CDS_0042,"DNA, RNA and nucleotide metabolism"
Pharokka_SW3BEC178_CDS_0043,"moron, auxiliary metabolic gene and host takeover"
Pharokka_SW3BEC178_CDS_0044,unknown function
Pharokka_SW3BEC178_CDS_0045,"DNA, RNA and nucleotide metabolism"
Pharokka_SW3BEC178_CDS_0046,unknown function
Pharokka_SW3BEC178_CDS_0047,"moron, auxiliary metabolic gene and host takeover"
Pharokka_SW3BEC178_CDS_0048,"moron, auxiliary metabolic gene and host takeover"
Pharokka_SW3BEC178_CDS_0049,"moron, auxiliary metabolic gene and host takeover"
Pharokka_SW3BEC178_CDS_0050,"moron, auxiliary metabolic gene and host takeover"
Pharokka_SW3BEC178_CDS_0051,unknown function
Pharokka_SW3BEC178_CDS_0052,unknown function
Pharokka_SW3BEC178_CDS_0053,unknown function
Pharokka_SW3BEC178_CDS_0054,lysis
Pharokka_SW3BEC178_CDS_0055,"DNA, RNA and nucleotide metabolism"
Pharokka_SW3BEC178_CDS_0056,unknown function
Pharokka_SW3BEC178_CDS_0057,unknown function
Pharokka_SW3BEC178_CDS_0058,"DNA, RNA and nucleotide metabolism"
Pharokka_SW3BEC178_CDS_0059,unknown function
Pharokka_SW3BEC178_CDS_0060,unknown function
Pharokka_SW3BEC178_CDS_0061,unknown function
Pharokka_SW3BEC178_CDS_0062,unknown function
Pharokka_SW3BEC178_CDS_0063,unknown function
Pharokka_SW3BEC178_CDS_0064,"moron, auxiliary metabolic gene and host takeover"
Pharokka_SW3BEC178_CDS_0065,"DNA, RNA and nucleotide metabolism"
Pharokka_SW3BEC178_CDS_0066,unknown function
Pharokka_SW3BEC178_CDS_0067,unknown function
Pharokka_SW3BEC178_CDS_0068,unknown function
Pharokka_SW3BEC178_CDS_0069,"moron, auxiliary metabolic gene and host takeover"
Pharokka_SW3BEC178_CDS_0070,unknown function
Pharokka_SW3BEC178_CDS_0071,other
Pharokka_SW3BEC178_CDS_0072,"moron, auxiliary metabolic gene and host takeover"
Pharokka_SW3BEC178_CDS_0073,other
Pharokka_SW3BEC178_CDS_0074,other
Pharokka_SW3BEC178_CDS_0075,unknown function
Pharokka_SW3BEC178_CDS_0076,"DNA, RNA and nucleotide metabolism"
Pharokka_SW3BEC178_CDS_0077,"moron, auxiliary metabolic gene and host takeover"
Pharokka_SW3BEC178_CDS_0078,"DNA, RNA and nucleotide metabolism"
Pharokka_SW3BEC178_CDS_0079,"DNA, RNA and nucleotide metabolism"
Pharokka_SW3BEC178_CDS_0080,unknown function
Pharokka_SW3BEC178_CDS_0081,"DNA, RNA and nucleotide metabolism"
Pharokka_SW3BEC178_CDS_0082,unknown function
Pharokka_SW3BEC178_CDS_0083,unknown function
Pharokka_SW3BEC178_CDS_0084,"DNA, RNA and nucleotide metabolism"
Pharokka_SW3BEC178_CDS_0085,unknown function
Pharokka_SW3BEC178_CDS_0086,unknown function
Pharokka_SW3BEC178_CDS_0087,unknown function
Pharokka_SW3BEC178_CDS_0088,unknown function
Pharokka_SW3BEC178_CDS_0089,unknown function
Pharokka_SW3BEC178_CDS_0090,unknown function
Pharokka_SW3BEC178_CDS_0091,unknown function
Pharokka_SW3BEC178_CDS_0092,unknown function
Pharokka_SW3BEC178_CDS_0093,unknown function
Pharokka_SW3BEC178_CDS_0094,unknown function
Pharokka_SW3BEC178_CDS_0095,unknown function
Pharokka_SW3BEC178_CDS_0096,unknown function
Pharokka_SW3BEC178_CDS_0097,unknown function
Pharokka_SW3BEC178_CDS_0098,unknown function
Pharokka_SW3BEC178_CDS_0099,unknown function
Pharokka_SW3BEC178_CDS_0100,unknown function
Pharokka_SW3BEC178_CDS_0101,unknown function
Pharokka_SW3BEC178_CDS_0102,unknown function
Pharokka_SW3BEC178_CDS_0103,unknown function
Pharokka_SW3BEC178_CDS_0104,unknown function
Pharokka_SW3BEC178_CDS_0105,unknown function
Pharokka_SW3BEC178_CDS_0106,unknown function
Pharokka_SW3BEC178_CDS_0107,unknown function
Pharokka_SW3BEC178_CDS_0108,unknown function
Pharokka_SW3BEC178_CDS_0109,other
Pharokka_SW3BEC178_CDS_0110,"DNA, RNA and nucleotide metabolism"
Pharokka_SW3BEC178_CDS_0111,unknown function
Pharokka_SW3BEC178_CDS_0112,unknown function
Pharokka_SW3BEC178_CDS_0113,other
Pharokka_SW3BEC178_CDS_0114,unknown function
Pharokka_SW3BEC178_CDS_0115,unknown function
Pharokka_SW3BEC178_CDS_0116,unknown function
Pharokka_SW3BEC178_CDS_0117,unknown function
Pharokka_SW3BEC178_CDS_0118,unknown function
Pharokka_SW3BEC178_CDS_0119,unknown function
Pharokka_SW3BEC178_CDS_0120,unknown function
Pharokka_SW3BEC178_CDS_0121,unknown function
Pharokka_SW3BEC178_CDS_0122,unknown function
Pharokka_SW3BEC178_CDS_0123,unknown function
Pharokka_SW3BEC178_CDS_0124,unknown function
Pharokka_SW3BEC178_CDS_0125,unknown function
Pharokka_SW3BEC178_CDS_0126,unknown function
Pharokka_SW3BEC178_CDS_0127,unknown function
Pharokka_SW3BEC178_CDS_0128,unknown function
Pharokka_SW3BEC178_CDS_0129,unknown function
Pharokka_SW3BEC178_CDS_0130,unknown function
Pharokka_SW3BEC178_CDS_0131,unknown function
Pharokka_SW3BEC178_CDS_0132,unknown function
Pharokka_SW3BEC178_CDS_0133,unknown function
Pharokka_SW3BEC178_CDS_0134,unknown function
Pharokka_SW3BEC178_CDS_0135,unknown function
Pharokka_SW3BEC178_CDS_0136,unknown function
Pharokka_SW3BEC178_CDS_0137,"moron, auxiliary metabolic gene and host takeover"
Pharokka_SW3BEC178_CDS_0138,unknown function
Pharokka_SW3BEC178_CDS_0139,unknown function
Pharokka_SW3BEC178_CDS_0140,unknown function
Pharokka_SW3BEC178_CDS_0141,unknown function
Pharokka_SW3BEC178_CDS_0142,unknown function
Pharokka_SW3BEC178_CDS_0143,unknown function
Pharokka_SW3BEC178_CDS_0144,unknown function
Pharokka_SW3BEC178_CDS_0145,unknown function
Pharokka_SW3BEC178_CDS_0146,unknown function
Pharokka_SW3BEC178_CDS_0147,unknown function
Pharokka_SW3BEC178_CDS_0148,other
Pharokka_SW3BEC178_CDS_0149,unknown function
Pharokka_SW3BEC178_CDS_0150,unknown function
Pharokka_SW3BEC178_CDS_0151,unknown function
Pharokka_SW3BEC178_CDS_0152,unknown function
Pharokka_SW3BEC178_CDS_0153,unknown function
Pharokka_SW3BEC178_CDS_0154,unknown function
Pharokka_SW3BEC178_CDS_0155,unknown function
Pharokka_SW3BEC178_CDS_0156,unknown function
Pharokka_SW3BEC178_CDS_0157,unknown function
Pharokka_SW3BEC178_CDS_0158,unknown function
Pharokka_SW3BEC178_CDS_0159,unknown function
Pharokka_SW3BEC178_CDS_0160,unknown function
Pharokka_SW3BEC178_CDS_0161,unknown function
Pharokka_SW3BEC178_CDS_0162,unknown function
Pharokka_SW3BEC178_CDS_0163,unknown function
Pharokka_SW3BEC178_CDS_0164,unknown function
Pharokka_SW3BEC178_CDS_0165,unknown function
Pharokka_SW3BEC178_CDS_0166,unknown function
Pharokka_SW3BEC178_CDS_0167,unknown function
Pharokka_SW3BEC178_CDS_0168,unknown function
Pharokka_SW3BEC178_CDS_0169,unknown function
Pharokka_SW3BEC178_CDS_0170,unknown function
Pharokka_SW3BEC178_CDS_0171,unknown function
Pharokka_SW3BEC178_CDS_0172,unknown function
Pharokka_SW3BEC178_CDS_0173,unknown function
Pharokka_SW3BEC178_CDS_0174,unknown function
Pharokka_SW3BEC178_CDS_0175,unknown function
Pharokka_SW3BEC178_CDS_0176,unknown function
Pharokka_SW3BEC178_CDS_0177,unknown function
Pharokka_SW3BEC178_CDS_0178,unknown function
Pharokka_SW3BEC178_CDS_0179,unknown function
Pharokka_SW3BEC178_CDS_0180,unknown function
Pharokka_SW3BEC178_CDS_0181,unknown function
Pharokka_SW3BEC178_CDS_0182,unknown function
Pharokka_SW3BEC178_CDS_0183,unknown function
Pharokka_SW3BEC178_CDS_0184,unknown function
Pharokka_SW3BEC178_CDS_0185,unknown function
Pharokka_SW3BEC178_CDS_0186,unknown function
Pharokka_SW3BEC178_CDS_0187,unknown function
Pharokka_SW3BEC178_CDS_0188,unknown function
Pharokka_SW3BEC178_CDS_0189,unknown function
Pharokka_SW3BEC178_CDS_0190,unknown function
Pharokka_SW3BEC178_CDS_0191,unknown function
Pharokka_SW3BEC178_CDS_0192,unknown function
Pharokka_SW3BEC178_CDS_0193,unknown function
Pharokka_SW3BEC178_CDS_0194,unknown function
Pharokka_SW3BEC178_CDS_0195,"DNA, RNA and nucleotide metabolism"
Pharokka_SW3BEC178_CDS_0196,unknown function
Pharokka_SW3BEC178_CDS_0197,unknown function
Pharokka_SW3BEC178_CDS_0198,unknown function
Pharokka_SW3BEC178_CDS_0199,unknown function
Pharokka_SW3BEC178_CDS_0200,unknown function
Pharokka_SW3BEC178_CDS_0201,unknown function
Pharokka_SW3BEC178_CDS_0202,unknown function
Pharokka_SW3BEC178_CDS_0203,unknown function
Pharokka_SW3BEC178_CDS_0204,unknown function
Pharokka_SW3BEC178_CDS_0205,unknown function
Pharokka_SW3BEC178_CDS_0206,unknown function
Pharokka_SW3BEC178_CDS_0207,unknown function
Pharokka_SW3BEC178_CDS_0208,"DNA, RNA and nucleotide metabolism"
Pharokka_SW3BEC178_CDS_0209,unknown function
Pharokka_SW3BEC178_CDS_0210,unknown function
Pharokka_SW3BEC178_CDS_0211,unknown function
Pharokka_SW3BEC178_CDS_0212,unknown function
Pharokka_SW3BEC178_CDS_0213,unknown function
Pharokka_SW3BEC178_CDS_0214,unknown function
Pharokka_SW3BEC178_CDS_0215,unknown function
Pharokka_SW3BEC178_CDS_0216,unknown function
Pharokka_SW3BEC178_CDS_0217,unknown function
Pharokka_SW3BEC178_CDS_0218,"DNA, RNA and nucleotide metabolism"
Pharokka_SW3BEC178_CDS_0219,unknown function
Pharokka_SW3BEC178_CDS_0220,unknown function
Pharokka_SW3BEC178_CDS_0221,other
Pharokka_SW3BEC178_CDS_0222,unknown function
Pharokka_SW3BEC178_CDS_0223,unknown function
Pharokka_SW3BEC178_CDS_0224,unknown function
Pharokka_SW3BEC178_CDS_0225,unknown function
Pharokka_SW3BEC178_CDS_0226,unknown function
Pharokka_SW3BEC178_CDS_0227,unknown function
Pharokka_SW3BEC178_CDS_0228,unknown function
Pharokka_SW3BEC178_CDS_0229,unknown function
Pharokka_SW3BEC178_CDS_0230,"DNA, RNA and nucleotide metabolism"
Pharokka_SW3BEC178_CDS_0231,unknown function
Pharokka_SW3BEC178_CDS_0232,other
Pharokka_SW3BEC178_CDS_0233,unknown function
Pharokka_SW3BEC178_CDS_0234,"DNA, RNA and nucleotide metabolism"
Pharokka_SW3BEC178_CDS_0235,unknown function
Pharokka_SW3BEC178_CDS_0236,unknown function
Pharokka_SW3BEC178_CDS_0237,unknown function
Pharokka_SW3BEC178_CDS_0238,other
Pharokka_SW3BEC178_CDS_0239,unknown function
Pharokka_SW3BEC178_CDS_0240,other
Pharokka_SW3BEC178_CDS_0241,unknown function
Pharokka_SW3BEC178_CDS_0242,other
Pharokka_SW3BEC178_CDS_0243,lysis
Pharokka_SW3BEC178_CDS_0244,unknown function
Pharokka_SW3BEC178_CDS_0245,"DNA, RNA and nucleotide metabolism"
Pharokka_SW3BEC178_CDS_0246,"DNA, RNA and nucleotide metabolism"
Pharokka_SW3BEC178_CDS_0247,"moron, auxiliary metabolic gene and host takeover"
Pharokka_SW3BEC178_CDS_0248,"moron, auxiliary metabolic gene and host takeover"
Pharokka_SW3BEC178_CDS_0249,"DNA, RNA and nucleotide metabolism"
Pharokka_SW3BEC178_CDS_0250,unknown function
Pharokka_SW3BEC178_CDS_0251,unknown function
Pharokka_SW3BEC178_CDS_0252,unknown function
Pharokka_SW3BEC178_CDS_0253,unknown function
Pharokka_SW3BEC178_CDS_0254,"DNA, RNA and nucleotide metabolism"
Pharokka_SW3BEC178_CDS_0255,unknown function
Pharokka_SW3BEC178_CDS_0256,"DNA, RNA and nucleotide metabolism"
Pharokka_SW3BEC178_CDS_0257,unknown function
Pharokka_SW3BEC178_CDS_0258,unknown function
Pharokka_SW3BEC178_CDS_0259,"DNA, RNA and nucleotide metabolism"
Pharokka_SW3BEC178_CDS_0260,unknown function
Pharokka_SW3BEC178_CDS_0261,"DNA, RNA and nucleotide metabolism"
Pharokka_SW3BEC178_CDS_0262,unknown function
Pharokka_SW3BEC178_CDS_0263,other
Pharokka_SW3BEC178_CDS_0264,unknown function
Pharokka_SW3BEC178_CDS_0265,"DNA, RNA and nucleotide metabolism"
Pharokka_SW3BEC178_CDS_0266,"DNA, RNA and nucleotide metabolism"
Pharokka_SW3BEC178_CDS_0267,unknown function
Pharokka_SW3BEC178_CDS_0268,unknown function
Pharokka_SW3BEC178_CDS_0269,unknown function
Pharokka_SW3BEC178_CDS_0270,"DNA, RNA and nucleotide metabolism"
Pharokka_SW3BEC178_CDS_0271,other
Pharokka_SW3BEC178_CDS_0272,unknown function
Pharokka_SW3BEC178_CDS_0273,"DNA, RNA and nucleotide metabolism"
Pharokka_SW3BEC178_CDS_0274,unknown function
Pharokka_SW3BEC178_CDS_0275,unknown function
Pharokka_SW3BEC178_CDS_0276,other
Pharokka_SW3BEC178_CDS_0277,other
Pharokka_SW3BEC178_CDS_0278,tail
Pharokka_SW3BEC178_CDS_0279,other
Pharokka_SW3BEC178_CDS_0280,unknown function
Pharokka_SW3BEC178_CDS_0281,unknown function
Pharokka_SW3BEC178_CDS_0282,other
Pharokka_SW3BEC178_CDS_0283,unknown function
Pharokka_SW3BEC178_CDS_0284,unknown function
Pharokka_SW3BEC178_CDS_0285,unknown function
Pharokka_SW3BEC178_CDS_0286,unknown function
Pharokka_SW3BEC178_CDS_0287,unknown function
Pharokka_SW3BEC178_CDS_0288,unknown function
Pharokka_SW3BEC178_CDS_0289,unknown function
Pharokka_SW3BEC178_CDS_0290,unknown function
Pharokka_SW3BEC178_CDS_0291,unknown function
Pharokka_SW3BEC178_CDS_0292,unknown function
Pharokka_SW3BEC178_CDS_0293,unknown function
Pharokka_SW3BEC178_CDS_0294,unknown function
Pharokka_SW3BEC178_CDS_0295,unknown function
Pharokka_SW3BEC178_CDS_0296,unknown function
Pharokka_SW3BEC178_CDS_0297,unknown function
Pharokka_SW3BEC178_CDS_0298,unknown function
Pharokka_SW3BEC178_CDS_0299,unknown function
Pharokka_SW3BEC178_CDS_0300,"DNA, RNA and nucleotide metabolism"
Pharokka_SW3BEC178_CDS_0301,unknown function
Pharokka_SW3BEC178_CDS_0302,head and packaging
Pharokka_SW3BEC178_CDS_0303,unknown function
Pharokka_SW3BEC178_CDS_0304,unknown function
Pharokka_SW3BEC178_CDS_0305,"moron, auxiliary metabolic gene and host takeover"
Pharokka_SW3BEC178_CDS_0306,lysis
Pharokka_SS3-ECM1_1_CDS_0001,head and packaging
Pharokka_SS3-ECM1_1_CDS_0002,head and packaging
Pharokka_SS3-ECM1_1_CDS_0003,unknown function
Pharokka_SS3-ECM1_1_CDS_0004,"DNA, RNA and nucleotide metabolism"
Pharokka_SS3-ECM1_1_CDS_0005,other
Pharokka_SS3-ECM1_1_CDS_0006,"DNA, RNA and nucleotide metabolism"
Pharokka_SS3-ECM1_1_CDS_0007,"DNA, RNA and nucleotide metabolism"
Pharokka_SS3-ECM1_1_CDS_0008,"DNA, RNA and nucleotide metabolism"
Pharokka_SS3-ECM1_1_CDS_0009,unknown function
Pharokka_SS3-ECM1_1_CDS_0010,unknown function
Pharokka_SS3-ECM1_1_CDS_0011,unknown function
Pharokka_SS3-ECM1_1_CDS_0012,unknown function
Pharokka_SS3-ECM1_1_CDS_0013,head and packaging
Pharokka_SS3-ECM1_1_CDS_0014,"DNA, RNA and nucleotide metabolism"
Pharokka_SS3-ECM1_1_CDS_0015,unknown function
Pharokka_SS3-ECM1_1_CDS_0016,head and packaging
Pharokka_SS3-ECM1_1_CDS_0017,"DNA, RNA and nucleotide metabolism"
Pharokka_SS3-ECM1_1_CDS_0018,"DNA, RNA and nucleotide metabolism"
Pharokka_SS3-ECM1_1_CDS_0019,head and packaging
Pharokka_SS3-ECM1_1_CDS_0020,unknown function
Pharokka_SS3-ECM1_1_CDS_0021,head and packaging
Pharokka_SS3-ECM1_1_CDS_0022,head and packaging
Pharokka_SS3-ECM1_1_CDS_0023,head and packaging
Pharokka_SS3-ECM1_1_CDS_0024,unknown function
Pharokka_SS3-ECM1_1_CDS_0025,head and packaging
Pharokka_SS3-ECM1_1_CDS_0026,head and packaging
Pharokka_SS3-ECM1_1_CDS_0027,"DNA, RNA and nucleotide metabolism"
Pharokka_SS3-ECM1_1_CDS_0028,unknown function
Pharokka_SS3-ECM1_1_CDS_0029,head and packaging
Pharokka_SS3-ECM1_1_CDS_0030,"DNA, RNA and nucleotide metabolism"
Pharokka_SS3-ECM1_1_CDS_0031,"DNA, RNA and nucleotide metabolism"
Pharokka_SS3-ECM1_1_CDS_0032,"moron, auxiliary metabolic gene and host takeover"
Pharokka_SS3-ECM1_1_CDS_0033,unknown function
Pharokka_SS3-ECM1_1_CDS_0034,head and packaging
Pharokka_SS3-ECM1_1_CDS_0035,other
Pharokka_SS3-ECM1_1_CDS_0036,head and packaging
Pharokka_SS3-ECM1_1_CDS_0037,head and packaging
Pharokka_SS3-ECM1_1_CDS_0038,"moron, auxiliary metabolic gene and host takeover"
Pharokka_SS3-ECM1_1_CDS_0039,head and packaging
Pharokka_SS3-ECM1_1_CDS_0040,unknown function
Pharokka_SS3-ECM1_1_CDS_0041,"DNA, RNA and nucleotide metabolism"
Pharokka_SS3-ECM1_1_CDS_0042,"DNA, RNA and nucleotide metabolism"
Pharokka_SS3-ECM1_1_CDS_0043,"DNA, RNA and nucleotide metabolism"
Pharokka_SS3-ECM1_1_CDS_0044,unknown function
Pharokka_SS3-ECM1_1_CDS_0045,unknown function
Pharokka_SS3-ECM1_1_CDS_0046,other
Pharokka_SS3-ECM1_1_CDS_0047,other
Pharokka_SS3-ECM1_1_CDS_0048,"DNA, RNA and nucleotide metabolism"
Pharokka_SS3-ECM1_1_CDS_0049,head and packaging
Pharokka_SS3-ECM1_1_CDS_0050,head and packaging
Pharokka_SS3-ECM1_1_CDS_0051,"DNA, RNA and nucleotide metabolism"
Pharokka_SS3-ECM1_1_CDS_0052,"DNA, RNA and nucleotide metabolism"
Pharokka_SS3-ECM1_1_CDS_0053,head and packaging
Pharokka_SS3-ECM1_1_CDS_0054,unknown function
Pharokka_SS3-ECM1_1_CDS_0055,"DNA, RNA and nucleotide metabolism"
Pharokka_SS3-ECM1_1_CDS_0056,unknown function
Pharokka_SS3-ECM1_1_CDS_0057,head and packaging
Pharokka_SS3-ECM1_1_CDS_0058,unknown function
Pharokka_SS3-ECM1_1_CDS_0059,"DNA, RNA and nucleotide metabolism"
Pharokka_SS3-ECM1_1_CDS_0060,unknown function
Pharokka_SS3-ECM1_1_CDS_0061,head and packaging
Pharokka_SS3-ECM1_1_CDS_0062,head and packaging
Pharokka_SS3-ECM1_1_CDS_0063,unknown function
Pharokka_SS3-ECM1_1_CDS_0064,"moron, auxiliary metabolic gene and host takeover"
Pharokka_SS3-ECM1_1_CDS_0065,"moron, auxiliary metabolic gene and host takeover"
Pharokka_SS3-ECM1_1_CDS_0066,"DNA, RNA and nucleotide metabolism"
Pharokka_SS3-ECM1_1_CDS_0067,unknown function
Pharokka_SS3-ECM1_1_CDS_0068,head and packaging
Pharokka_SS3-ECM1_1_CDS_0069,unknown function
Pharokka_SS3-ECM1_1_CDS_0070,unknown function
Pharokka_SS3-ECM1_1_CDS_0071,unknown function
Pharokka_SS3-ECM1_1_CDS_0072,head and packaging
Pharokka_SS3-ECM1_1_CDS_0073,unknown function
Pharokka_SS3-ECM1_1_CDS_0074,unknown function
Pharokka_SS3-ECM1_1_CDS_0075,unknown function
Pharokka_SS3-ECM1_1_CDS_0076,unknown function
Pharokka_SS3-ECM1_1_CDS_0077,head and packaging
Pharokka_SS3-ECM1_1_CDS_0078,unknown function
Pharokka_SS3-ECM1_1_CDS_0079,unknown function
Pharokka_SS3-ECM1_1_CDS_0080,unknown function
Pharokka_SS3-ECM1_1_CDS_0081,unknown function
Pharokka_SS3-ECM1_1_CDS_0082,unknown function
Pharokka_SS3-ECM1_1_CDS_0083,unknown function
Pharokka_SS3-ECM1_1_CDS_0084,unknown function
Pharokka_SS3-ECM1_1_CDS_0085,unknown function
Pharokka_SS3-ECM1_1_CDS_0086,unknown function
Pharokka_SS3-ECM1_1_CDS_0087,unknown function
Pharokka_SS3-ECM1_1_CDS_0088,unknown function
Pharokka_SS3-ECM1_1_CDS_0089,unknown function
Pharokka_SS3-ECM1_1_CDS_0090,unknown function
Pharokka_SS3-ECM1_1_CDS_0091,other
Pharokka_SS3-ECM1_1_CDS_0092,unknown function
Pharokka_SS3-ECM1_1_CDS_0093,unknown function
Pharokka_SS3-ECM1_1_CDS_0094,unknown function
Pharokka_SS3-ECM1_1_CDS_0095,unknown function
Pharokka_SS3-ECM1_1_CDS_0096,unknown function
Pharokka_SS3-ECM1_1_CDS_0097,unknown function
Pharokka_SS3-ECM1_1_CDS_0098,unknown function
Pharokka_SS3-ECM1_1_CDS_0099,unknown function
Pharokka_SS3-ECM1_1_CDS_0100,unknown function
Pharokka_SS3-ECM1_1_CDS_0101,unknown function
Pharokka_SS3-ECM1_1_CDS_0102,"DNA, RNA and nucleotide metabolism"
Pharokka_SS3-ECM1_1_CDS_0103,unknown function
Pharokka_SS3-ECM1_1_CDS_0104,unknown function
Pharokka_SS3-ECM1_1_CDS_0105,unknown function
Pharokka_SS3-ECM1_1_CDS_0106,unknown function
Pharokka_SS3-ECM1_1_CDS_0107,"moron, auxiliary metabolic gene and host takeover"
Pharokka_SS3-ECM1_1_CDS_0108,unknown function
Pharokka_SS3-ECM1_1_CDS_0109,unknown function
Pharokka_SS3-ECM1_1_CDS_0110,unknown function
Pharokka_SS3-ECM1_1_CDS_0111,unknown function
Pharokka_SS3-ECM1_1_CDS_0112,unknown function
Pharokka_SS3-ECM1_1_CDS_0113,unknown function
Pharokka_SS3-ECM1_1_CDS_0114,unknown function
Pharokka_SS3-ECM1_1_CDS_0115,unknown function
Pharokka_SS3-ECM1_1_CDS_0116,unknown function
Pharokka_SS3-ECM1_1_CDS_0117,unknown function
Pharokka_SS3-ECM1_1_CDS_0118,unknown function
Pharokka_SS3-ECM1_1_CDS_0119,unknown function
Pharokka_SS3-ECM1_1_CDS_0120,unknown function
Pharokka_SS3-ECM1_1_CDS_0121,unknown function
Pharokka_SS3-ECM1_1_CDS_0122,unknown function
Pharokka_SS3-ECM1_1_CDS_0123,unknown function
Pharokka_SS3-ECM1_1_CDS_0124,unknown function
Pharokka_SS3-ECM1_1_CDS_0125,unknown function
Pharokka_SS3-ECM1_1_CDS_0126,unknown function
Pharokka_SS3-ECM1_1_CDS_0127,unknown function
Pharokka_SS3-ECM1_1_CDS_0128,unknown function
Pharokka_SS3-ECM1_1_CDS_0129,unknown function
Pharokka_SS3-ECM1_1_CDS_0130,unknown function
Pharokka_SS3-ECM1_1_CDS_0131,unknown function
Pharokka_SS3-ECM1_1_CDS_0132,unknown function
Pharokka_SS3-ECM1_1_CDS_0133,unknown function
Pharokka_SS3-ECM1_1_CDS_0134,unknown function
Pharokka_SS3-ECM1_1_CDS_0135,unknown function
Pharokka_SS3-ECM1_1_CDS_0136,unknown function
Pharokka_SS3-ECM1_1_CDS_0137,unknown function
Pharokka_SS3-ECM1_1_CDS_0138,unknown function
Pharokka_SS3-ECM1_1_CDS_0139,unknown function
Pharokka_SS3-ECM1_1_CDS_0140,head and packaging
Pharokka_SS3-ECM1_1_CDS_0141,head and packaging
Pharokka_SS3-ECM1_1_CDS_0142,"DNA, RNA and nucleotide metabolism"
Pharokka_SS3-ECM1_1_CDS_0143,unknown function
Pharokka_SS3-ECM1_1_CDS_0144,unknown function
Pharokka_SS3-ECM1_1_CDS_0145,unknown function
Pharokka_SS3-ECM1_1_CDS_0146,unknown function
Pharokka_SS3-ECM1_1_CDS_0147,"moron, auxiliary metabolic gene and host takeover"
Pharokka_SS3-ECM1_1_CDS_0148,unknown function
Pharokka_SS3-ECM1_1_CDS_0149,unknown function
Pharokka_SS3-ECM1_1_CDS_0150,unknown function
Pharokka_SS3-ECM1_1_CDS_0151,unknown function
Pharokka_SS3-ECM1_1_CDS_0152,other
Pharokka_SS3-ECM1_1_CDS_0153,transcription regulation
Pharokka_SS3-ECM1_1_CDS_0154,unknown function
Pharokka_SS3-ECM1_1_CDS_0155,unknown function
Pharokka_SS3-ECM1_1_CDS_0156,unknown function
Pharokka_SS3-ECM1_1_CDS_0157,unknown function
Pharokka_SS3-ECM1_1_CDS_0158,unknown function
Pharokka_SS3-ECM1_1_CDS_0159,unknown function
Pharokka_SS3-ECM1_1_CDS_0160,"DNA, RNA and nucleotide metabolism"
Pharokka_SS3-ECM1_1_CDS_0161,unknown function
Pharokka_SS3-ECM1_1_CDS_0162,unknown function
Pharokka_SS3-ECM1_1_CDS_0163,unknown function
Pharokka_SS3-ECM1_1_CDS_0164,unknown function
Pharokka_SS3-ECM1_1_CDS_0165,unknown function
Pharokka_SS3-ECM1_1_CDS_0166,unknown function
Pharokka_SS3-ECM1_1_CDS_0167,unknown function
Pharokka_SS3-ECM1_1_CDS_0168,unknown function
Pharokka_SS3-ECM1_1_CDS_0169,unknown function
Pharokka_SS3-ECM1_1_CDS_0170,unknown function
Pharokka_SS3-ECM1_1_CDS_0171,unknown function
Pharokka_SS3-ECM1_1_CDS_0172,unknown function
Pharokka_SS3-ECM1_1_CDS_0173,unknown function
Pharokka_SS3-ECM1_1_CDS_0174,unknown function
Pharokka_SS3-ECM1_1_CDS_0175,unknown function
Pharokka_SS3-ECM1_1_CDS_0176,unknown function
Pharokka_SS3-ECM1_1_CDS_0177,unknown function
Pharokka_SS3-ECM1_1_CDS_0178,unknown function
Pharokka_SS3-ECM1_1_CDS_0179,unknown function
Pharokka_SS3-ECM1_1_CDS_0180,unknown function
Pharokka_SS3-ECM1_1_CDS_0181,unknown function
Pharokka_SS3-ECM1_1_CDS_0182,unknown function
Pharokka_SS3-ECM1_1_CDS_0183,unknown function
Pharokka_SS3-ECM1_1_CDS_0184,unknown function
Pharokka_SS3-ECM1_1_CDS_0185,unknown function
Pharokka_SS3-ECM1_1_CDS_0186,unknown function
Pharokka_SS3-ECM1_1_CDS_0187,unknown function
Pharokka_SS3-ECM1_1_CDS_0188,unknown function
Pharokka_SS3-ECM1_1_CDS_0189,head and packaging
Pharokka_SS3-ECM1_1_CDS_0190,unknown function
Pharokka_SS3-ECM1_1_CDS_0191,head and packaging
Pharokka_SS3-ECM1_1_CDS_0192,unknown function
Pharokka_SS3-ECM1_1_CDS_0193,unknown function
Pharokka_SS3-ECM1_1_CDS_0194,unknown function
Pharokka_SS3-ECM1_1_CDS_0195,other
Pharokka_SS3-ECM1_1_CDS_0196,unknown function
Pharokka_SS3-ECM1_1_CDS_0197,unknown function
Pharokka_SS3-ECM1_1_CDS_0198,unknown function
Pharokka_SS3-ECM1_1_CDS_0199,unknown function
Pharokka_SS3-ECM1_1_CDS_0200,unknown function
Pharokka_SS3-ECM1_1_CDS_0201,unknown function
Pharokka_SS3-ECM1_1_CDS_0202,unknown function
Pharokka_SS3-ECM1_1_CDS_0203,unknown function
Pharokka_SS3-ECM1_1_CDS_0204,unknown function
Pharokka_SS3-ECM1_1_CDS_0205,other
Pharokka_SS3-ECM1_1_CDS_0206,unknown function
Pharokka_SS3-ECM1_1_CDS_0207,"DNA, RNA and nucleotide metabolism"
Pharokka_SS3-ECM1_1_CDS_0208,"moron, auxiliary metabolic gene and host takeover"
Pharokka_SS3-ECM1_1_CDS_0209,unknown function
Pharokka_SS3-ECM1_1_CDS_0210,unknown function
Pharokka_SS3-ECM1_1_CDS_0211,unknown function
Pharokka_SS3-ECM1_1_CDS_0212,"DNA, RNA and nucleotide metabolism"
Pharokka_SS3-ECM1_1_CDS_0213,unknown function
Pharokka_SS3-ECM1_1_CDS_0214,unknown function
Pharokka_SS3-ECM1_1_CDS_0215,unknown function
Pharokka_SS3-ECM1_1_CDS_0216,unknown function
Pharokka_SS3-ECM1_1_CDS_0217,unknown function
Pharokka_SS3-ECM1_1_CDS_0218,unknown function
Pharokka_SS3-ECM1_1_CDS_0219,unknown function
Pharokka_SS3-ECM1_1_CDS_0220,unknown function
Pharokka_SS3-ECM1_1_CDS_0221,unknown function
Pharokka_SS3-ECM1_1_CDS_0222,unknown function
Pharokka_SS3-ECM1_1_CDS_0223,"DNA, RNA and nucleotide metabolism"
Pharokka_SS3-ECM1_1_CDS_0224,"DNA, RNA and nucleotide metabolism"
Pharokka_SS3-ECM1_1_CDS_0225,"DNA, RNA and nucleotide metabolism"
Pharokka_SS3-ECM1_1_CDS_0226,"DNA, RNA and nucleotide metabolism"
Pharokka_SS3-ECM1_1_CDS_0227,"DNA, RNA and nucleotide metabolism"
Pharokka_SS3-ECM1_1_CDS_0228,"DNA, RNA and nucleotide metabolism"
Pharokka_SS3-ECM1_1_CDS_0229,"DNA, RNA and nucleotide metabolism"
Pharokka_SS3-ECM1_1_CDS_0230,"DNA, RNA and nucleotide metabolism"
Pharokka_SS3-ECM1_1_CDS_0231,tail
Pharokka_SS3-ECM1_1_CDS_0232,"DNA, RNA and nucleotide metabolism"
Pharokka_SS3-ECM1_1_CDS_0233,"DNA, RNA and nucleotide metabolism"
Pharokka_SS3-ECM1_1_CDS_0234,"DNA, RNA and nucleotide metabolism"
Pharokka_SS3-ECM1_1_CDS_0235,"DNA, RNA and nucleotide metabolism"
Pharokka_SS3-ECM1_1_CDS_0236,unknown function
Pharokka_SS3-ECM1_1_CDS_0237,unknown function
Pharokka_SS3-ECM1_1_CDS_0238,unknown function
Pharokka_SS3-ECM1_1_CDS_0239,unknown function
Pharokka_SS3-ECM1_1_CDS_0240,unknown function
Pharokka_SS3-ECM1_1_CDS_0241,unknown function
Pharokka_SS3-ECM1_1_CDS_0242,unknown function
Pharokka_SS3-ECM1_1_CDS_0243,unknown function
Pharokka_SS3-ECM1_1_CDS_0244,unknown function
Pharokka_SS3-ECM1_1_CDS_0245,unknown function
Pharokka_SS3-ECM1_1_CDS_0246,unknown function
Pharokka_SS3-ECM1_1_CDS_0247,unknown function
Pharokka_SS3-ECM1_1_CDS_0248,unknown function
Pharokka_SS3-ECM1_1_CDS_0249,unknown function
Pharokka_SS3-ECM1_1_CDS_0250,unknown function
Pharokka_SS3-ECM1_1_CDS_0251,unknown function
Pharokka_SS3-ECM1_1_CDS_0252,unknown function
Pharokka_SS3-ECM1_1_CDS_0253,unknown function
Pharokka_SS3-ECM1_1_CDS_0254,unknown function
Pharokka_SS3-ECM1_1_CDS_0255,unknown function
Pharokka_SS3-ECM1_1_CDS_0256,unknown function
Pharokka_SS3-ECM1_1_CDS_0257,unknown function
Pharokka_SS3-ECM1_1_CDS_0258,unknown function
Pharokka_SS3-ECM1_1_CDS_0259,unknown function
Pharokka_SS3-ECM1_1_CDS_0260,unknown function
Pharokka_SS3-ECM1_1_CDS_0261,unknown function
Pharokka_SS3-ECM1_1_CDS_0262,unknown function
Pharokka_SS3-ECM1_1_CDS_0263,unknown function
Pharokka_SS3-ECM1_1_CDS_0264,unknown function
Pharokka_SS3-ECM1_1_CDS_0265,unknown function
Pharokka_SS3-ECM1_1_CDS_0266,unknown function
Pharokka_SS3-ECM1_1_CDS_0267,unknown function
Pharokka_SS3-ECM1_1_CDS_0268,unknown function
Pharokka_SS3-ECM1_1_CDS_0269,unknown function
Pharokka_SS3-ECM1_1_CDS_0270,unknown function
Pharokka_SS3-ECM1_1_CDS_0271,unknown function
Pharokka_SS3-ECM1_1_CDS_0272,unknown function
Pharokka_SS3-ECM1_1_CDS_0273,unknown function
Pharokka_SS3-ECM1_1_CDS_0274,unknown function
Pharokka_SS3-ECM1_1_CDS_0275,unknown function
Pharokka_SS3-ECM1_1_CDS_0276,unknown function
Pharokka_SS3-ECM1_1_CDS_0277,unknown function
Pharokka_SS3-ECM1_1_CDS_0278,unknown function
Pharokka_SS3-ECM1_1_CDS_0279,unknown function
Pharokka_SS3-ECM1_1_CDS_0280,unknown function
Pharokka_SS3-ECM1_1_CDS_0281,unknown function
Pharokka_SS3-ECM1_1_CDS_0282,unknown function
Pharokka_SS3-ECM1_1_CDS_0283,unknown function
Pharokka_SS3-ECM1_1_CDS_0284,unknown function
Pharokka_SS3-ECM1_1_CDS_0285,unknown function
Pharokka_SS3-ECM1_1_CDS_0286,unknown function
Pharokka_SS3-ECM1_1_CDS_0287,unknown function
Pharokka_SS3-ECM1_1_CDS_0288,unknown function
Pharokka_SS3-ECM1_1_CDS_0289,unknown function
Pharokka_SS3-ECM1_1_CDS_0290,unknown function
Pharokka_SS3-ECM1_1_CDS_0291,unknown function
Pharokka_SS3-ECM1_1_CDS_0292,unknown function
Pharokka_SS3-ECM1_1_CDS_0293,unknown function
Pharokka_SS3-ECM1_1_CDS_0294,unknown function
Pharokka_SS3-ECM1_1_CDS_0295,unknown function
Pharokka_SS3-ECM1_1_CDS_0296,unknown function
Pharokka_SS3-ECM1_1_CDS_0297,unknown function
Pharokka_SS3-ECM1_1_CDS_0298,other
Pharokka_SS3-ECM1_1_CDS_0299,other
Pharokka_SS3-ECM1_1_CDS_0300,unknown function
Pharokka_SS3-ECM1_1_CDS_0301,unknown function
Pharokka_SS3-ECM1_1_CDS_0302,unknown function
Pharokka_SS3-ECM1_1_CDS_0303,unknown function
Pharokka_SS3-ECM1_1_CDS_0304,unknown function
Pharokka_SS3-ECM1_1_CDS_0305,unknown function
Pharokka_SS3-ECM1_1_CDS_0306,unknown function
Pharokka_SS3-ECM1_1_CDS_0307,unknown function
Pharokka_SS3-ECM1_1_CDS_0308,unknown function
Pharokka_SS3-ECM1_1_CDS_0309,unknown function
Pharokka_SS3-ECM1_1_CDS_0310,unknown function
Pharokka_SS3-ECM1_1_CDS_0311,transcription regulation
Pharokka_SS3-ECM1_1_CDS_0312,unknown function
Pharokka_SS3-ECM1_1_CDS_0313,unknown function
Pharokka_SS3-ECM1_1_CDS_0314,unknown function
Pharokka_SS3-ECM1_1_CDS_0315,other
Pharokka_SS3-ECM1_1_CDS_0316,unknown function
Pharokka_SS3-ECM1_1_CDS_0317,unknown function
Pharokka_SS3-ECM1_1_CDS_0318,unknown function
Pharokka_SS3-ECM1_1_CDS_0319,unknown function
Pharokka_SS3-ECM1_1_CDS_0320,unknown function
Pharokka_SS3-ECM1_1_CDS_0321,unknown function
Pharokka_SS3-ECM1_1_CDS_0322,unknown function
Pharokka_SS3-ECM1_1_CDS_0323,unknown function
Pharokka_SS3-ECM1_1_CDS_0324,unknown function
Pharokka_SS3-ECM1_1_CDS_0325,unknown function
Pharokka_SS3-ECM1_1_CDS_0326,unknown function
Pharokka_SS3-ECM1_1_CDS_0327,unknown function
Pharokka_SS3-ECM1_1_CDS_0328,unknown function
Pharokka_SS3-ECM1_1_CDS_0329,unknown function
Pharokka_SS3-ECM1_1_CDS_0330,unknown function
Pharokka_SS3-ECM1_1_CDS_0331,unknown function
Pharokka_SS3-ECM1_1_CDS_0332,unknown function
Pharokka_SS3-ECM1_1_CDS_0333,unknown function
Pharokka_SS3-ECM1_1_CDS_0334,unknown function
Pharokka_SS3-ECM1_1_CDS_0335,unknown function
Pharokka_SS3-ECM1_1_CDS_0336,unknown function
Pharokka_SS3-ECM1_1_CDS_0337,unknown function
Pharokka_SS3-ECM1_1_CDS_0338,unknown function
Pharokka_SS3-ECM1_1_CDS_0339,unknown function
Pharokka_SS3-ECM1_1_CDS_0340,unknown function
Pharokka_SS3-ECM1_1_CDS_0341,unknown function
Pharokka_SS3-ECM1_1_CDS_0342,unknown function
Pharokka_SS3-ECM1_1_CDS_0343,unknown function
Pharokka_SS3-ECM1_1_CDS_0344,unknown function
Pharokka_SS3-ECM1_1_CDS_0345,unknown function
Pharokka_SS3-ECM1_1_CDS_0346,unknown function
Pharokka_SS3-ECM1_1_CDS_0347,unknown function
Pharokka_SS3-ECM1_1_CDS_0348,unknown function
Pharokka_SS3-ECM1_1_CDS_0349,unknown function
Pharokka_SS3-ECM1_1_CDS_0350,unknown function
Pharokka_SS3-ECM1_1_CDS_0351,unknown function
Pharokka_SS3-ECM1_1_CDS_0352,unknown function
Pharokka_SS3-ECM1_1_CDS_0353,unknown function
Pharokka_SS3-ECM1_1_CDS_0354,unknown function
Pharokka_SS3-ECM1_1_CDS_0355,unknown function
Pharokka_SS3-ECM1_1_CDS_0356,unknown function
Pharokka_SS3-ECM1_1_CDS_0357,unknown function
Pharokka_SS3-ECM1_1_CDS_0358,unknown function
Pharokka_SS3-ECM1_1_CDS_0359,unknown function
Pharokka_SS3-ECM1_1_CDS_0360,unknown function
Pharokka_SS3-ECM1_1_CDS_0361,unknown function
Pharokka_SS3-ECM1_1_CDS_0362,unknown function
Pharokka_SS3-ECM1_1_CDS_0363,unknown function
Pharokka_SS3-ECM1_1_CDS_0364,unknown function
Pharokka_SS3-ECM1_1_CDS_0365,unknown function
Pharokka_SS3-ECM1_1_CDS_0366,unknown function
Pharokka_SS3-ECM1_1_CDS_0367,unknown function
Pharokka_SS3-ECM1_1_CDS_0368,unknown function
Pharokka_SS3-ECM1_1_CDS_0369,unknown function
Pharokka_SS3-ECM1_1_CDS_0370,unknown function
Pharokka_SS3-ECM1_1_CDS_0371,unknown function
Pharokka_SS3-ECM1_1_CDS_0372,unknown function
Pharokka_SS3-ECM1_1_CDS_0373,unknown function
Pharokka_SS3-ECM1_1_CDS_0374,unknown function
Pharokka_SS3-ECM1_1_CDS_0375,unknown function
Pharokka_SS3-ECM1_1_CDS_0376,unknown function
Pharokka_SS3-ECM1_1_CDS_0377,unknown function
Pharokka_SS3-ECM1_1_CDS_0378,unknown function
Pharokka_SS3-ECM1_1_CDS_0379,unknown function
Pharokka_SS3-ECM1_1_CDS_0380,unknown function
Pharokka_SS3-ECM1_1_CDS_0381,unknown function
Pharokka_SS3-ECM1_1_CDS_0382,unknown function
Pharokka_SS3-ECM1_1_CDS_0383,unknown function
Pharokka_SS3-ECM1_1_CDS_0384,unknown function
Pharokka_SS3-ECM1_1_CDS_0385,unknown function
Pharokka_SS3-ECM1_1_CDS_0386,unknown function
Pharokka_SS3-ECM1_1_CDS_0387,unknown function
Pharokka_SS3-ECM1_1_CDS_0388,unknown function
Pharokka_SS3-ECM1_1_CDS_0389,unknown function
Pharokka_SS3-ECM1_1_CDS_0390,unknown function
Pharokka_SS3-ECM1_1_CDS_0391,unknown function
Pharokka_SS3-ECM1_1_CDS_0392,unknown function
Pharokka_SS3-ECM1_1_CDS_0393,unknown function
Pharokka_SS3-ECM1_1_CDS_0394,unknown function
Pharokka_SS3-ECM1_1_CDS_0395,unknown function
Pharokka_SS3-ECM1_1_CDS_0396,unknown function
Pharokka_SS3-ECM1_1_CDS_0397,unknown function
Pharokka_SS3-ECM1_1_CDS_0398,unknown function
Pharokka_SS3-ECM1_1_CDS_0399,unknown function
Pharokka_SS3-ECM1_1_CDS_0400,unknown function
Pharokka_SS3-ECM1_1_CDS_0401,unknown function
Pharokka_SS3-ECM1_1_CDS_0402,unknown function
Pharokka_SS3-ECM1_1_CDS_0403,unknown function
Pharokka_SS3-ECM1_1_CDS_0404,unknown function
Pharokka_SS3-ECM1_1_CDS_0405,unknown function
Pharokka_SS3-ECM1_1_CDS_0406,unknown function
Pharokka_SS3-ECM1_1_CDS_0407,unknown function
Pharokka_SS3-ECM1_1_CDS_0408,unknown function
Pharokka_SS3-ECM1_1_CDS_0409,unknown function
Pharokka_SS3-ECM1_1_CDS_0410,unknown function
Pharokka_SS3-ECM1_1_CDS_0411,unknown function
Pharokka_SS3-ECM1_1_CDS_0412,unknown function
Pharokka_SS3-ECM1_1_CDS_0413,unknown function
Pharokka_SS3-ECM1_1_CDS_0414,unknown function
Pharokka_SS3-ECM1_1_CDS_0415,unknown function
Pharokka_SS3-ECM1_1_CDS_0416,unknown function
Pharokka_SS3-ECM1_1_CDS_0417,unknown function
Pharokka_SS3-ECM1_1_CDS_0418,unknown function
Pharokka_SS3-ECM1_1_CDS_0419,unknown function
Pharokka_SS3-ECM1_1_CDS_0420,head and packaging
Pharokka_SS3-ECM1_1_CDS_0421,unknown function
Pharokka_SS3-ECM1_1_CDS_0422,unknown function
Pharokka_SS3-ECM1_1_CDS_0423,unknown function
Pharokka_SS3-ECM1_1_CDS_0424,unknown function
Pharokka_SS3-ECM1_1_CDS_0425,unknown function
Pharokka_SS3-ECM1_1_CDS_0426,unknown function
Pharokka_SS3-ECM1_1_CDS_0427,unknown function
Pharokka_SS3-ECM1_1_CDS_0428,unknown function
Pharokka_SS3-ECM1_1_CDS_0429,unknown function
Pharokka_SS3-ECM1_1_CDS_0430,unknown function
Pharokka_SS3-ECM1_1_CDS_0431,unknown function
Pharokka_SS3-ECM1_1_CDS_0432,unknown function
Pharokka_SS3-ECM1_1_CDS_0433,unknown function
Pharokka_SS3-ECM1_1_CDS_0434,unknown function
Pharokka_SS3-ECM1_1_CDS_0435,unknown function
Pharokka_SS3-ECM1_1_CDS_0436,lysis
Pharokka_SS3-ECM1_1_CDS_0437,other
Pharokka_SS3-ECM1_1_CDS_0438,other
Pharokka_SS3-ECM1_1_CDS_0439,unknown function
Pharokka_SS3-ECM1_1_CDS_0440,unknown function
Pharokka_SS3-ECM1_1_CDS_0441,unknown function
Pharokka_SS3-ECM1_1_CDS_0442,unknown function
Pharokka_SS3-ECM1_1_CDS_0443,unknown function
Pharokka_SS3-ECM1_1_CDS_0444,unknown function
Pharokka_SS3-ECM1_1_CDS_0445,unknown function
Pharokka_SS3-ECM1_1_CDS_0446,unknown function
Pharokka_SS3-ECM1_1_CDS_0447,unknown function
Pharokka_SS3-ECM1_1_CDS_0448,unknown function
Pharokka_SS3-ECM1_1_CDS_0449,unknown function
Pharokka_SS3-ECM1_1_CDS_0450,unknown function
Pharokka_SS3-ECM1_1_CDS_0451,unknown function
Pharokka_SS3-ECM1_1_CDS_0452,other
Pharokka_SS3-ECM1_1_CDS_0453,unknown function
Pharokka_SS3-ECM1_1_CDS_0454,unknown function
Pharokka_SS3-ECM1_1_CDS_0455,unknown function
Pharokka_SS3-ECM1_1_CDS_0456,unknown function
Pharokka_SS3-ECM1_1_CDS_0457,unknown function
Pharokka_SS3-ECM1_1_CDS_0458,tail
Pharokka_SS3-ECM1_1_CDS_0459,unknown function
Pharokka_SS3-ECM1_1_CDS_0460,unknown function
Pharokka_SS3-ECM1_1_CDS_0461,unknown function
Pharokka_SS3-ECM1_1_CDS_0462,unknown function
Pharokka_SS3-ECM1_1_CDS_0463,other
Pharokka_SS3-ECM1_1_CDS_0464,unknown function
Pharokka_SS3-ECM1_1_CDS_0465,unknown function
Pharokka_SS3-ECM1_1_CDS_0466,unknown function
Pharokka_SS3-ECM1_1_CDS_0467,unknown function
Pharokka_SS3-ECM1_1_CDS_0468,unknown function
Pharokka_SS3-ECM1_1_CDS_0469,unknown function
Pharokka_SS3-ECM1_1_CDS_0470,unknown function
Pharokka_SS3-ECM1_1_CDS_0471,unknown function
Pharokka_SS3-ECM1_1_CDS_0472,unknown function
Pharokka_SS3-ECM1_1_CDS_0473,unknown function
Pharokka_SS3-ECM1_1_CDS_0474,unknown function
Pharokka_SS3-ECM1_1_CDS_0475,unknown function
Pharokka_SS3-ECM1_1_CDS_0476,other
Pharokka_SS3-ECM1_1_CDS_0477,unknown function
Pharokka_SS3-ECM1_1_CDS_0478,unknown function
Pharokka_SS3-ECM1_1_CDS_0479,other
Pharokka_SS3-ECM1_1_CDS_0480,unknown function
Pharokka_SS3-ECM1_1_CDS_0481,"DNA, RNA and nucleotide metabolism"
Pharokka_SS3-ECM1_1_CDS_0482,other
Pharokka_SS3-ECM1_1_CDS_0483,unknown function
Pharokka_SS3-ECM1_1_CDS_0484,unknown function
Pharokka_SS3-ECM1_1_CDS_0485,head and packaging
Pharokka_SS3-ECM1_1_CDS_0486,unknown function
Pharokka_SS3-ECM1_1_CDS_0487,unknown function
Pharokka_SS3-ECM1_1_CDS_0488,unknown function
Pharokka_SS3-ECM1_1_CDS_0489,unknown function
Pharokka_SS3-ECM1_1_CDS_0490,head and packaging
Pharokka_SS3-ECM1_1_CDS_0491,"DNA, RNA and nucleotide metabolism"
Pharokka_SS3-ECM1_1_CDS_0492,unknown function
Pharokka_SS3-ECM1_1_CDS_0493,head and packaging
Pharokka_SS3-ECM1_1_CDS_0494,unknown function
Pharokka_SS3-ECM1_1_CDS_0495,other
Pharokka_SS3-ECM1_1_CDS_0496,unknown function
Pharokka_SS3-ECM1_1_CDS_0497,other
Pharokka_SS3-ECM1_1_CDS_0498,unknown function
Pharokka_SS3-ECM1_1_CDS_0499,"DNA, RNA and nucleotide metabolism"
Pharokka_SS3-ECM1_1_CDS_0500,other
Pharokka_SS3-ECM1_1_CDS_0501,other
Pharokka_SS3-ECM1_1_CDS_0502,"moron, auxiliary metabolic gene and host takeover"
Pharokka_SS3-ECM1_1_CDS_0503,other
Pharokka_SS3-ECM1_1_CDS_0504,unknown function
Pharokka_SS3-ECM1_1_CDS_0505,unknown function
Pharokka_SS3-ECM1_1_CDS_0506,unknown function
Pharokka_SS3-ECM1_1_CDS_0507,unknown function
Pharokka_SS3-ECM1_1_CDS_0508,unknown function
Pharokka_SS3-ECM1_1_CDS_0509,unknown function
Pharokka_SS3-ECM1_1_CDS_0510,unknown function
Pharokka_SS3-ECM1_1_CDS_0511,unknown function
Pharokka_SS3-ECM1_1_CDS_0512,unknown function
Pharokka_SS3-ECM1_1_CDS_0513,unknown function
Pharokka_SS3-ECM1_1_CDS_0514,"DNA, RNA and nucleotide metabolism"
Pharokka_SS3-ECM1_1_CDS_0515,unknown function
Pharokka_SS3-ECM1_1_CDS_0516,unknown function
Pharokka_SS3-ECM1_1_CDS_0517,lysis
Pharokka_SS3-ECM1_1_CDS_0518,unknown function
Pharokka_SS3-ECM1_1_CDS_0519,unknown function
Pharokka_SS3-ECM1_1_CDS_0520,unknown function
Pharokka_SS3-ECM1_1_CDS_0521,unknown function
Pharokka_SS3-ECM1_1_CDS_0522,"moron, auxiliary metabolic gene and host takeover"
Pharokka_SS3-ECM1_1_CDS_0523,unknown function
Pharokka_SS3-ECM1_1_CDS_0524,"DNA, RNA and nucleotide metabolism"
Pharokka_SS3-ECM1_1_CDS_0525,tail
Pharokka_SS3-ECM1_1_CDS_0526,head and packaging
Pharokka_SS3-ECM1_1_CDS_0527,tail
Pharokka_SS3-ECM1_1_CDS_0528,unknown function
Pharokka_SS3-ECM1_1_CDS_0529,unknown function
Pharokka_SS3-ECM1_1_CDS_0530,unknown function
Pharokka_SS3-ECM1_1_CDS_0531,unknown function
Pharokka_SS3-ECM1_1_CDS_0532,"DNA, RNA and nucleotide metabolism"
Pharokka_SS3-ECM1_1_CDS_0533,unknown function
Pharokka_SS3-ECM1_1_CDS_0534,tail
Pharokka_SS3-ECM1_1_CDS_0535,tail
Pharokka_SS3-ECM1_1_CDS_0536,unknown function
Pharokka_SS3-ECM1_1_CDS_0537,lysis
Pharokka_SS3-ECM1_1_CDS_0538,unknown function
Pharokka_SS3-ECM1_1_CDS_0539,"DNA, RNA and nucleotide metabolism"
Pharokka_SS3-ECM1_1_CDS_0540,unknown function
Pharokka_SS3-ECM1_1_CDS_0541,unknown function
Pharokka_SS3-ECM1_1_CDS_0542,unknown function
Pharokka_SS3-ECM1_1_CDS_0543,unknown function
Pharokka_SS3-ECM1_1_CDS_0544,unknown function
Pharokka_SS3-ECM1_1_CDS_0545,unknown function
Pharokka_SS3-ECM1_1_CDS_0546,unknown function
Pharokka_SS3-ECM1_1_CDS_0547,transcription regulation
Pharokka_SS3-ECM1_1_CDS_0548,unknown function
Pharokka_SS3-ECM1_1_CDS_0549,unknown function
Pharokka_SS3-ECM1_1_CDS_0550,unknown function
Pharokka_SS3-ECM1_1_CDS_0551,unknown function
Pharokka_SS3-ECM1_1_CDS_0552,unknown function
Pharokka_SS3-ECM1_1_CDS_0553,unknown function
Pharokka_SS3-ECM1_1_CDS_0554,unknown function
Pharokka_SS3-ECM1_1_CDS_0555,unknown function
Pharokka_SS3-ECM1_1_CDS_0556,unknown function
Pharokka_SS3-ECM1_1_CDS_0557,unknown function
Pharokka_SS3-ECM1_1_CDS_0558,unknown function
Pharokka_SS3-ECM1_1_CDS_0559,unknown function
Pharokka_SS3-ECM1_1_CDS_0560,"moron, auxiliary metabolic gene and host takeover"
Pharokka_SS3-ECM1_1_CDS_0561,unknown function
Pharokka_SS3-ECM1_1_CDS_0562,lysis
Pharokka_SS3-ECM1_1_CDS_0563,other
Pharokka_SS3-ECM1_1_CDS_0564,unknown function
Pharokka_SS3-ECM1_1_CDS_0565,unknown function
Pharokka_SS3-ECM1_1_CDS_0566,unknown function
Pharokka_SS3-ECM1_1_CDS_0567,unknown function
Pharokka_SS3-ECM1_1_CDS_0568,unknown function
Pharokka_SS3-ECM1_1_CDS_0569,"DNA, RNA and nucleotide metabolism"
Pharokka_SS3-ECM1_1_CDS_0570,other
Pharokka_SS3-ECM1_1_CDS_0571,"DNA, RNA and nucleotide metabolism"
Pharokka_SS3-ECM1_1_CDS_0572,unknown function
Pharokka_SS3-ECM1_1_CDS_0573,unknown function
Pharokka_SS3-ECM1_1_CDS_0574,other
Pharokka_SS3-ECM1_1_CDS_0575,other
Pharokka_SS3-ECM1_1_CDS_0576,unknown function
Pharokka_SS3-ECM1_1_CDS_0577,unknown function
Pharokka_SS3-ECM1_1_CDS_0578,connector
Pharokka_SS3-ECM1_1_CDS_0579,unknown function
Pharokka_SS3-ECM1_1_CDS_0580,other
Pharokka_SS3-ECM1_1_CDS_0581,tail
Pharokka_SS3-ECM1_1_CDS_0582,unknown function
Pharokka_SS3-ECM1_1_CDS_0583,tail
Pharokka_SS3-ECM1_1_CDS_0584,tail
Pharokka_SS3-ECM1_1_CDS_0585,tail
Pharokka_SS3-ECM1_1_CDS_0586,connector
Pharokka_SS3-ECM1_1_CDS_0587,connector
Pharokka_SS3-ECM1_1_CDS_0588,head and packaging
Pharokka_SS3-ECM1_1_CDS_0589,other
Pharokka_SS3-ECM1_1_CDS_0590,head and packaging
Pharokka_SS3-ECM1_1_CDS_0591,head and packaging
Pharokka_SS3-ECM1_1_CDS_0592,head and packaging
Pharokka_SS3-ECM1_1_CDS_0593,unknown function
Pharokka_SS3-ECM1_1_CDS_0594,unknown function
Pharokka_SS3-ECM1_1_CDS_0595,other
Pharokka_SS3-ECM1_1_CDS_0596,"DNA, RNA and nucleotide metabolism"
Pharokka_SS3-ECM1_1_CDS_0597,unknown function
Pharokka_SS3-ECM1_1_CDS_0598,unknown function
Pharokka_SS3-ECM1_1_CDS_0599,"DNA, RNA and nucleotide metabolism"
Pharokka_SS3-ECM1_1_CDS_0600,"DNA, RNA and nucleotide metabolism"
Pharokka_SS3-ECM1_1_CDS_0601,tail
Pharokka_SS3-ECM1_1_CDS_0602,tail
Pharokka_SS3-ECM1_1_CDS_0603,head and packaging
Pharokka_SS3-ECM1_1_CDS_0604,tail
Pharokka_SS3-ECM1_1_CDS_0605,unknown function
Pharokka_SS3-ECM1_1_CDS_0606,head and packaging
Pharokka_SS3-ECM1_1_CDS_0607,"moron, auxiliary metabolic gene and host takeover"
Pharokka_SS3-ECM1_1_CDS_0608,tail
Pharokka_SS3-ECM1_1_CDS_0609,unknown function
Pharokka_SS3-ECM1_1_CDS_0610,"DNA, RNA and nucleotide metabolism"
Pharokka_SS3-ECM1_1_CDS_0611,head and packaging
Pharokka_SS3-ECM1_1_CDS_0612,other
Pharokka_SS3-ECM1_1_CDS_0613,tail
Pharokka_SS3-ECM1_1_CDS_0614,head and packaging
Pharokka_SS3-ECM1_1_CDS_0615,unknown function
Pharokka_SS3-ECM1_1_CDS_0616,other
Pharokka_SS3-ECM1_1_CDS_0617,head and packaging
Pharokka_SS3-ECM1_1_CDS_0618,tail
Pharokka_SS3-ECM1_1_CDS_0619,"DNA, RNA and nucleotide metabolism"
Pharokka_SS3-ECM1_1_CDS_0620,tail
Pharokka_SS3-ECM1_1_CDS_0621,lysis
Pharokka_SS3-ECM1_1_CDS_0622,tail
Pharokka_SS3-ECM1_1_CDS_0623,head and packaging
Pharokka_SS3-ECM1_1_CDS_0624,tail
Pharokka_SS3-ECM1_1_CDS_0625,head and packaging
Pharokka_SS3-ECM1_1_CDS_0626,unknown function
Pharokka_SS3-ECM1_1_CDS_0627,transcription regulation
Pharokka_SS3-ECM1_1_CDS_0628,"DNA, RNA and nucleotide metabolism"
Pharokka_SS3-ECM1_1_CDS_0629,"DNA, RNA and nucleotide metabolism"
Pharokka_SS3-ECM1_1_CDS_0630,"DNA, RNA and nucleotide metabolism"
Pharokka_SS3-ECM1_1_CDS_0631,unknown function
Pharokka_SS3-ECM1_1_CDS_0632,unknown function
Pharokka_SS3-ECM1_1_CDS_0633,unknown function
Pharokka_SS3-ECM1_1_CDS_0634,unknown function
Pharokka_SS3-ECM1_1_CDS_0635,unknown function
Pharokka_SS3-ECM1_1_CDS_0636,unknown function
Pharokka_SS3-ECM1_1_CDS_0637,tail
Pharokka_SS3-ECM1_1_CDS_0638,head and packaging
Pharokka_SS3-ECM1_1_CDS_0639,head and packaging
Pharokka_SS3-ECM1_1_CDS_0640,unknown function
Pharokka_SS3-ECM1_1_CDS_0641,head and packaging
Pharokka_SS3-ECM1_1_CDS_0642,head and packaging
Pharokka_SS3-ECM1_1_CDS_0643,head and packaging
Pharokka_SS3-ECM1_1_CDS_0644,head and packaging
Pharokka_SS3-ECM1_1_CDS_0645,"DNA, RNA and nucleotide metabolism"
Pharokka_SS3-ECM1_1_CDS_0646,unknown function
Pharokka_SS3-ECM1_1_CDS_0647,transcription regulation
Pharokka_SS3-ECM1_1_CDS_0648,tail
Pharokka_SS3-ECM1_1_CDS_0649,tail
Pharokka_SS3-ECM1_1_CDS_0650,unknown function
Pharokka_SS3-ECM1_1_CDS_0651,"DNA, RNA and nucleotide metabolism"
Pharokka_SS3-ECM1_1_CDS_0652,unknown function
Pharokka_SS3-ECM1_1_CDS_0653,unknown function
Pharokka_SS3-ECM1_1_CDS_0654,"DNA, RNA and nucleotide metabolism"
Pharokka_SS3-ECM1_1_CDS_0655,transcription regulation
Pharokka_SS3-ECM1_1_CDS_0656,other
Pharokka_SS3-ECM1_1_CDS_0657,head and packaging
Pharokka_SS3-ECM1_1_CDS_0658,head and packaging
Pharokka_SS3-ECM1_1_CDS_0659,head and packaging
Pharokka_SS3-ECM1_1_CDS_0660,"DNA, RNA and nucleotide metabolism"
Pharokka_SS3-ECM1_1_CDS_0661,unknown function
Pharokka_SS3-ECM1_1_CDS_0662,head and packaging
Pharokka_SW3C-EC78_2_CDS_0001,head and packaging
Pharokka_SW3C-EC78_2_CDS_0002,unknown function
Pharokka_SW3C-EC78_2_CDS_0003,unknown function
Pharokka_SW3C-EC78_2_CDS_0004,unknown function
Pharokka_SW3C-EC78_2_CDS_0005,unknown function
Pharokka_SW3C-EC78_2_CDS_0006,unknown function
Pharokka_SW3C-EC78_2_CDS_0007,unknown function
Pharokka_SW3C-EC78_2_CDS_0008,integration and excision
Pharokka_SW3C-EC78_2_CDS_0009,unknown function
Pharokka_SW3C-EC78_2_CDS_0010,unknown function
Pharokka_SW3C-EC78_2_CDS_0011,"DNA, RNA and nucleotide metabolism"
Pharokka_SW3C-EC78_2_CDS_0012,head and packaging
Pharokka_SW3C-EC78_2_CDS_0013,"moron, auxiliary metabolic gene and host takeover"
Pharokka_SW3C-EC78_2_CDS_0014,unknown function
Pharokka_SW3C-EC78_2_CDS_0015,"moron, auxiliary metabolic gene and host takeover"
Pharokka_SW3C-EC78_2_CDS_0016,other
Pharokka_SW3C-EC78_2_CDS_0017,unknown function
Pharokka_SW3C-EC78_2_CDS_0018,head and packaging
Pharokka_SW3C-EC78_2_CDS_0019,tail
Pharokka_SW3C-EC78_2_CDS_0020,lysis
Pharokka_SW3C-EC78_2_CDS_0021,lysis
Pharokka_SW3C-EC78_2_CDS_0022,unknown function
Pharokka_SW3C-EC78_2_CDS_0023,"DNA, RNA and nucleotide metabolism"
Pharokka_SW3C-EC78_2_CDS_0024,unknown function
Pharokka_SW3C-EC78_2_CDS_0025,head and packaging
Pharokka_SW3C-EC78_2_CDS_0026,unknown function
Pharokka_SW3C-EC78_2_CDS_0027,"moron, auxiliary metabolic gene and host takeover"
Pharokka_SW3C-EC78_2_CDS_0028,"moron, auxiliary metabolic gene and host takeover"
Pharokka_SW3C-EC78_2_CDS_0029,other
Pharokka_SW3C-EC78_2_CDS_0030,"moron, auxiliary metabolic gene and host takeover"
Pharokka_SW3C-EC78_2_CDS_0031,lysis
Pharokka_SW3C-EC78_2_CDS_0032,lysis
Pharokka_SW3C-EC78_2_CDS_0033,lysis
Pharokka_SW3C-EC78_2_CDS_0034,unknown function
Pharokka_SW3C-EC78_2_CDS_0035,unknown function
Pharokka_SW3C-EC78_2_CDS_0036,"DNA, RNA and nucleotide metabolism"
Pharokka_SW3C-EC78_2_CDS_0037,unknown function
Pharokka_SW3C-EC78_2_CDS_0038,unknown function
Pharokka_SW3C-EC78_2_CDS_0039,unknown function
Pharokka_SW3C-EC78_2_CDS_0040,tail
Pharokka_SW3C-EC78_2_CDS_0041,tail
Pharokka_SW3C-EC78_2_CDS_0042,unknown function
Pharokka_SW3C-EC78_2_CDS_0043,unknown function
Pharokka_SW3C-EC78_2_CDS_0044,unknown function
Pharokka_SW3C-EC78_2_CDS_0045,unknown function
Pharokka_SW3C-EC78_2_CDS_0046,unknown function
Pharokka_SW3C-EC78_2_CDS_0047,tail
Pharokka_SW3C-EC78_2_CDS_0048,unknown function
Pharokka_SW3C-EC78_2_CDS_0049,unknown function
Pharokka_SW3C-EC78_2_CDS_0050,tail
Pharokka_SW3C-EC78_2_CDS_0051,tail
Pharokka_SW3C-EC78_2_CDS_0052,tail
Pharokka_SW3C-EC78_2_CDS_0053,tail
Pharokka_SW3C-EC78_2_CDS_0054,tail
Pharokka_SW3C-EC78_2_CDS_0055,tail
Pharokka_SW3C-EC78_2_CDS_0056,tail
Pharokka_SW3C-EC78_2_CDS_0057,tail
Pharokka_SW3C-EC78_2_CDS_0058,tail
Pharokka_SW3C-EC78_2_CDS_0059,lysis
Pharokka_SW3C-EC78_2_CDS_0060,unknown function
Pharokka_SW3C-EC78_2_CDS_0061,head and packaging
Pharokka_SW3C-EC78_2_CDS_0062,tail
Pharokka_SW3C-EC78_2_CDS_0063,head and packaging
Pharokka_SW3C-EC78_2_CDS_0064,unknown function
Pharokka_SW3C-EC78_2_CDS_0065,unknown function
Pharokka_SW3C-EC78_2_CDS_0066,unknown function
Pharokka_SW3C-EC78_2_CDS_0067,unknown function
Pharokka_SW3C-EC78_2_CDS_0068,transcription regulation
Pharokka_SW3C-EC78_2_CDS_0069,transcription regulation
Pharokka_SW3C-EC78_2_CDS_0070,"DNA, RNA and nucleotide metabolism"
Pharokka_SW3C-EC78_2_CDS_0071,unknown function
Pharokka_SW3C-EC78_2_CDS_0072,unknown function
Pharokka_SW3C-EC78_2_CDS_0073,tail
Pharokka_SW3C-EC78_2_CDS_0074,head and packaging
Pharokka_SW3C-EC78_2_CDS_0075,unknown function
Pharokka_SW3C-EC78_2_CDS_0076,tail
Pharokka_SW3C-EC78_2_CDS_0077,head and packaging
Pharokka_SW3C-EC78_2_CDS_0078,unknown function
Pharokka_SW3C-EC78_2_CDS_0079,unknown function
Pharokka_SW3C-EC78_2_CDS_0080,"DNA, RNA and nucleotide metabolism"
Pharokka_SW3C-EC78_2_CDS_0081,"DNA, RNA and nucleotide metabolism"
Pharokka_SW3C-EC78_2_CDS_0082,unknown function
Pharokka_SW3C-EC78_2_CDS_0083,transcription regulation
Pharokka_SW3C-EC78_2_CDS_0084,unknown function
Pharokka_SW3C-EC78_2_CDS_0085,"DNA, RNA and nucleotide metabolism"
Pharokka_SW3C-EC78_2_CDS_0086,unknown function
Pharokka_SW3C-EC78_2_CDS_0087,unknown function
Pharokka_SW3C-EC78_2_CDS_0088,other
Pharokka_SW3C-EC78_2_CDS_0089,lysis
Pharokka_SW3C-EC78_2_CDS_0090,unknown function
Pharokka_SW3C-EC78_2_CDS_0091,unknown function
Pharokka_SW3C-EC78_2_CDS_0092,unknown function
Pharokka_SW3C-EC78_2_CDS_0093,other
Pharokka_SW3C-EC78_2_CDS_0094,"DNA, RNA and nucleotide metabolism"
Pharokka_SW3C-EC78_2_CDS_0095,other
Pharokka_SW3C-EC78_2_CDS_0096,unknown function
Pharokka_SW3C-EC78_2_CDS_0097,unknown function
Pharokka_SW3C-EC78_2_CDS_0098,unknown function
Pharokka_SW3C-EC78_2_CDS_0099,unknown function
Pharokka_SW3C-EC78_2_CDS_0100,unknown function
Pharokka_SW3C-EC78_2_CDS_0101,unknown function
Pharokka_SW3C-EC78_2_CDS_0102,"moron, auxiliary metabolic gene and host takeover"
Pharokka_SW3C-EC78_2_CDS_0103,other
Pharokka_SW3C-EC78_2_CDS_0104,unknown function
Pharokka_SW3C-EC78_2_CDS_0105,"DNA, RNA and nucleotide metabolism"
Pharokka_SW3C-EC78_2_CDS_0106,"moron, auxiliary metabolic gene and host takeover"
Pharokka_SW3C-EC78_2_CDS_0107,tail
Pharokka_SW3C-EC78_2_CDS_0108,tail
Pharokka_SW3C-EC78_2_CDS_0109,tail
Pharokka_SW3C-EC78_2_CDS_0110,tail
Pharokka_SW3C-EC78_2_CDS_0111,tail
Pharokka_SW3C-EC78_2_CDS_0112,tail
Pharokka_SW3C-EC78_2_CDS_0113,unknown function
Pharokka_SW3C-EC78_2_CDS_0114,other
Pharokka_SW3C-EC78_2_CDS_0115,transcription regulation
Pharokka_SW3C-EC78_2_CDS_0116,unknown function
Pharokka_SW3C-EC78_2_CDS_0117,unknown function
Pharokka_SW3C-EC78_2_CDS_0118,unknown function
Pharokka_SW3C-EC78_2_CDS_0119,other
Pharokka_SW3C-EC78_2_CDS_0120,other
Pharokka_SW3C-EC78_2_CDS_0121,"moron, auxiliary metabolic gene and host takeover"
Pharokka_SW3C-EC78_2_CDS_0122,unknown function
Pharokka_SW3C-EC78_2_CDS_0123,head and packaging
Pharokka_SW3C-EC78_2_CDS_0124,other
Pharokka_SW3C-EC78_2_CDS_0125,unknown function
Pharokka_SW3C-EC78_2_CDS_0126,unknown function
Pharokka_SW3C-EC78_2_CDS_0127,unknown function
Pharokka_SW3C-EC78_2_CDS_0128,unknown function
Pharokka_SW3C-EC78_2_CDS_0129,unknown function
Pharokka_SW3C-EC78_2_CDS_0130,unknown function
Pharokka_SW3C-EC78_2_CDS_0131,unknown function
Pharokka_SW3C-EC78_2_CDS_0132,unknown function
Pharokka_SW3C-EC78_2_CDS_0133,unknown function
Pharokka_SW3C-EC78_2_CDS_0134,"DNA, RNA and nucleotide metabolism"
Pharokka_SW3C-EC78_2_CDS_0135,unknown function
Pharokka_SW3C-EC78_2_CDS_0136,unknown function
Pharokka_SW3C-EC78_2_CDS_0137,unknown function
Pharokka_SW3C-EC78_2_CDS_0138,unknown function
Pharokka_SW3C-EC78_2_CDS_0139,unknown function
Pharokka_SW3C-EC78_2_CDS_0140,unknown function
Pharokka_SW3C-EC78_2_CDS_0141,unknown function
Pharokka_SW3C-EC78_2_CDS_0142,unknown function
Pharokka_SW3C-EC78_2_CDS_0143,unknown function
Pharokka_SW3C-EC78_2_CDS_0144,unknown function
Pharokka_SW3C-EC78_2_CDS_0145,unknown function
Pharokka_SW3C-EC78_2_CDS_0146,"DNA, RNA and nucleotide metabolism"
Pharokka_SW3C-EC78_2_CDS_0147,unknown function
Pharokka_SW3C-EC78_2_CDS_0148,unknown function
Pharokka_SW3C-EC78_2_CDS_0149,"DNA, RNA and nucleotide metabolism"
Pharokka_SW3C-EC78_2_CDS_0150,"moron, auxiliary metabolic gene and host takeover"
Pharokka_SW3C-EC78_2_CDS_0151,"moron, auxiliary metabolic gene and host takeover"
Pharokka_SW3C-EC78_2_CDS_0152,unknown function
Pharokka_SW3C-EC78_2_CDS_0153,unknown function
Pharokka_SW3C-EC78_2_CDS_0154,"DNA, RNA and nucleotide metabolism"
Pharokka_SW3C-EC78_2_CDS_0155,transcription regulation
Pharokka_SW3C-EC78_2_CDS_0156,head and packaging
Pharokka_9_EC78_CDS_0001,head and packaging
Pharokka_9_EC78_CDS_0002,head and packaging
Pharokka_9_EC78_CDS_0003,other
Pharokka_9_EC78_CDS_0004,head and packaging
Pharokka_9_EC78_CDS_0005,head and packaging
Pharokka_9_EC78_CDS_0006,head and packaging
Pharokka_9_EC78_CDS_0007,unknown function
Pharokka_9_EC78_CDS_0008,unknown function
Pharokka_9_EC78_CDS_0009,connector
Pharokka_9_EC78_CDS_0010,head and packaging
Pharokka_9_EC78_CDS_0011,connector
Pharokka_9_EC78_CDS_0012,tail
Pharokka_9_EC78_CDS_0013,head and packaging
Pharokka_9_EC78_CDS_0014,tail
Pharokka_9_EC78_CDS_0015,unknown function
Pharokka_9_EC78_CDS_0016,tail
Pharokka_9_EC78_CDS_0017,unknown function
Pharokka_9_EC78_CDS_0018,tail
Pharokka_9_EC78_CDS_0019,head and packaging
Pharokka_9_EC78_CDS_0020,tail
Pharokka_9_EC78_CDS_0021,tail
Pharokka_9_EC78_CDS_0022,tail
Pharokka_9_EC78_CDS_0023,tail
Pharokka_9_EC78_CDS_0024,tail
Pharokka_9_EC78_CDS_0025,tail
Pharokka_9_EC78_CDS_0026,tail
Pharokka_9_EC78_CDS_0027,"moron, auxiliary metabolic gene and host takeover"
Pharokka_9_EC78_CDS_0028,tail
Pharokka_9_EC78_CDS_0029,tail
Pharokka_9_EC78_CDS_0030,tail
Pharokka_9_EC78_CDS_0031,tail
Pharokka_9_EC78_CDS_0032,other
Pharokka_9_EC78_CDS_0033,"moron, auxiliary metabolic gene and host takeover"
Pharokka_9_EC78_CDS_0034,tail
Pharokka_9_EC78_CDS_0035,tail
Pharokka_9_EC78_CDS_0036,"DNA, RNA and nucleotide metabolism"
Pharokka_9_EC78_CDS_0037,unknown function
Pharokka_9_EC78_CDS_0038,"DNA, RNA and nucleotide metabolism"
Pharokka_9_EC78_CDS_0039,unknown function
Pharokka_9_EC78_CDS_0040,unknown function
Pharokka_9_EC78_CDS_0041,unknown function
Pharokka_9_EC78_CDS_0042,"DNA, RNA and nucleotide metabolism"
Pharokka_9_EC78_CDS_0043,"moron, auxiliary metabolic gene and host takeover"
Pharokka_9_EC78_CDS_0044,unknown function
Pharokka_9_EC78_CDS_0045,"DNA, RNA and nucleotide metabolism"
Pharokka_9_EC78_CDS_0046,unknown function
Pharokka_9_EC78_CDS_0047,"moron, auxiliary metabolic gene and host takeover"
Pharokka_9_EC78_CDS_0048,"moron, auxiliary metabolic gene and host takeover"
Pharokka_9_EC78_CDS_0049,"moron, auxiliary metabolic gene and host takeover"
Pharokka_9_EC78_CDS_0050,"moron, auxiliary metabolic gene and host takeover"
Pharokka_9_EC78_CDS_0051,unknown function
Pharokka_9_EC78_CDS_0052,unknown function
Pharokka_9_EC78_CDS_0053,unknown function
Pharokka_9_EC78_CDS_0054,lysis
Pharokka_9_EC78_CDS_0055,"DNA, RNA and nucleotide metabolism"
Pharokka_9_EC78_CDS_0056,unknown function
Pharokka_9_EC78_CDS_0057,unknown function
Pharokka_9_EC78_CDS_0058,"DNA, RNA and nucleotide metabolism"
Pharokka_9_EC78_CDS_0059,unknown function
Pharokka_9_EC78_CDS_0060,unknown function
Pharokka_9_EC78_CDS_0061,unknown function
Pharokka_9_EC78_CDS_0062,unknown function
Pharokka_9_EC78_CDS_0063,unknown function
Pharokka_9_EC78_CDS_0064,"moron, auxiliary metabolic gene and host takeover"
Pharokka_9_EC78_CDS_0065,"DNA, RNA and nucleotide metabolism"
Pharokka_9_EC78_CDS_0066,unknown function
Pharokka_9_EC78_CDS_0067,unknown function
Pharokka_9_EC78_CDS_0068,unknown function
Pharokka_9_EC78_CDS_0069,"moron, auxiliary metabolic gene and host takeover"
Pharokka_9_EC78_CDS_0070,unknown function
Pharokka_9_EC78_CDS_0071,other
Pharokka_9_EC78_CDS_0072,"moron, auxiliary metabolic gene and host takeover"
Pharokka_9_EC78_CDS_0073,other
Pharokka_9_EC78_CDS_0074,other
Pharokka_9_EC78_CDS_0075,unknown function
Pharokka_9_EC78_CDS_0076,"DNA, RNA and nucleotide metabolism"
Pharokka_9_EC78_CDS_0077,"moron, auxiliary metabolic gene and host takeover"
Pharokka_9_EC78_CDS_0078,"DNA, RNA and nucleotide metabolism"
Pharokka_9_EC78_CDS_0079,"DNA, RNA and nucleotide metabolism"
Pharokka_9_EC78_CDS_0080,unknown function
Pharokka_9_EC78_CDS_0081,"DNA, RNA and nucleotide metabolism"
Pharokka_9_EC78_CDS_0082,unknown function
Pharokka_9_EC78_CDS_0083,unknown function
Pharokka_9_EC78_CDS_0084,"DNA, RNA and nucleotide metabolism"
Pharokka_9_EC78_CDS_0085,unknown function
Pharokka_9_EC78_CDS_0086,unknown function
Pharokka_9_EC78_CDS_0087,unknown function
Pharokka_9_EC78_CDS_0088,unknown function
Pharokka_9_EC78_CDS_0089,unknown function
Pharokka_9_EC78_CDS_0090,unknown function
Pharokka_9_EC78_CDS_0091,unknown function
Pharokka_9_EC78_CDS_0092,unknown function
Pharokka_9_EC78_CDS_0093,unknown function
Pharokka_9_EC78_CDS_0094,unknown function
Pharokka_9_EC78_CDS_0095,unknown function
Pharokka_9_EC78_CDS_0096,unknown function
Pharokka_9_EC78_CDS_0097,unknown function
Pharokka_9_EC78_CDS_0098,unknown function
Pharokka_9_EC78_CDS_0099,unknown function
Pharokka_9_EC78_CDS_0100,unknown function
Pharokka_9_EC78_CDS_0101,unknown function
Pharokka_9_EC78_CDS_0102,unknown function
Pharokka_9_EC78_CDS_0103,unknown function
Pharokka_9_EC78_CDS_0104,unknown function
Pharokka_9_EC78_CDS_0105,unknown function
Pharokka_9_EC78_CDS_0106,unknown function
Pharokka_9_EC78_CDS_0107,unknown function
Pharokka_9_EC78_CDS_0108,unknown function
Pharokka_9_EC78_CDS_0109,other
Pharokka_9_EC78_CDS_0110,"DNA, RNA and nucleotide metabolism"
Pharokka_9_EC78_CDS_0111,unknown function
Pharokka_9_EC78_CDS_0112,unknown function
Pharokka_9_EC78_CDS_0113,other
Pharokka_9_EC78_CDS_0114,unknown function
Pharokka_9_EC78_CDS_0115,unknown function
Pharokka_9_EC78_CDS_0116,unknown function
Pharokka_9_EC78_CDS_0117,unknown function
Pharokka_9_EC78_CDS_0118,unknown function
Pharokka_9_EC78_CDS_0119,unknown function
Pharokka_9_EC78_CDS_0120,unknown function
Pharokka_9_EC78_CDS_0121,unknown function
Pharokka_9_EC78_CDS_0122,unknown function
Pharokka_9_EC78_CDS_0123,unknown function
Pharokka_9_EC78_CDS_0124,unknown function
Pharokka_9_EC78_CDS_0125,unknown function
Pharokka_9_EC78_CDS_0126,unknown function
Pharokka_9_EC78_CDS_0127,unknown function
Pharokka_9_EC78_CDS_0128,unknown function
Pharokka_9_EC78_CDS_0129,unknown function
Pharokka_9_EC78_CDS_0130,unknown function
Pharokka_9_EC78_CDS_0131,unknown function
Pharokka_9_EC78_CDS_0132,unknown function
Pharokka_9_EC78_CDS_0133,unknown function
Pharokka_9_EC78_CDS_0134,unknown function
Pharokka_9_EC78_CDS_0135,unknown function
Pharokka_9_EC78_CDS_0136,unknown function
Pharokka_9_EC78_CDS_0137,unknown function
Pharokka_9_EC78_CDS_0138,unknown function
Pharokka_9_EC78_CDS_0139,"moron, auxiliary metabolic gene and host takeover"
Pharokka_9_EC78_CDS_0140,unknown function
Pharokka_9_EC78_CDS_0141,unknown function
Pharokka_9_EC78_CDS_0142,unknown function
Pharokka_9_EC78_CDS_0143,unknown function
Pharokka_9_EC78_CDS_0144,unknown function
Pharokka_9_EC78_CDS_0145,unknown function
Pharokka_9_EC78_CDS_0146,unknown function
Pharokka_9_EC78_CDS_0147,unknown function
Pharokka_9_EC78_CDS_0148,unknown function
Pharokka_9_EC78_CDS_0149,unknown function
Pharokka_9_EC78_CDS_0150,other
Pharokka_9_EC78_CDS_0151,unknown function
Pharokka_9_EC78_CDS_0152,unknown function
Pharokka_9_EC78_CDS_0153,unknown function
Pharokka_9_EC78_CDS_0154,unknown function
Pharokka_9_EC78_CDS_0155,unknown function
Pharokka_9_EC78_CDS_0156,unknown function
Pharokka_9_EC78_CDS_0157,unknown function
Pharokka_9_EC78_CDS_0158,unknown function
Pharokka_9_EC78_CDS_0159,unknown function
Pharokka_9_EC78_CDS_0160,unknown function
Pharokka_9_EC78_CDS_0161,unknown function
Pharokka_9_EC78_CDS_0162,unknown function
Pharokka_9_EC78_CDS_0163,unknown function
Pharokka_9_EC78_CDS_0164,unknown function
Pharokka_9_EC78_CDS_0165,unknown function
Pharokka_9_EC78_CDS_0166,unknown function
Pharokka_9_EC78_CDS_0167,unknown function
Pharokka_9_EC78_CDS_0168,unknown function
Pharokka_9_EC78_CDS_0169,unknown function
Pharokka_9_EC78_CDS_0170,unknown function
Pharokka_9_EC78_CDS_0171,unknown function
Pharokka_9_EC78_CDS_0172,unknown function
Pharokka_9_EC78_CDS_0173,unknown function
Pharokka_9_EC78_CDS_0174,unknown function
Pharokka_9_EC78_CDS_0175,unknown function
Pharokka_9_EC78_CDS_0176,unknown function
Pharokka_9_EC78_CDS_0177,unknown function
Pharokka_9_EC78_CDS_0178,unknown function
Pharokka_9_EC78_CDS_0179,unknown function
Pharokka_9_EC78_CDS_0180,unknown function
Pharokka_9_EC78_CDS_0181,unknown function
Pharokka_9_EC78_CDS_0182,unknown function
Pharokka_9_EC78_CDS_0183,unknown function
Pharokka_9_EC78_CDS_0184,unknown function
Pharokka_9_EC78_CDS_0185,unknown function
Pharokka_9_EC78_CDS_0186,unknown function
Pharokka_9_EC78_CDS_0187,unknown function
Pharokka_9_EC78_CDS_0188,unknown function
Pharokka_9_EC78_CDS_0189,unknown function
Pharokka_9_EC78_CDS_0190,unknown function
Pharokka_9_EC78_CDS_0191,unknown function
Pharokka_9_EC78_CDS_0192,unknown function
Pharokka_9_EC78_CDS_0193,unknown function
Pharokka_9_EC78_CDS_0194,unknown function
Pharokka_9_EC78_CDS_0195,unknown function
Pharokka_9_EC78_CDS_0196,unknown function
Pharokka_9_EC78_CDS_0197,unknown function
Pharokka_9_EC78_CDS_0198,"DNA, RNA and nucleotide metabolism"
Pharokka_9_EC78_CDS_0199,unknown function
Pharokka_9_EC78_CDS_0200,unknown function
Pharokka_9_EC78_CDS_0201,unknown function
Pharokka_9_EC78_CDS_0202,unknown function
Pharokka_9_EC78_CDS_0203,unknown function
Pharokka_9_EC78_CDS_0204,unknown function
Pharokka_9_EC78_CDS_0205,unknown function
Pharokka_9_EC78_CDS_0206,unknown function
Pharokka_9_EC78_CDS_0207,unknown function
Pharokka_9_EC78_CDS_0208,unknown function
Pharokka_9_EC78_CDS_0209,unknown function
Pharokka_9_EC78_CDS_0210,unknown function
Pharokka_9_EC78_CDS_0211,"DNA, RNA and nucleotide metabolism"
Pharokka_9_EC78_CDS_0212,unknown function
Pharokka_9_EC78_CDS_0213,unknown function
Pharokka_9_EC78_CDS_0214,unknown function
Pharokka_9_EC78_CDS_0215,unknown function
Pharokka_9_EC78_CDS_0216,unknown function
Pharokka_9_EC78_CDS_0217,unknown function
Pharokka_9_EC78_CDS_0218,unknown function
Pharokka_9_EC78_CDS_0219,unknown function
Pharokka_9_EC78_CDS_0220,unknown function
Pharokka_9_EC78_CDS_0221,"DNA, RNA and nucleotide metabolism"
Pharokka_9_EC78_CDS_0222,unknown function
Pharokka_9_EC78_CDS_0223,unknown function
Pharokka_9_EC78_CDS_0224,other
Pharokka_9_EC78_CDS_0225,unknown function
Pharokka_9_EC78_CDS_0226,unknown function
Pharokka_9_EC78_CDS_0227,unknown function
Pharokka_9_EC78_CDS_0228,unknown function
Pharokka_9_EC78_CDS_0229,unknown function
Pharokka_9_EC78_CDS_0230,unknown function
Pharokka_9_EC78_CDS_0231,unknown function
Pharokka_9_EC78_CDS_0232,unknown function
Pharokka_9_EC78_CDS_0233,"DNA, RNA and nucleotide metabolism"
Pharokka_9_EC78_CDS_0234,unknown function
Pharokka_9_EC78_CDS_0235,other
Pharokka_9_EC78_CDS_0236,unknown function
Pharokka_9_EC78_CDS_0237,"DNA, RNA and nucleotide metabolism"
Pharokka_9_EC78_CDS_0238,unknown function
Pharokka_9_EC78_CDS_0239,unknown function
Pharokka_9_EC78_CDS_0240,unknown function
Pharokka_9_EC78_CDS_0241,other
Pharokka_9_EC78_CDS_0242,unknown function
Pharokka_9_EC78_CDS_0243,other
Pharokka_9_EC78_CDS_0244,unknown function
Pharokka_9_EC78_CDS_0245,other
Pharokka_9_EC78_CDS_0246,lysis
Pharokka_9_EC78_CDS_0247,unknown function
Pharokka_9_EC78_CDS_0248,"DNA, RNA and nucleotide metabolism"
Pharokka_9_EC78_CDS_0249,"DNA, RNA and nucleotide metabolism"
Pharokka_9_EC78_CDS_0250,"moron, auxiliary metabolic gene and host takeover"
Pharokka_9_EC78_CDS_0251,"moron, auxiliary metabolic gene and host takeover"
Pharokka_9_EC78_CDS_0252,"DNA, RNA and nucleotide metabolism"
Pharokka_9_EC78_CDS_0253,unknown function
Pharokka_9_EC78_CDS_0254,unknown function
Pharokka_9_EC78_CDS_0255,unknown function
Pharokka_9_EC78_CDS_0256,unknown function
Pharokka_9_EC78_CDS_0257,"DNA, RNA and nucleotide metabolism"
Pharokka_9_EC78_CDS_0258,unknown function
Pharokka_9_EC78_CDS_0259,"DNA, RNA and nucleotide metabolism"
Pharokka_9_EC78_CDS_0260,unknown function
Pharokka_9_EC78_CDS_0261,unknown function
Pharokka_9_EC78_CDS_0262,"DNA, RNA and nucleotide metabolism"
Pharokka_9_EC78_CDS_0263,unknown function
Pharokka_9_EC78_CDS_0264,"DNA, RNA and nucleotide metabolism"
Pharokka_9_EC78_CDS_0265,unknown function
Pharokka_9_EC78_CDS_0266,other
Pharokka_9_EC78_CDS_0267,unknown function
Pharokka_9_EC78_CDS_0268,"DNA, RNA and nucleotide metabolism"
Pharokka_9_EC78_CDS_0269,"DNA, RNA and nucleotide metabolism"
Pharokka_9_EC78_CDS_0270,unknown function
Pharokka_9_EC78_CDS_0271,unknown function
Pharokka_9_EC78_CDS_0272,unknown function
Pharokka_9_EC78_CDS_0273,"DNA, RNA and nucleotide metabolism"
Pharokka_9_EC78_CDS_0274,other
Pharokka_9_EC78_CDS_0275,unknown function
Pharokka_9_EC78_CDS_0276,"DNA, RNA and nucleotide metabolism"
Pharokka_9_EC78_CDS_0277,unknown function
Pharokka_9_EC78_CDS_0278,unknown function
Pharokka_9_EC78_CDS_0279,other
Pharokka_9_EC78_CDS_0280,other
Pharokka_9_EC78_CDS_0281,tail
Pharokka_9_EC78_CDS_0282,other
Pharokka_9_EC78_CDS_0283,unknown function
Pharokka_9_EC78_CDS_0284,unknown function
Pharokka_9_EC78_CDS_0285,other
Pharokka_9_EC78_CDS_0286,unknown function
Pharokka_9_EC78_CDS_0287,unknown function
Pharokka_9_EC78_CDS_0288,unknown function
Pharokka_9_EC78_CDS_0289,unknown function
Pharokka_9_EC78_CDS_0290,unknown function
Pharokka_9_EC78_CDS_0291,unknown function
Pharokka_9_EC78_CDS_0292,unknown function
Pharokka_9_EC78_CDS_0293,unknown function
Pharokka_9_EC78_CDS_0294,unknown function
Pharokka_9_EC78_CDS_0295,unknown function
Pharokka_9_EC78_CDS_0296,unknown function
Pharokka_9_EC78_CDS_0297,unknown function
Pharokka_9_EC78_CDS_0298,unknown function
Pharokka_9_EC78_CDS_0299,unknown function
Pharokka_9_EC78_CDS_0300,other
Pharokka_9_EC78_CDS_0301,unknown function
Pharokka_9_EC78_CDS_0302,"DNA, RNA and nucleotide metabolism"
Pharokka_9_EC78_CDS_0303,unknown function
Pharokka_9_EC78_CDS_0304,lysis
Pharokka_9_EC78_CDS_0305,unknown function
Pharokka_9_EC78_CDS_0306,unknown function
Pharokka_9_EC78_CDS_0307,"moron, auxiliary metabolic gene and host takeover"
Pharokka_9_EC78_CDS_0308,lysis
Pharokka_Escherichia_phage_vB_EcoP_ZX5_CDS_0001,head and packaging
Pharokka_Escherichia_phage_vB_EcoP_ZX5_CDS_0002,unknown function
Pharokka_Escherichia_phage_vB_EcoP_ZX5_CDS_0003,"moron, auxiliary metabolic gene and host takeover"
Pharokka_Escherichia_phage_vB_EcoP_ZX5_CDS_0004,unknown function
Pharokka_Escherichia_phage_vB_EcoP_ZX5_CDS_0005,unknown function
Pharokka_Escherichia_phage_vB_EcoP_ZX5_CDS_0006,unknown function
Pharokka_Escherichia_phage_vB_EcoP_ZX5_CDS_0007,connector
Pharokka_Escherichia_phage_vB_EcoP_ZX5_CDS_0008,unknown function
Pharokka_Escherichia_phage_vB_EcoP_ZX5_CDS_0009,other
Pharokka_Escherichia_phage_vB_EcoP_ZX5_CDS_0010,head and packaging
Pharokka_Escherichia_phage_vB_EcoP_ZX5_CDS_0011,tail
Pharokka_Escherichia_phage_vB_EcoP_ZX5_CDS_0012,"DNA, RNA and nucleotide metabolism"
Pharokka_Escherichia_phage_vB_EcoP_ZX5_CDS_0013,unknown function
Pharokka_Escherichia_phage_vB_EcoP_ZX5_CDS_0014,tail
Pharokka_Escherichia_phage_vB_EcoP_ZX5_CDS_0015,tail
Pharokka_Escherichia_phage_vB_EcoP_ZX5_CDS_0016,head and packaging
Pharokka_Escherichia_phage_vB_EcoP_ZX5_CDS_0017,head and packaging
Pharokka_Escherichia_phage_vB_EcoP_ZX5_CDS_0018,head and packaging
Pharokka_Escherichia_phage_vB_EcoP_ZX5_CDS_0019,head and packaging
Pharokka_Escherichia_phage_vB_EcoP_ZX5_CDS_0020,head and packaging
Pharokka_Escherichia_phage_vB_EcoP_ZX5_CDS_0021,unknown function
Pharokka_Escherichia_phage_vB_EcoP_ZX5_CDS_0022,unknown function
Pharokka_Escherichia_phage_vB_EcoP_ZX5_CDS_0023,"moron, auxiliary metabolic gene and host takeover"
Pharokka_Escherichia_phage_vB_EcoP_ZX5_CDS_0024,"moron, auxiliary metabolic gene and host takeover"
Pharokka_Escherichia_phage_vB_EcoP_ZX5_CDS_0025,unknown function
Pharokka_Escherichia_phage_vB_EcoP_ZX5_CDS_0026,transcription regulation
Pharokka_Escherichia_phage_vB_EcoP_ZX5_CDS_0027,transcription regulation
Pharokka_Escherichia_phage_vB_EcoP_ZX5_CDS_0028,unknown function
Pharokka_Escherichia_phage_vB_EcoP_ZX5_CDS_0029,unknown function
Pharokka_Escherichia_phage_vB_EcoP_ZX5_CDS_0030,tail
Pharokka_Escherichia_phage_vB_EcoP_ZX5_CDS_0031,unknown function
Pharokka_Escherichia_phage_vB_EcoP_ZX5_CDS_0032,lysis
Pharokka_Escherichia_phage_vB_EcoP_ZX5_CDS_0033,unknown function
Pharokka_Escherichia_phage_vB_EcoP_ZX5_CDS_0034,lysis
Pharokka_Escherichia_phage_vB_EcoP_ZX5_CDS_0035,lysis
Pharokka_Escherichia_phage_vB_EcoP_ZX5_CDS_0036,unknown function
Pharokka_Escherichia_phage_vB_EcoP_ZX5_CDS_0037,integration and excision
Pharokka_Escherichia_phage_vB_EcoP_ZX5_CDS_0038,unknown function
Pharokka_Escherichia_phage_vB_EcoP_ZX5_CDS_0039,other
Pharokka_Escherichia_phage_vB_EcoP_ZX5_CDS_0040,transcription regulation
Pharokka_Escherichia_phage_vB_EcoP_ZX5_CDS_0041,"moron, auxiliary metabolic gene and host takeover"
Pharokka_Escherichia_phage_vB_EcoP_ZX5_CDS_0042,integration and excision
Pharokka_Escherichia_phage_vB_EcoP_ZX5_CDS_0043,"DNA, RNA and nucleotide metabolism"
Pharokka_Escherichia_phage_vB_EcoP_ZX5_CDS_0044,"DNA, RNA and nucleotide metabolism"
Pharokka_Escherichia_phage_vB_EcoP_ZX5_CDS_0045,unknown function
Pharokka_Escherichia_phage_vB_EcoP_ZX5_CDS_0046,unknown function
Pharokka_Escherichia_phage_vB_EcoP_ZX5_CDS_0047,unknown function
Pharokka_Escherichia_phage_vB_EcoP_ZX5_CDS_0048,transcription regulation
Pharokka_Escherichia_phage_vB_EcoP_ZX5_CDS_0049,unknown function
Pharokka_Escherichia_phage_vB_EcoP_ZX5_CDS_0050,unknown function
Pharokka_Escherichia_phage_vB_EcoP_ZX5_CDS_0051,unknown function
Pharokka_Escherichia_phage_vB_EcoP_ZX5_CDS_0052,"DNA, RNA and nucleotide metabolism"
Pharokka_Escherichia_phage_vB_EcoP_ZX5_CDS_0053,"DNA, RNA and nucleotide metabolism"
Pharokka_Escherichia_phage_vB_EcoP_ZX5_CDS_0054,"DNA, RNA and nucleotide metabolism"
Pharokka_Escherichia_phage_vB_EcoP_ZX5_CDS_0055,unknown function
Pharokka_Escherichia_phage_vB_EcoP_ZX5_CDS_0056,unknown function
Pharokka_Escherichia_phage_vB_EcoP_ZX5_CDS_0057,unknown function
Pharokka_Escherichia_phage_vB_EcoP_ZX5_CDS_0058,unknown function
Pharokka_Escherichia_phage_vB_EcoP_ZX5_CDS_0059,"DNA, RNA and nucleotide metabolism"
Pharokka_Escherichia_phage_vB_EcoP_ZX5_CDS_0060,unknown function
Pharokka_Escherichia_phage_vB_EcoP_ZX5_CDS_0061,transcription regulation
Pharokka_Escherichia_phage_vB_EcoP_ZX5_CDS_0062,unknown function
Pharokka_Escherichia_phage_vB_EcoP_ZX5_CDS_0063,head and packaging
Pharokka_8B-ECM1_2_CDS_0001,head and packaging
Pharokka_8B-ECM1_2_CDS_0002,head and packaging
Pharokka_8B-ECM1_2_CDS_0003,other
Pharokka_8B-ECM1_2_CDS_0004,head and packaging
Pharokka_8B-ECM1_2_CDS_0005,head and packaging
Pharokka_8B-ECM1_2_CDS_0006,head and packaging
Pharokka_8B-ECM1_2_CDS_0007,unknown function
Pharokka_8B-ECM1_2_CDS_0008,unknown function
Pharokka_8B-ECM1_2_CDS_0009,connector
Pharokka_8B-ECM1_2_CDS_0010,head and packaging
Pharokka_8B-ECM1_2_CDS_0011,connector
Pharokka_8B-ECM1_2_CDS_0012,tail
Pharokka_8B-ECM1_2_CDS_0013,head and packaging
Pharokka_8B-ECM1_2_CDS_0014,tail
Pharokka_8B-ECM1_2_CDS_0015,unknown function
Pharokka_8B-ECM1_2_CDS_0016,tail
Pharokka_8B-ECM1_2_CDS_0017,unknown function
Pharokka_8B-ECM1_2_CDS_0018,tail
Pharokka_8B-ECM1_2_CDS_0019,head and packaging
Pharokka_8B-ECM1_2_CDS_0020,tail
Pharokka_8B-ECM1_2_CDS_0021,tail
Pharokka_8B-ECM1_2_CDS_0022,tail
Pharokka_8B-ECM1_2_CDS_0023,tail
Pharokka_8B-ECM1_2_CDS_0024,tail
Pharokka_8B-ECM1_2_CDS_0025,tail
Pharokka_8B-ECM1_2_CDS_0026,tail
Pharokka_8B-ECM1_2_CDS_0027,"moron, auxiliary metabolic gene and host takeover"
Pharokka_8B-ECM1_2_CDS_0028,tail
Pharokka_8B-ECM1_2_CDS_0029,tail
Pharokka_8B-ECM1_2_CDS_0030,tail
Pharokka_8B-ECM1_2_CDS_0031,tail
Pharokka_8B-ECM1_2_CDS_0032,other
Pharokka_8B-ECM1_2_CDS_0033,"moron, auxiliary metabolic gene and host takeover"
Pharokka_8B-ECM1_2_CDS_0034,tail
Pharokka_8B-ECM1_2_CDS_0035,tail
Pharokka_8B-ECM1_2_CDS_0036,"DNA, RNA and nucleotide metabolism"
Pharokka_8B-ECM1_2_CDS_0037,unknown function
Pharokka_8B-ECM1_2_CDS_0038,"DNA, RNA and nucleotide metabolism"
Pharokka_8B-ECM1_2_CDS_0039,unknown function
Pharokka_8B-ECM1_2_CDS_0040,unknown function
Pharokka_8B-ECM1_2_CDS_0041,unknown function
Pharokka_8B-ECM1_2_CDS_0042,"DNA, RNA and nucleotide metabolism"
Pharokka_8B-ECM1_2_CDS_0043,"moron, auxiliary metabolic gene and host takeover"
Pharokka_8B-ECM1_2_CDS_0044,unknown function
Pharokka_8B-ECM1_2_CDS_0045,"DNA, RNA and nucleotide metabolism"
Pharokka_8B-ECM1_2_CDS_0046,unknown function
Pharokka_8B-ECM1_2_CDS_0047,"moron, auxiliary metabolic gene and host takeover"
Pharokka_8B-ECM1_2_CDS_0048,"moron, auxiliary metabolic gene and host takeover"
Pharokka_8B-ECM1_2_CDS_0049,"moron, auxiliary metabolic gene and host takeover"
Pharokka_8B-ECM1_2_CDS_0050,"moron, auxiliary metabolic gene and host takeover"
Pharokka_8B-ECM1_2_CDS_0051,unknown function
Pharokka_8B-ECM1_2_CDS_0052,unknown function
Pharokka_8B-ECM1_2_CDS_0053,unknown function
Pharokka_8B-ECM1_2_CDS_0054,lysis
Pharokka_8B-ECM1_2_CDS_0055,"DNA, RNA and nucleotide metabolism"
Pharokka_8B-ECM1_2_CDS_0056,unknown function
Pharokka_8B-ECM1_2_CDS_0057,unknown function
Pharokka_8B-ECM1_2_CDS_0058,"DNA, RNA and nucleotide metabolism"
Pharokka_8B-ECM1_2_CDS_0059,unknown function
Pharokka_8B-ECM1_2_CDS_0060,unknown function
Pharokka_8B-ECM1_2_CDS_0061,unknown function
Pharokka_8B-ECM1_2_CDS_0062,unknown function
Pharokka_8B-ECM1_2_CDS_0063,unknown function
Pharokka_8B-ECM1_2_CDS_0064,"moron, auxiliary metabolic gene and host takeover"
Pharokka_8B-ECM1_2_CDS_0065,"DNA, RNA and nucleotide metabolism"
Pharokka_8B-ECM1_2_CDS_0066,unknown function
Pharokka_8B-ECM1_2_CDS_0067,unknown function
Pharokka_8B-ECM1_2_CDS_0068,unknown function
Pharokka_8B-ECM1_2_CDS_0069,"moron, auxiliary metabolic gene and host takeover"
Pharokka_8B-ECM1_2_CDS_0070,unknown function
Pharokka_8B-ECM1_2_CDS_0071,other
Pharokka_8B-ECM1_2_CDS_0072,head and packaging
Pharokka_8B-ECM1_2_CDS_0073,other
Pharokka_8B-ECM1_2_CDS_0074,other
Pharokka_8B-ECM1_2_CDS_0075,unknown function
Pharokka_8B-ECM1_2_CDS_0076,"DNA, RNA and nucleotide metabolism"
Pharokka_8B-ECM1_2_CDS_0077,"moron, auxiliary metabolic gene and host takeover"
Pharokka_8B-ECM1_2_CDS_0078,"DNA, RNA and nucleotide metabolism"
Pharokka_8B-ECM1_2_CDS_0079,"DNA, RNA and nucleotide metabolism"
Pharokka_8B-ECM1_2_CDS_0080,unknown function
Pharokka_8B-ECM1_2_CDS_0081,"DNA, RNA and nucleotide metabolism"
Pharokka_8B-ECM1_2_CDS_0082,unknown function
Pharokka_8B-ECM1_2_CDS_0083,unknown function
Pharokka_8B-ECM1_2_CDS_0084,"DNA, RNA and nucleotide metabolism"
Pharokka_8B-ECM1_2_CDS_0085,unknown function
Pharokka_8B-ECM1_2_CDS_0086,unknown function
Pharokka_8B-ECM1_2_CDS_0087,unknown function
Pharokka_8B-ECM1_2_CDS_0088,unknown function
Pharokka_8B-ECM1_2_CDS_0089,unknown function
Pharokka_8B-ECM1_2_CDS_0090,unknown function
Pharokka_8B-ECM1_2_CDS_0091,unknown function
Pharokka_8B-ECM1_2_CDS_0092,unknown function
Pharokka_8B-ECM1_2_CDS_0093,unknown function
Pharokka_8B-ECM1_2_CDS_0094,unknown function
Pharokka_8B-ECM1_2_CDS_0095,unknown function
Pharokka_8B-ECM1_2_CDS_0096,unknown function
Pharokka_8B-ECM1_2_CDS_0097,unknown function
Pharokka_8B-ECM1_2_CDS_0098,unknown function
Pharokka_8B-ECM1_2_CDS_0099,unknown function
Pharokka_8B-ECM1_2_CDS_0100,unknown function
Pharokka_8B-ECM1_2_CDS_0101,unknown function
Pharokka_8B-ECM1_2_CDS_0102,unknown function
Pharokka_8B-ECM1_2_CDS_0103,unknown function
Pharokka_8B-ECM1_2_CDS_0104,unknown function
Pharokka_8B-ECM1_2_CDS_0105,unknown function
Pharokka_8B-ECM1_2_CDS_0106,unknown function
Pharokka_8B-ECM1_2_CDS_0107,unknown function
Pharokka_8B-ECM1_2_CDS_0108,other
Pharokka_8B-ECM1_2_CDS_0109,"DNA, RNA and nucleotide metabolism"
Pharokka_8B-ECM1_2_CDS_0110,unknown function
Pharokka_8B-ECM1_2_CDS_0111,unknown function
Pharokka_8B-ECM1_2_CDS_0112,other
Pharokka_8B-ECM1_2_CDS_0113,unknown function
Pharokka_8B-ECM1_2_CDS_0114,unknown function
Pharokka_8B-ECM1_2_CDS_0115,unknown function
Pharokka_8B-ECM1_2_CDS_0116,unknown function
Pharokka_8B-ECM1_2_CDS_0117,unknown function
Pharokka_8B-ECM1_2_CDS_0118,unknown function
Pharokka_8B-ECM1_2_CDS_0119,unknown function
Pharokka_8B-ECM1_2_CDS_0120,unknown function
Pharokka_8B-ECM1_2_CDS_0121,unknown function
Pharokka_8B-ECM1_2_CDS_0122,unknown function
Pharokka_8B-ECM1_2_CDS_0123,unknown function
Pharokka_8B-ECM1_2_CDS_0124,"DNA, RNA and nucleotide metabolism"
Pharokka_8B-ECM1_2_CDS_0125,unknown function
Pharokka_8B-ECM1_2_CDS_0126,unknown function
Pharokka_8B-ECM1_2_CDS_0127,unknown function
Pharokka_8B-ECM1_2_CDS_0128,unknown function
Pharokka_8B-ECM1_2_CDS_0129,unknown function
Pharokka_8B-ECM1_2_CDS_0130,unknown function
Pharokka_8B-ECM1_2_CDS_0131,unknown function
Pharokka_8B-ECM1_2_CDS_0132,other
Pharokka_8B-ECM1_2_CDS_0133,unknown function
Pharokka_8B-ECM1_2_CDS_0134,unknown function
Pharokka_8B-ECM1_2_CDS_0135,unknown function
Pharokka_8B-ECM1_2_CDS_0136,unknown function
Pharokka_8B-ECM1_2_CDS_0137,unknown function
Pharokka_8B-ECM1_2_CDS_0138,unknown function
Pharokka_8B-ECM1_2_CDS_0139,unknown function
Pharokka_8B-ECM1_2_CDS_0140,unknown function
Pharokka_8B-ECM1_2_CDS_0141,"moron, auxiliary metabolic gene and host takeover"
Pharokka_8B-ECM1_2_CDS_0142,unknown function
Pharokka_8B-ECM1_2_CDS_0143,unknown function
Pharokka_8B-ECM1_2_CDS_0144,unknown function
Pharokka_8B-ECM1_2_CDS_0145,unknown function
Pharokka_8B-ECM1_2_CDS_0146,unknown function
Pharokka_8B-ECM1_2_CDS_0147,unknown function
Pharokka_8B-ECM1_2_CDS_0148,unknown function
Pharokka_8B-ECM1_2_CDS_0149,unknown function
Pharokka_8B-ECM1_2_CDS_0150,unknown function
Pharokka_8B-ECM1_2_CDS_0151,unknown function
Pharokka_8B-ECM1_2_CDS_0152,unknown function
Pharokka_8B-ECM1_2_CDS_0153,unknown function
Pharokka_8B-ECM1_2_CDS_0154,unknown function
Pharokka_8B-ECM1_2_CDS_0155,unknown function
Pharokka_8B-ECM1_2_CDS_0156,unknown function
Pharokka_8B-ECM1_2_CDS_0157,unknown function
Pharokka_8B-ECM1_2_CDS_0158,unknown function
Pharokka_8B-ECM1_2_CDS_0159,unknown function
Pharokka_8B-ECM1_2_CDS_0160,unknown function
Pharokka_8B-ECM1_2_CDS_0161,unknown function
Pharokka_8B-ECM1_2_CDS_0162,unknown function
Pharokka_8B-ECM1_2_CDS_0163,unknown function
Pharokka_8B-ECM1_2_CDS_0164,unknown function
Pharokka_8B-ECM1_2_CDS_0165,unknown function
Pharokka_8B-ECM1_2_CDS_0166,unknown function
Pharokka_8B-ECM1_2_CDS_0167,unknown function
Pharokka_8B-ECM1_2_CDS_0168,unknown function
Pharokka_8B-ECM1_2_CDS_0169,unknown function
Pharokka_8B-ECM1_2_CDS_0170,unknown function
Pharokka_8B-ECM1_2_CDS_0171,unknown function
Pharokka_8B-ECM1_2_CDS_0172,unknown function
Pharokka_8B-ECM1_2_CDS_0173,unknown function
Pharokka_8B-ECM1_2_CDS_0174,unknown function
Pharokka_8B-ECM1_2_CDS_0175,unknown function
Pharokka_8B-ECM1_2_CDS_0176,unknown function
Pharokka_8B-ECM1_2_CDS_0177,unknown function
Pharokka_8B-ECM1_2_CDS_0178,unknown function
Pharokka_8B-ECM1_2_CDS_0179,unknown function
Pharokka_8B-ECM1_2_CDS_0180,unknown function
Pharokka_8B-ECM1_2_CDS_0181,unknown function
Pharokka_8B-ECM1_2_CDS_0182,unknown function
Pharokka_8B-ECM1_2_CDS_0183,unknown function
Pharokka_8B-ECM1_2_CDS_0184,unknown function
Pharokka_8B-ECM1_2_CDS_0185,unknown function
Pharokka_8B-ECM1_2_CDS_0186,unknown function
Pharokka_8B-ECM1_2_CDS_0187,unknown function
Pharokka_8B-ECM1_2_CDS_0188,unknown function
Pharokka_8B-ECM1_2_CDS_0189,unknown function
Pharokka_8B-ECM1_2_CDS_0190,unknown function
Pharokka_8B-ECM1_2_CDS_0191,unknown function
Pharokka_8B-ECM1_2_CDS_0192,unknown function
Pharokka_8B-ECM1_2_CDS_0193,unknown function
Pharokka_8B-ECM1_2_CDS_0194,unknown function
Pharokka_8B-ECM1_2_CDS_0195,unknown function
Pharokka_8B-ECM1_2_CDS_0196,"DNA, RNA and nucleotide metabolism"
Pharokka_8B-ECM1_2_CDS_0197,unknown function
Pharokka_8B-ECM1_2_CDS_0198,unknown function
Pharokka_8B-ECM1_2_CDS_0199,unknown function
Pharokka_8B-ECM1_2_CDS_0200,unknown function
Pharokka_8B-ECM1_2_CDS_0201,unknown function
Pharokka_8B-ECM1_2_CDS_0202,unknown function
Pharokka_8B-ECM1_2_CDS_0203,unknown function
Pharokka_8B-ECM1_2_CDS_0204,unknown function
Pharokka_8B-ECM1_2_CDS_0205,unknown function
Pharokka_8B-ECM1_2_CDS_0206,unknown function
Pharokka_8B-ECM1_2_CDS_0207,unknown function
Pharokka_8B-ECM1_2_CDS_0208,unknown function
Pharokka_8B-ECM1_2_CDS_0209,"DNA, RNA and nucleotide metabolism"
Pharokka_8B-ECM1_2_CDS_0210,unknown function
Pharokka_8B-ECM1_2_CDS_0211,unknown function
Pharokka_8B-ECM1_2_CDS_0212,unknown function
Pharokka_8B-ECM1_2_CDS_0213,unknown function
Pharokka_8B-ECM1_2_CDS_0214,unknown function
Pharokka_8B-ECM1_2_CDS_0215,unknown function
Pharokka_8B-ECM1_2_CDS_0216,unknown function
Pharokka_8B-ECM1_2_CDS_0217,unknown function
Pharokka_8B-ECM1_2_CDS_0218,unknown function
Pharokka_8B-ECM1_2_CDS_0219,"DNA, RNA and nucleotide metabolism"
Pharokka_8B-ECM1_2_CDS_0220,unknown function
Pharokka_8B-ECM1_2_CDS_0221,unknown function
Pharokka_8B-ECM1_2_CDS_0222,other
Pharokka_8B-ECM1_2_CDS_0223,unknown function
Pharokka_8B-ECM1_2_CDS_0224,unknown function
Pharokka_8B-ECM1_2_CDS_0225,unknown function
Pharokka_8B-ECM1_2_CDS_0226,unknown function
Pharokka_8B-ECM1_2_CDS_0227,unknown function
Pharokka_8B-ECM1_2_CDS_0228,unknown function
Pharokka_8B-ECM1_2_CDS_0229,unknown function
Pharokka_8B-ECM1_2_CDS_0230,unknown function
Pharokka_8B-ECM1_2_CDS_0231,"DNA, RNA and nucleotide metabolism"
Pharokka_8B-ECM1_2_CDS_0232,unknown function
Pharokka_8B-ECM1_2_CDS_0233,other
Pharokka_8B-ECM1_2_CDS_0234,unknown function
Pharokka_8B-ECM1_2_CDS_0235,"DNA, RNA and nucleotide metabolism"
Pharokka_8B-ECM1_2_CDS_0236,unknown function
Pharokka_8B-ECM1_2_CDS_0237,unknown function
Pharokka_8B-ECM1_2_CDS_0238,unknown function
Pharokka_8B-ECM1_2_CDS_0239,other
Pharokka_8B-ECM1_2_CDS_0240,unknown function
Pharokka_8B-ECM1_2_CDS_0241,other
Pharokka_8B-ECM1_2_CDS_0242,unknown function
Pharokka_8B-ECM1_2_CDS_0243,other
Pharokka_8B-ECM1_2_CDS_0244,lysis
Pharokka_8B-ECM1_2_CDS_0245,unknown function
Pharokka_8B-ECM1_2_CDS_0246,"DNA, RNA and nucleotide metabolism"
Pharokka_8B-ECM1_2_CDS_0247,"DNA, RNA and nucleotide metabolism"
Pharokka_8B-ECM1_2_CDS_0248,"moron, auxiliary metabolic gene and host takeover"
Pharokka_8B-ECM1_2_CDS_0249,"moron, auxiliary metabolic gene and host takeover"
Pharokka_8B-ECM1_2_CDS_0250,"DNA, RNA and nucleotide metabolism"
Pharokka_8B-ECM1_2_CDS_0251,unknown function
Pharokka_8B-ECM1_2_CDS_0252,unknown function
Pharokka_8B-ECM1_2_CDS_0253,unknown function
Pharokka_8B-ECM1_2_CDS_0254,unknown function
Pharokka_8B-ECM1_2_CDS_0255,"DNA, RNA and nucleotide metabolism"
Pharokka_8B-ECM1_2_CDS_0256,"DNA, RNA and nucleotide metabolism"
Pharokka_8B-ECM1_2_CDS_0257,unknown function
Pharokka_8B-ECM1_2_CDS_0258,unknown function
Pharokka_8B-ECM1_2_CDS_0259,"DNA, RNA and nucleotide metabolism"
Pharokka_8B-ECM1_2_CDS_0260,unknown function
Pharokka_8B-ECM1_2_CDS_0261,"DNA, RNA and nucleotide metabolism"
Pharokka_8B-ECM1_2_CDS_0262,unknown function
Pharokka_8B-ECM1_2_CDS_0263,other
Pharokka_8B-ECM1_2_CDS_0264,unknown function
Pharokka_8B-ECM1_2_CDS_0265,"DNA, RNA and nucleotide metabolism"
Pharokka_8B-ECM1_2_CDS_0266,"DNA, RNA and nucleotide metabolism"
Pharokka_8B-ECM1_2_CDS_0267,unknown function
Pharokka_8B-ECM1_2_CDS_0268,unknown function
Pharokka_8B-ECM1_2_CDS_0269,unknown function
Pharokka_8B-ECM1_2_CDS_0270,"DNA, RNA and nucleotide metabolism"
Pharokka_8B-ECM1_2_CDS_0271,"DNA, RNA and nucleotide metabolism"
Pharokka_8B-ECM1_2_CDS_0272,other
Pharokka_8B-ECM1_2_CDS_0273,unknown function
Pharokka_8B-ECM1_2_CDS_0274,"DNA, RNA and nucleotide metabolism"
Pharokka_8B-ECM1_2_CDS_0275,unknown function
Pharokka_8B-ECM1_2_CDS_0276,unknown function
Pharokka_8B-ECM1_2_CDS_0277,other
Pharokka_8B-ECM1_2_CDS_0278,other
Pharokka_8B-ECM1_2_CDS_0279,tail
Pharokka_8B-ECM1_2_CDS_0280,other
Pharokka_8B-ECM1_2_CDS_0281,unknown function
Pharokka_8B-ECM1_2_CDS_0282,unknown function
Pharokka_8B-ECM1_2_CDS_0283,other
Pharokka_8B-ECM1_2_CDS_0284,unknown function
Pharokka_8B-ECM1_2_CDS_0285,unknown function
Pharokka_8B-ECM1_2_CDS_0286,unknown function
Pharokka_8B-ECM1_2_CDS_0287,unknown function
Pharokka_8B-ECM1_2_CDS_0288,unknown function
Pharokka_8B-ECM1_2_CDS_0289,unknown function
Pharokka_8B-ECM1_2_CDS_0290,unknown function
Pharokka_8B-ECM1_2_CDS_0291,unknown function
Pharokka_8B-ECM1_2_CDS_0292,unknown function
Pharokka_8B-ECM1_2_CDS_0293,unknown function
Pharokka_8B-ECM1_2_CDS_0294,unknown function
Pharokka_8B-ECM1_2_CDS_0295,unknown function
Pharokka_8B-ECM1_2_CDS_0296,unknown function
Pharokka_8B-ECM1_2_CDS_0297,unknown function
Pharokka_8B-ECM1_2_CDS_0298,other
Pharokka_8B-ECM1_2_CDS_0299,unknown function
Pharokka_8B-ECM1_2_CDS_0300,"DNA, RNA and nucleotide metabolism"
Pharokka_8B-ECM1_2_CDS_0301,unknown function
Pharokka_8B-ECM1_2_CDS_0302,lysis
Pharokka_8B-ECM1_2_CDS_0303,unknown function
Pharokka_8B-ECM1_2_CDS_0304,unknown function
Pharokka_8B-ECM1_2_CDS_0305,"moron, auxiliary metabolic gene and host takeover"
Pharokka_8B-ECM1_2_CDS_0306,lysis
Pharokka_SW3A_ECM1_CDS_0001,head and packaging
Pharokka_SW3A_ECM1_CDS_0002,unknown function
Pharokka_SW3A_ECM1_CDS_0003,head and packaging
Pharokka_SW3A_ECM1_CDS_0004,other
Pharokka_SW3A_ECM1_CDS_0005,unknown function
Pharokka_SW3A_ECM1_CDS_0006,head and packaging
Pharokka_SW3A_ECM1_CDS_0007,head and packaging
Pharokka_SW3A_ECM1_CDS_0008,unknown function
Pharokka_SW3A_ECM1_CDS_0009,unknown function
Pharokka_SW3A_ECM1_CDS_0010,unknown function
Pharokka_SW3A_ECM1_CDS_0011,connector
Pharokka_SW3A_ECM1_CDS_0012,head and packaging
Pharokka_SW3A_ECM1_CDS_0013,connector
Pharokka_SW3A_ECM1_CDS_0014,tail
Pharokka_SW3A_ECM1_CDS_0015,head and packaging
Pharokka_SW3A_ECM1_CDS_0016,tail
Pharokka_SW3A_ECM1_CDS_0017,unknown function
Pharokka_SW3A_ECM1_CDS_0018,unknown function
Pharokka_SW3A_ECM1_CDS_0019,tail
Pharokka_SW3A_ECM1_CDS_0020,tail
Pharokka_SW3A_ECM1_CDS_0021,head and packaging
Pharokka_SW3A_ECM1_CDS_0022,tail
Pharokka_SW3A_ECM1_CDS_0023,tail
Pharokka_SW3A_ECM1_CDS_0024,tail
Pharokka_SW3A_ECM1_CDS_0025,tail
Pharokka_SW3A_ECM1_CDS_0026,tail
Pharokka_SW3A_ECM1_CDS_0027,tail
Pharokka_SW3A_ECM1_CDS_0028,unknown function
Pharokka_SW3A_ECM1_CDS_0029,tail
Pharokka_SW3A_ECM1_CDS_0030,tail
Pharokka_SW3A_ECM1_CDS_0031,head and packaging
Pharokka_SW3A_ECM1_CDS_0032,tail
Pharokka_SW3A_ECM1_CDS_0033,unknown function
Pharokka_SW3A_ECM1_CDS_0034,tail
Pharokka_SW3A_ECM1_CDS_0035,tail
Pharokka_SW3A_ECM1_CDS_0036,tail
Pharokka_SW3A_ECM1_CDS_0037,tail
Pharokka_SW3A_ECM1_CDS_0038,tail
Pharokka_SW3A_ECM1_CDS_0039,unknown function
Pharokka_SW3A_ECM1_CDS_0040,tail
Pharokka_SW3A_ECM1_CDS_0041,"moron, auxiliary metabolic gene and host takeover"
Pharokka_SW3A_ECM1_CDS_0042,tail
Pharokka_SW3A_ECM1_CDS_0043,head and packaging
Pharokka_SW3A_ECM1_CDS_0044,unknown function
Pharokka_SW3A_ECM1_CDS_0045,unknown function
Pharokka_SW3A_ECM1_CDS_0046,unknown function
Pharokka_SW3A_ECM1_CDS_0047,unknown function
Pharokka_SW3A_ECM1_CDS_0048,head and packaging
Pharokka_SW3A_ECM1_CDS_0049,unknown function
Pharokka_SW3A_ECM1_CDS_0050,unknown function
Pharokka_SW3A_ECM1_CDS_0051,unknown function
Pharokka_SW3A_ECM1_CDS_0052,tail
Pharokka_SW3A_ECM1_CDS_0053,unknown function
Pharokka_SW3A_ECM1_CDS_0054,unknown function
Pharokka_SW3A_ECM1_CDS_0055,unknown function
Pharokka_SW3A_ECM1_CDS_0056,unknown function
Pharokka_SW3A_ECM1_CDS_0057,"DNA, RNA and nucleotide metabolism"
Pharokka_SW3A_ECM1_CDS_0058,"DNA, RNA and nucleotide metabolism"
Pharokka_SW3A_ECM1_CDS_0059,unknown function
Pharokka_SW3A_ECM1_CDS_0060,unknown function
Pharokka_SW3A_ECM1_CDS_0061,unknown function
Pharokka_SW3A_ECM1_CDS_0062,unknown function
Pharokka_SW3A_ECM1_CDS_0063,unknown function
Pharokka_SW3A_ECM1_CDS_0064,other
Pharokka_SW3A_ECM1_CDS_0065,other
Pharokka_SW3A_ECM1_CDS_0066,unknown function
Pharokka_SW3A_ECM1_CDS_0067,unknown function
Pharokka_SW3A_ECM1_CDS_0068,lysis
Pharokka_SW3A_ECM1_CDS_0069,lysis
Pharokka_SW3A_ECM1_CDS_0070,lysis
Pharokka_SW3A_ECM1_CDS_0071,"DNA, RNA and nucleotide metabolism"
Pharokka_SW3A_ECM1_CDS_0072,unknown function
Pharokka_SW3A_ECM1_CDS_0073,other
Pharokka_SW3A_ECM1_CDS_0074,unknown function
Pharokka_SW3A_ECM1_CDS_0075,"DNA, RNA and nucleotide metabolism"
Pharokka_SW3A_ECM1_CDS_0076,unknown function
Pharokka_SW3A_ECM1_CDS_0077,other
Pharokka_SW3A_ECM1_CDS_0078,"DNA, RNA and nucleotide metabolism"
Pharokka_SW3A_ECM1_CDS_0079,"DNA, RNA and nucleotide metabolism"
Pharokka_SW3A_ECM1_CDS_0080,unknown function
Pharokka_SW3A_ECM1_CDS_0081,unknown function
Pharokka_SW3A_ECM1_CDS_0082,unknown function
Pharokka_SW3A_ECM1_CDS_0083,unknown function
Pharokka_SW3A_ECM1_CDS_0084,unknown function
Pharokka_SW3A_ECM1_CDS_0085,unknown function
Pharokka_SW3A_ECM1_CDS_0086,unknown function
Pharokka_SW3A_ECM1_CDS_0087,unknown function
Pharokka_SW3A_ECM1_CDS_0088,unknown function
Pharokka_SW3A_ECM1_CDS_0089,unknown function
Pharokka_SW3A_ECM1_CDS_0090,"DNA, RNA and nucleotide metabolism"
Pharokka_SW3A_ECM1_CDS_0091,unknown function
Pharokka_SW3A_ECM1_CDS_0092,unknown function
Pharokka_SW3A_ECM1_CDS_0093,unknown function
Pharokka_SW3A_ECM1_CDS_0094,unknown function
Pharokka_SW3A_ECM1_CDS_0095,other
Pharokka_SW3A_ECM1_CDS_0096,unknown function
Pharokka_SW3A_ECM1_CDS_0097,unknown function
Pharokka_SW3A_ECM1_CDS_0098,unknown function
Pharokka_SW3A_ECM1_CDS_0099,unknown function
Pharokka_SW3A_ECM1_CDS_0100,unknown function
Pharokka_SW3A_ECM1_CDS_0101,"DNA, RNA and nucleotide metabolism"
Pharokka_SW3A_ECM1_CDS_0102,unknown function
Pharokka_SW3A_ECM1_CDS_0103,unknown function
Pharokka_SW3A_ECM1_CDS_0104,unknown function
Pharokka_SW3A_ECM1_CDS_0105,unknown function
Pharokka_SW3A_ECM1_CDS_0106,unknown function
Pharokka_SW3A_ECM1_CDS_0107,unknown function
Pharokka_SW3A_ECM1_CDS_0108,unknown function
Pharokka_SW3A_ECM1_CDS_0109,unknown function
Pharokka_SW3A_ECM1_CDS_0110,unknown function
Pharokka_SW3A_ECM1_CDS_0111,unknown function
Pharokka_SW3A_ECM1_CDS_0112,unknown function
Pharokka_SW3A_ECM1_CDS_0113,unknown function
Pharokka_SW3A_ECM1_CDS_0114,unknown function
Pharokka_SW3A_ECM1_CDS_0115,unknown function
Pharokka_SW3A_ECM1_CDS_0116,unknown function
Pharokka_SW3A_ECM1_CDS_0117,unknown function
Pharokka_SW3A_ECM1_CDS_0118,unknown function
Pharokka_SW3A_ECM1_CDS_0119,unknown function
Pharokka_SW3A_ECM1_CDS_0120,unknown function
Pharokka_SW3A_ECM1_CDS_0121,unknown function
Pharokka_SW3A_ECM1_CDS_0122,unknown function
Pharokka_SW3A_ECM1_CDS_0123,unknown function
Pharokka_SW3A_ECM1_CDS_0124,unknown function
Pharokka_SW3A_ECM1_CDS_0125,unknown function
Pharokka_SW3A_ECM1_CDS_0126,unknown function
Pharokka_SW3A_ECM1_CDS_0127,unknown function
Pharokka_SW3A_ECM1_CDS_0128,head and packaging
Pharokka_SW3A_ECM1_CDS_0129,unknown function
Pharokka_SW3A_ECM1_CDS_0130,unknown function
Pharokka_SW3A_ECM1_CDS_0131,unknown function
Pharokka_SW3A_ECM1_CDS_0132,unknown function
Pharokka_SW3A_ECM1_CDS_0133,unknown function
Pharokka_SW3A_ECM1_CDS_0134,unknown function
Pharokka_SW3A_ECM1_CDS_0135,unknown function
Pharokka_SW3A_ECM1_CDS_0136,unknown function
Pharokka_SW3A_ECM1_CDS_0137,unknown function
Pharokka_SW3A_ECM1_CDS_0138,unknown function
Pharokka_SW3A_ECM1_CDS_0139,unknown function
Pharokka_SW3A_ECM1_CDS_0140,unknown function
Pharokka_SW3A_ECM1_CDS_0141,unknown function
Pharokka_SW3A_ECM1_CDS_0142,unknown function
Pharokka_SW3A_ECM1_CDS_0143,unknown function
Pharokka_SW3A_ECM1_CDS_0144,unknown function
Pharokka_SW3A_ECM1_CDS_0145,unknown function
Pharokka_SW3A_ECM1_CDS_0146,unknown function
Pharokka_SW3A_ECM1_CDS_0147,unknown function
Pharokka_SW3A_ECM1_CDS_0148,unknown function
Pharokka_SW3A_ECM1_CDS_0149,unknown function
Pharokka_SW3A_ECM1_CDS_0150,tail
Pharokka_SW3A_ECM1_CDS_0151,unknown function
Pharokka_SW3A_ECM1_CDS_0152,unknown function
Pharokka_SW3A_ECM1_CDS_0153,unknown function
Pharokka_SW3A_ECM1_CDS_0154,unknown function
Pharokka_SW3A_ECM1_CDS_0155,unknown function
Pharokka_SW3A_ECM1_CDS_0156,unknown function
Pharokka_SW3A_ECM1_CDS_0157,tail
Pharokka_SW3A_ECM1_CDS_0158,unknown function
Pharokka_SW3A_ECM1_CDS_0159,unknown function
Pharokka_SW3A_ECM1_CDS_0160,unknown function
Pharokka_SW3A_ECM1_CDS_0161,transcription regulation
Pharokka_SW3A_ECM1_CDS_0162,unknown function
Pharokka_SW3A_ECM1_CDS_0163,unknown function
Pharokka_SW3A_ECM1_CDS_0164,unknown function
Pharokka_SW3A_ECM1_CDS_0165,unknown function
Pharokka_SW3A_ECM1_CDS_0166,unknown function
Pharokka_SW3A_ECM1_CDS_0167,unknown function
Pharokka_SW3A_ECM1_CDS_0168,unknown function
Pharokka_SW3A_ECM1_CDS_0169,unknown function
Pharokka_SW3A_ECM1_CDS_0170,unknown function
Pharokka_SW3A_ECM1_CDS_0171,unknown function
Pharokka_SW3A_ECM1_CDS_0172,unknown function
Pharokka_SW3A_ECM1_CDS_0173,unknown function
Pharokka_SW3A_ECM1_CDS_0174,other
Pharokka_SW3A_ECM1_CDS_0175,unknown function
Pharokka_SW3A_ECM1_CDS_0176,unknown function
Pharokka_SW3A_ECM1_CDS_0177,unknown function
Pharokka_SW3A_ECM1_CDS_0178,unknown function
Pharokka_SW3A_ECM1_CDS_0179,unknown function
Pharokka_SW3A_ECM1_CDS_0180,unknown function
Pharokka_SW3A_ECM1_CDS_0181,unknown function
Pharokka_SW3A_ECM1_CDS_0182,unknown function
Pharokka_SW3A_ECM1_CDS_0183,unknown function
Pharokka_SW3A_ECM1_CDS_0184,unknown function
Pharokka_SW3A_ECM1_CDS_0185,unknown function
Pharokka_SW3A_ECM1_CDS_0186,head and packaging
Pharokka_SW3A_ECM1_CDS_0187,unknown function
Pharokka_SW3A_ECM1_CDS_0188,unknown function
Pharokka_SW3A_ECM1_CDS_0189,unknown function
Pharokka_SW3A_ECM1_CDS_0190,unknown function
Pharokka_SW3A_ECM1_CDS_0191,unknown function
Pharokka_SW3A_ECM1_CDS_0192,unknown function
Pharokka_SW3A_ECM1_CDS_0193,unknown function
Pharokka_SW3A_ECM1_CDS_0194,unknown function
Pharokka_SW3A_ECM1_CDS_0195,unknown function
Pharokka_SW3A_ECM1_CDS_0196,other
Pharokka_SW3A_ECM1_CDS_0197,other
Pharokka_SW3A_ECM1_CDS_0198,connector
Pharokka_SW3A_ECM1_CDS_0199,other
Pharokka_SW3A_ECM1_CDS_0200,unknown function
Pharokka_SW3A_ECM1_CDS_0201,unknown function
Pharokka_SW3A_ECM1_CDS_0202,"DNA, RNA and nucleotide metabolism"
Pharokka_SW3A_ECM1_CDS_0203,"DNA, RNA and nucleotide metabolism"
Pharokka_SW3A_ECM1_CDS_0204,"moron, auxiliary metabolic gene and host takeover"
Pharokka_SW3A_ECM1_CDS_0205,"DNA, RNA and nucleotide metabolism"
Pharokka_SW3A_ECM1_CDS_0206,"DNA, RNA and nucleotide metabolism"
Pharokka_SW3A_ECM1_CDS_0207,"DNA, RNA and nucleotide metabolism"
Pharokka_SW3A_ECM1_CDS_0208,unknown function
Pharokka_SW3A_ECM1_CDS_0209,unknown function
Pharokka_SW3A_ECM1_CDS_0210,unknown function
Pharokka_SW3A_ECM1_CDS_0211,"DNA, RNA and nucleotide metabolism"
Pharokka_SW3A_ECM1_CDS_0212,unknown function
Pharokka_SW3A_ECM1_CDS_0213,unknown function
Pharokka_SW3A_ECM1_CDS_0214,other
Pharokka_SW3A_ECM1_CDS_0215,unknown function
Pharokka_SW3A_ECM1_CDS_0216,unknown function
Pharokka_SW3A_ECM1_CDS_0217,"moron, auxiliary metabolic gene and host takeover"
Pharokka_SW3A_ECM1_CDS_0218,"DNA, RNA and nucleotide metabolism"
Pharokka_SW3A_ECM1_CDS_0219,"DNA, RNA and nucleotide metabolism"
Pharokka_SW3A_ECM1_CDS_0220,"DNA, RNA and nucleotide metabolism"
Pharokka_SW3A_ECM1_CDS_0221,"DNA, RNA and nucleotide metabolism"
Pharokka_SW3A_ECM1_CDS_0222,unknown function
Pharokka_SW3A_ECM1_CDS_0223,"DNA, RNA and nucleotide metabolism"
Pharokka_SW3A_ECM1_CDS_0224,integration and excision
Pharokka_SW3A_ECM1_CDS_0225,unknown function
Pharokka_SW3A_ECM1_CDS_0226,"DNA, RNA and nucleotide metabolism"
Pharokka_SW3A_ECM1_CDS_0227,unknown function
Pharokka_SW3A_ECM1_CDS_0228,lysis
Pharokka_SW3A_ECM1_CDS_0229,"DNA, RNA and nucleotide metabolism"
Pharokka_SW3A_ECM1_CDS_0230,unknown function
Pharokka_SW3A_ECM1_CDS_0231,unknown function
Pharokka_SW3A_ECM1_CDS_0232,other
Pharokka_SW3A_ECM1_CDS_0233,"DNA, RNA and nucleotide metabolism"
Pharokka_SW3A_ECM1_CDS_0234,other
Pharokka_SW3A_ECM1_CDS_0235,tail
Pharokka_SW3A_ECM1_CDS_0236,other
Pharokka_SW3A_ECM1_CDS_0237,other
Pharokka_SW3A_ECM1_CDS_0238,"DNA, RNA and nucleotide metabolism"
Pharokka_SW3A_ECM1_CDS_0239,unknown function
Pharokka_SW3A_ECM1_CDS_0240,unknown function
Pharokka_SW3A_ECM1_CDS_0241,unknown function
Pharokka_SW3A_ECM1_CDS_0242,unknown function
Pharokka_SW3A_ECM1_CDS_0243,unknown function
Pharokka_SW3A_ECM1_CDS_0244,unknown function
Pharokka_SW3A_ECM1_CDS_0245,unknown function
Pharokka_SW3A_ECM1_CDS_0246,tail
Pharokka_SW3A_ECM1_CDS_0247,unknown function
Pharokka_SW3A_ECM1_CDS_0248,unknown function
Pharokka_SW3A_ECM1_CDS_0249,lysis
Pharokka_SW3A_ECM1_CDS_0250,lysis
Pharokka_SW3A_ECM1_CDS_0251,head and packaging
Pharokka_SW3A_ECM1_CDS_0252,"DNA, RNA and nucleotide metabolism"
Pharokka_Serratia_phage_vB_SmaP-Kaonashi_CDS_0001,head and packaging
Pharokka_Serratia_phage_vB_SmaP-Kaonashi_CDS_0002,tail
Pharokka_Serratia_phage_vB_SmaP-Kaonashi_CDS_0003,lysis
Pharokka_Serratia_phage_vB_SmaP-Kaonashi_CDS_0004,unknown function
Pharokka_Serratia_phage_vB_SmaP-Kaonashi_CDS_0005,unknown function
Pharokka_Serratia_phage_vB_SmaP-Kaonashi_CDS_0006,unknown function
Pharokka_Serratia_phage_vB_SmaP-Kaonashi_CDS_0007,unknown function
Pharokka_Serratia_phage_vB_SmaP-Kaonashi_CDS_0008,unknown function
Pharokka_Serratia_phage_vB_SmaP-Kaonashi_CDS_0009,unknown function
Pharokka_Serratia_phage_vB_SmaP-Kaonashi_CDS_0010,unknown function
Pharokka_Serratia_phage_vB_SmaP-Kaonashi_CDS_0011,unknown function
Pharokka_Serratia_phage_vB_SmaP-Kaonashi_CDS_0012,unknown function
Pharokka_Serratia_phage_vB_SmaP-Kaonashi_CDS_0013,"DNA, RNA and nucleotide metabolism"
Pharokka_Serratia_phage_vB_SmaP-Kaonashi_CDS_0014,unknown function
Pharokka_Serratia_phage_vB_SmaP-Kaonashi_CDS_0015,unknown function
Pharokka_Serratia_phage_vB_SmaP-Kaonashi_CDS_0016,unknown function
Pharokka_Serratia_phage_vB_SmaP-Kaonashi_CDS_0017,unknown function
Pharokka_Serratia_phage_vB_SmaP-Kaonashi_CDS_0018,unknown function
Pharokka_Serratia_phage_vB_SmaP-Kaonashi_CDS_0019,unknown function
Pharokka_Serratia_phage_vB_SmaP-Kaonashi_CDS_0020,other
Pharokka_Serratia_phage_vB_SmaP-Kaonashi_CDS_0021,unknown function
Pharokka_Serratia_phage_vB_SmaP-Kaonashi_CDS_0022,unknown function
Pharokka_Serratia_phage_vB_SmaP-Kaonashi_CDS_0023,"moron, auxiliary metabolic gene and host takeover"
Pharokka_Serratia_phage_vB_SmaP-Kaonashi_CDS_0024,unknown function
Pharokka_Serratia_phage_vB_SmaP-Kaonashi_CDS_0025,unknown function
Pharokka_Serratia_phage_vB_SmaP-Kaonashi_CDS_0026,unknown function
Pharokka_Serratia_phage_vB_SmaP-Kaonashi_CDS_0027,"DNA, RNA and nucleotide metabolism"
Pharokka_Serratia_phage_vB_SmaP-Kaonashi_CDS_0028,"DNA, RNA and nucleotide metabolism"
Pharokka_Serratia_phage_vB_SmaP-Kaonashi_CDS_0029,unknown function
Pharokka_Serratia_phage_vB_SmaP-Kaonashi_CDS_0030,unknown function
Pharokka_Serratia_phage_vB_SmaP-Kaonashi_CDS_0031,"DNA, RNA and nucleotide metabolism"
Pharokka_Serratia_phage_vB_SmaP-Kaonashi_CDS_0032,"DNA, RNA and nucleotide metabolism"
Pharokka_Serratia_phage_vB_SmaP-Kaonashi_CDS_0033,"DNA, RNA and nucleotide metabolism"
Pharokka_Serratia_phage_vB_SmaP-Kaonashi_CDS_0034,"DNA, RNA and nucleotide metabolism"
Pharokka_Serratia_phage_vB_SmaP-Kaonashi_CDS_0035,unknown function
Pharokka_Serratia_phage_vB_SmaP-Kaonashi_CDS_0036,"DNA, RNA and nucleotide metabolism"
Pharokka_Serratia_phage_vB_SmaP-Kaonashi_CDS_0037,other
Pharokka_Serratia_phage_vB_SmaP-Kaonashi_CDS_0038,unknown function
Pharokka_Serratia_phage_vB_SmaP-Kaonashi_CDS_0039,unknown function
Pharokka_Serratia_phage_vB_SmaP-Kaonashi_CDS_0040,other
Pharokka_Serratia_phage_vB_SmaP-Kaonashi_CDS_0041,"DNA, RNA and nucleotide metabolism"
Pharokka_Serratia_phage_vB_SmaP-Kaonashi_CDS_0042,unknown function
Pharokka_Serratia_phage_vB_SmaP-Kaonashi_CDS_0043,unknown function
Pharokka_Serratia_phage_vB_SmaP-Kaonashi_CDS_0044,"moron, auxiliary metabolic gene and host takeover"
Pharokka_Serratia_phage_vB_SmaP-Kaonashi_CDS_0045,unknown function
Pharokka_Serratia_phage_vB_SmaP-Kaonashi_CDS_0046,connector
Pharokka_Serratia_phage_vB_SmaP-Kaonashi_CDS_0047,head and packaging
Pharokka_Serratia_phage_vB_SmaP-Kaonashi_CDS_0048,head and packaging
Pharokka_Serratia_phage_vB_SmaP-Kaonashi_CDS_0049,tail
Pharokka_Serratia_phage_vB_SmaP-Kaonashi_CDS_0050,tail
Pharokka_Serratia_phage_vB_SmaP-Kaonashi_CDS_0051,head and packaging
Pharokka_Serratia_phage_vB_SmaP-Kaonashi_CDS_0052,head and packaging
Pharokka_Serratia_phage_vB_SmaP-Kaonashi_CDS_0053,head and packaging
Pharokka_Serratia_phage_vB_SmaP-Kaonashi_CDS_0054,tail
Pharokka_Serratia_phage_vB_SmaP-Kaonashi_CDS_0055,tail
Pharokka_Serratia_phage_vB_SmaP-Kaonashi_CDS_0056,lysis
Pharokka_Serratia_phage_vB_SmaP-Kaonashi_CDS_0057,head and packaging
Pharokka_7B_EC78_CDS_0001,head and packaging
Pharokka_7B_EC78_CDS_0002,head and packaging
Pharokka_7B_EC78_CDS_0003,other
Pharokka_7B_EC78_CDS_0004,head and packaging
Pharokka_7B_EC78_CDS_0005,head and packaging
Pharokka_7B_EC78_CDS_0006,head and packaging
Pharokka_7B_EC78_CDS_0007,unknown function
Pharokka_7B_EC78_CDS_0008,unknown function
Pharokka_7B_EC78_CDS_0009,connector
Pharokka_7B_EC78_CDS_0010,head and packaging
Pharokka_7B_EC78_CDS_0011,connector
Pharokka_7B_EC78_CDS_0012,tail
Pharokka_7B_EC78_CDS_0013,head and packaging
Pharokka_7B_EC78_CDS_0014,tail
Pharokka_7B_EC78_CDS_0015,unknown function
Pharokka_7B_EC78_CDS_0016,tail
Pharokka_7B_EC78_CDS_0017,unknown function
Pharokka_7B_EC78_CDS_0018,tail
Pharokka_7B_EC78_CDS_0019,head and packaging
Pharokka_7B_EC78_CDS_0020,tail
Pharokka_7B_EC78_CDS_0021,tail
Pharokka_7B_EC78_CDS_0022,tail
Pharokka_7B_EC78_CDS_0023,tail
Pharokka_7B_EC78_CDS_0024,tail
Pharokka_7B_EC78_CDS_0025,tail
Pharokka_7B_EC78_CDS_0026,tail
Pharokka_7B_EC78_CDS_0027,"moron, auxiliary metabolic gene and host takeover"
Pharokka_7B_EC78_CDS_0028,tail
Pharokka_7B_EC78_CDS_0029,tail
Pharokka_7B_EC78_CDS_0030,tail
Pharokka_7B_EC78_CDS_0031,tail
Pharokka_7B_EC78_CDS_0032,other
Pharokka_7B_EC78_CDS_0033,"moron, auxiliary metabolic gene and host takeover"
Pharokka_7B_EC78_CDS_0034,tail
Pharokka_7B_EC78_CDS_0035,tail
Pharokka_7B_EC78_CDS_0036,"DNA, RNA and nucleotide metabolism"
Pharokka_7B_EC78_CDS_0037,unknown function
Pharokka_7B_EC78_CDS_0038,"DNA, RNA and nucleotide metabolism"
Pharokka_7B_EC78_CDS_0039,unknown function
Pharokka_7B_EC78_CDS_0040,unknown function
Pharokka_7B_EC78_CDS_0041,unknown function
Pharokka_7B_EC78_CDS_0042,"DNA, RNA and nucleotide metabolism"
Pharokka_7B_EC78_CDS_0043,"moron, auxiliary metabolic gene and host takeover"
Pharokka_7B_EC78_CDS_0044,unknown function
Pharokka_7B_EC78_CDS_0045,"DNA, RNA and nucleotide metabolism"
Pharokka_7B_EC78_CDS_0046,unknown function
Pharokka_7B_EC78_CDS_0047,"moron, auxiliary metabolic gene and host takeover"
Pharokka_7B_EC78_CDS_0048,"moron, auxiliary metabolic gene and host takeover"
Pharokka_7B_EC78_CDS_0049,"moron, auxiliary metabolic gene and host takeover"
Pharokka_7B_EC78_CDS_0050,"moron, auxiliary metabolic gene and host takeover"
Pharokka_7B_EC78_CDS_0051,unknown function
Pharokka_7B_EC78_CDS_0052,unknown function
Pharokka_7B_EC78_CDS_0053,unknown function
Pharokka_7B_EC78_CDS_0054,lysis
Pharokka_7B_EC78_CDS_0055,"DNA, RNA and nucleotide metabolism"
Pharokka_7B_EC78_CDS_0056,unknown function
Pharokka_7B_EC78_CDS_0057,unknown function
Pharokka_7B_EC78_CDS_0058,"DNA, RNA and nucleotide metabolism"
Pharokka_7B_EC78_CDS_0059,unknown function
Pharokka_7B_EC78_CDS_0060,unknown function
Pharokka_7B_EC78_CDS_0061,unknown function
Pharokka_7B_EC78_CDS_0062,unknown function
Pharokka_7B_EC78_CDS_0063,unknown function
Pharokka_7B_EC78_CDS_0064,"moron, auxiliary metabolic gene and host takeover"
Pharokka_7B_EC78_CDS_0065,"DNA, RNA and nucleotide metabolism"
Pharokka_7B_EC78_CDS_0066,unknown function
Pharokka_7B_EC78_CDS_0067,unknown function
Pharokka_7B_EC78_CDS_0068,unknown function
Pharokka_7B_EC78_CDS_0069,"moron, auxiliary metabolic gene and host takeover"
Pharokka_7B_EC78_CDS_0070,unknown function
Pharokka_7B_EC78_CDS_0071,other
Pharokka_7B_EC78_CDS_0072,"moron, auxiliary metabolic gene and host takeover"
Pharokka_7B_EC78_CDS_0073,other
Pharokka_7B_EC78_CDS_0074,other
Pharokka_7B_EC78_CDS_0075,unknown function
Pharokka_7B_EC78_CDS_0076,"DNA, RNA and nucleotide metabolism"
Pharokka_7B_EC78_CDS_0077,"moron, auxiliary metabolic gene and host takeover"
Pharokka_7B_EC78_CDS_0078,"DNA, RNA and nucleotide metabolism"
Pharokka_7B_EC78_CDS_0079,"DNA, RNA and nucleotide metabolism"
Pharokka_7B_EC78_CDS_0080,unknown function
Pharokka_7B_EC78_CDS_0081,"DNA, RNA and nucleotide metabolism"
Pharokka_7B_EC78_CDS_0082,unknown function
Pharokka_7B_EC78_CDS_0083,unknown function
Pharokka_7B_EC78_CDS_0084,"DNA, RNA and nucleotide metabolism"
Pharokka_7B_EC78_CDS_0085,unknown function
Pharokka_7B_EC78_CDS_0086,unknown function
Pharokka_7B_EC78_CDS_0087,unknown function
Pharokka_7B_EC78_CDS_0088,unknown function
Pharokka_7B_EC78_CDS_0089,unknown function
Pharokka_7B_EC78_CDS_0090,unknown function
Pharokka_7B_EC78_CDS_0091,unknown function
Pharokka_7B_EC78_CDS_0092,unknown function
Pharokka_7B_EC78_CDS_0093,unknown function
Pharokka_7B_EC78_CDS_0094,unknown function
Pharokka_7B_EC78_CDS_0095,unknown function
Pharokka_7B_EC78_CDS_0096,unknown function
Pharokka_7B_EC78_CDS_0097,unknown function
Pharokka_7B_EC78_CDS_0098,unknown function
Pharokka_7B_EC78_CDS_0099,unknown function
Pharokka_7B_EC78_CDS_0100,head and packaging
Pharokka_7B_EC78_CDS_0101,unknown function
Pharokka_7B_EC78_CDS_0102,unknown function
Pharokka_7B_EC78_CDS_0103,unknown function
Pharokka_7B_EC78_CDS_0104,unknown function
Pharokka_7B_EC78_CDS_0105,unknown function
Pharokka_7B_EC78_CDS_0106,unknown function
Pharokka_7B_EC78_CDS_0107,unknown function
Pharokka_7B_EC78_CDS_0108,unknown function
Pharokka_7B_EC78_CDS_0109,unknown function
Pharokka_7B_EC78_CDS_0110,other
Pharokka_7B_EC78_CDS_0111,"DNA, RNA and nucleotide metabolism"
Pharokka_7B_EC78_CDS_0112,unknown function
Pharokka_7B_EC78_CDS_0113,unknown function
Pharokka_7B_EC78_CDS_0114,other
Pharokka_7B_EC78_CDS_0115,unknown function
Pharokka_7B_EC78_CDS_0116,unknown function
Pharokka_7B_EC78_CDS_0117,unknown function
Pharokka_7B_EC78_CDS_0118,unknown function
Pharokka_7B_EC78_CDS_0119,unknown function
Pharokka_7B_EC78_CDS_0120,unknown function
Pharokka_7B_EC78_CDS_0121,unknown function
Pharokka_7B_EC78_CDS_0122,unknown function
Pharokka_7B_EC78_CDS_0123,unknown function
Pharokka_7B_EC78_CDS_0124,unknown function
Pharokka_7B_EC78_CDS_0125,unknown function
Pharokka_7B_EC78_CDS_0126,unknown function
Pharokka_7B_EC78_CDS_0127,unknown function
Pharokka_7B_EC78_CDS_0128,unknown function
Pharokka_7B_EC78_CDS_0129,unknown function
Pharokka_7B_EC78_CDS_0130,unknown function
Pharokka_7B_EC78_CDS_0131,unknown function
Pharokka_7B_EC78_CDS_0132,unknown function
Pharokka_7B_EC78_CDS_0133,unknown function
Pharokka_7B_EC78_CDS_0134,unknown function
Pharokka_7B_EC78_CDS_0135,unknown function
Pharokka_7B_EC78_CDS_0136,unknown function
Pharokka_7B_EC78_CDS_0137,unknown function
Pharokka_7B_EC78_CDS_0138,unknown function
Pharokka_7B_EC78_CDS_0139,unknown function
Pharokka_7B_EC78_CDS_0140,"moron, auxiliary metabolic gene and host takeover"
Pharokka_7B_EC78_CDS_0141,unknown function
Pharokka_7B_EC78_CDS_0142,unknown function
Pharokka_7B_EC78_CDS_0143,unknown function
Pharokka_7B_EC78_CDS_0144,unknown function
Pharokka_7B_EC78_CDS_0145,unknown function
Pharokka_7B_EC78_CDS_0146,unknown function
Pharokka_7B_EC78_CDS_0147,unknown function
Pharokka_7B_EC78_CDS_0148,unknown function
Pharokka_7B_EC78_CDS_0149,unknown function
Pharokka_7B_EC78_CDS_0150,unknown function
Pharokka_7B_EC78_CDS_0151,unknown function
Pharokka_7B_EC78_CDS_0152,unknown function
Pharokka_7B_EC78_CDS_0153,unknown function
Pharokka_7B_EC78_CDS_0154,other
Pharokka_7B_EC78_CDS_0155,unknown function
Pharokka_7B_EC78_CDS_0156,unknown function
Pharokka_7B_EC78_CDS_0157,unknown function
Pharokka_7B_EC78_CDS_0158,unknown function
Pharokka_7B_EC78_CDS_0159,unknown function
Pharokka_7B_EC78_CDS_0160,unknown function
Pharokka_7B_EC78_CDS_0161,unknown function
Pharokka_7B_EC78_CDS_0162,unknown function
Pharokka_7B_EC78_CDS_0163,unknown function
Pharokka_7B_EC78_CDS_0164,unknown function
Pharokka_7B_EC78_CDS_0165,unknown function
Pharokka_7B_EC78_CDS_0166,unknown function
Pharokka_7B_EC78_CDS_0167,unknown function
Pharokka_7B_EC78_CDS_0168,unknown function
Pharokka_7B_EC78_CDS_0169,unknown function
Pharokka_7B_EC78_CDS_0170,unknown function
Pharokka_7B_EC78_CDS_0171,unknown function
Pharokka_7B_EC78_CDS_0172,unknown function
Pharokka_7B_EC78_CDS_0173,unknown function
Pharokka_7B_EC78_CDS_0174,unknown function
Pharokka_7B_EC78_CDS_0175,unknown function
Pharokka_7B_EC78_CDS_0176,unknown function
Pharokka_7B_EC78_CDS_0177,unknown function
Pharokka_7B_EC78_CDS_0178,unknown function
Pharokka_7B_EC78_CDS_0179,unknown function
Pharokka_7B_EC78_CDS_0180,unknown function
Pharokka_7B_EC78_CDS_0181,unknown function
Pharokka_7B_EC78_CDS_0182,unknown function
Pharokka_7B_EC78_CDS_0183,unknown function
Pharokka_7B_EC78_CDS_0184,unknown function
Pharokka_7B_EC78_CDS_0185,unknown function
Pharokka_7B_EC78_CDS_0186,unknown function
Pharokka_7B_EC78_CDS_0187,unknown function
Pharokka_7B_EC78_CDS_0188,unknown function
Pharokka_7B_EC78_CDS_0189,unknown function
Pharokka_7B_EC78_CDS_0190,unknown function
Pharokka_7B_EC78_CDS_0191,unknown function
Pharokka_7B_EC78_CDS_0192,unknown function
Pharokka_7B_EC78_CDS_0193,unknown function
Pharokka_7B_EC78_CDS_0194,unknown function
Pharokka_7B_EC78_CDS_0195,unknown function
Pharokka_7B_EC78_CDS_0196,unknown function
Pharokka_7B_EC78_CDS_0197,unknown function
Pharokka_7B_EC78_CDS_0198,unknown function
Pharokka_7B_EC78_CDS_0199,unknown function
Pharokka_7B_EC78_CDS_0200,"DNA, RNA and nucleotide metabolism"
Pharokka_7B_EC78_CDS_0201,unknown function
Pharokka_7B_EC78_CDS_0202,unknown function
Pharokka_7B_EC78_CDS_0203,unknown function
Pharokka_7B_EC78_CDS_0204,unknown function
Pharokka_7B_EC78_CDS_0205,unknown function
Pharokka_7B_EC78_CDS_0206,unknown function
Pharokka_7B_EC78_CDS_0207,unknown function
Pharokka_7B_EC78_CDS_0208,unknown function
Pharokka_7B_EC78_CDS_0209,unknown function
Pharokka_7B_EC78_CDS_0210,unknown function
Pharokka_7B_EC78_CDS_0211,unknown function
Pharokka_7B_EC78_CDS_0212,unknown function
Pharokka_7B_EC78_CDS_0213,"DNA, RNA and nucleotide metabolism"
Pharokka_7B_EC78_CDS_0214,unknown function
Pharokka_7B_EC78_CDS_0215,unknown function
Pharokka_7B_EC78_CDS_0216,unknown function
Pharokka_7B_EC78_CDS_0217,unknown function
Pharokka_7B_EC78_CDS_0218,unknown function
Pharokka_7B_EC78_CDS_0219,unknown function
Pharokka_7B_EC78_CDS_0220,unknown function
Pharokka_7B_EC78_CDS_0221,unknown function
Pharokka_7B_EC78_CDS_0222,unknown function
Pharokka_7B_EC78_CDS_0223,"DNA, RNA and nucleotide metabolism"
Pharokka_7B_EC78_CDS_0224,unknown function
Pharokka_7B_EC78_CDS_0225,unknown function
Pharokka_7B_EC78_CDS_0226,other
Pharokka_7B_EC78_CDS_0227,unknown function
Pharokka_7B_EC78_CDS_0228,unknown function
Pharokka_7B_EC78_CDS_0229,unknown function
Pharokka_7B_EC78_CDS_0230,unknown function
Pharokka_7B_EC78_CDS_0231,unknown function
Pharokka_7B_EC78_CDS_0232,unknown function
Pharokka_7B_EC78_CDS_0233,unknown function
Pharokka_7B_EC78_CDS_0234,unknown function
Pharokka_7B_EC78_CDS_0235,"DNA, RNA and nucleotide metabolism"
Pharokka_7B_EC78_CDS_0236,unknown function
Pharokka_7B_EC78_CDS_0237,other
Pharokka_7B_EC78_CDS_0238,unknown function
Pharokka_7B_EC78_CDS_0239,"DNA, RNA and nucleotide metabolism"
Pharokka_7B_EC78_CDS_0240,unknown function
Pharokka_7B_EC78_CDS_0241,unknown function
Pharokka_7B_EC78_CDS_0242,unknown function
Pharokka_7B_EC78_CDS_0243,other
Pharokka_7B_EC78_CDS_0244,unknown function
Pharokka_7B_EC78_CDS_0245,other
Pharokka_7B_EC78_CDS_0246,unknown function
Pharokka_7B_EC78_CDS_0247,other
Pharokka_7B_EC78_CDS_0248,lysis
Pharokka_7B_EC78_CDS_0249,unknown function
Pharokka_7B_EC78_CDS_0250,"DNA, RNA and nucleotide metabolism"
Pharokka_7B_EC78_CDS_0251,"DNA, RNA and nucleotide metabolism"
Pharokka_7B_EC78_CDS_0252,"moron, auxiliary metabolic gene and host takeover"
Pharokka_7B_EC78_CDS_0253,"moron, auxiliary metabolic gene and host takeover"
Pharokka_7B_EC78_CDS_0254,"DNA, RNA and nucleotide metabolism"
Pharokka_7B_EC78_CDS_0255,unknown function
Pharokka_7B_EC78_CDS_0256,unknown function
Pharokka_7B_EC78_CDS_0257,unknown function
Pharokka_7B_EC78_CDS_0258,unknown function
Pharokka_7B_EC78_CDS_0259,"DNA, RNA and nucleotide metabolism"
Pharokka_7B_EC78_CDS_0260,unknown function
Pharokka_7B_EC78_CDS_0261,"DNA, RNA and nucleotide metabolism"
Pharokka_7B_EC78_CDS_0262,unknown function
Pharokka_7B_EC78_CDS_0263,unknown function
Pharokka_7B_EC78_CDS_0264,"DNA, RNA and nucleotide metabolism"
Pharokka_7B_EC78_CDS_0265,unknown function
Pharokka_7B_EC78_CDS_0266,"DNA, RNA and nucleotide metabolism"
Pharokka_7B_EC78_CDS_0267,unknown function
Pharokka_7B_EC78_CDS_0268,other
Pharokka_7B_EC78_CDS_0269,unknown function
Pharokka_7B_EC78_CDS_0270,"DNA, RNA and nucleotide metabolism"
Pharokka_7B_EC78_CDS_0271,"DNA, RNA and nucleotide metabolism"
Pharokka_7B_EC78_CDS_0272,unknown function
Pharokka_7B_EC78_CDS_0273,unknown function
Pharokka_7B_EC78_CDS_0274,unknown function
Pharokka_7B_EC78_CDS_0275,"DNA, RNA and nucleotide metabolism"
Pharokka_7B_EC78_CDS_0276,other
Pharokka_7B_EC78_CDS_0277,unknown function
Pharokka_7B_EC78_CDS_0278,unknown function
Pharokka_7B_EC78_CDS_0279,"DNA, RNA and nucleotide metabolism"
Pharokka_7B_EC78_CDS_0280,unknown function
Pharokka_7B_EC78_CDS_0281,unknown function
Pharokka_7B_EC78_CDS_0282,other
Pharokka_7B_EC78_CDS_0283,other
Pharokka_7B_EC78_CDS_0284,tail
Pharokka_7B_EC78_CDS_0285,other
Pharokka_7B_EC78_CDS_0286,unknown function
Pharokka_7B_EC78_CDS_0287,unknown function
Pharokka_7B_EC78_CDS_0288,other
Pharokka_7B_EC78_CDS_0289,unknown function
Pharokka_7B_EC78_CDS_0290,unknown function
Pharokka_7B_EC78_CDS_0291,unknown function
Pharokka_7B_EC78_CDS_0292,unknown function
Pharokka_7B_EC78_CDS_0293,unknown function
Pharokka_7B_EC78_CDS_0294,unknown function
Pharokka_7B_EC78_CDS_0295,unknown function
Pharokka_7B_EC78_CDS_0296,unknown function
Pharokka_7B_EC78_CDS_0297,unknown function
Pharokka_7B_EC78_CDS_0298,unknown function
Pharokka_7B_EC78_CDS_0299,unknown function
Pharokka_7B_EC78_CDS_0300,unknown function
Pharokka_7B_EC78_CDS_0301,unknown function
Pharokka_7B_EC78_CDS_0302,unknown function
Pharokka_7B_EC78_CDS_0303,unknown function
Pharokka_7B_EC78_CDS_0304,unknown function
Pharokka_7B_EC78_CDS_0305,unknown function
Pharokka_7B_EC78_CDS_0306,unknown function
Pharokka_7B_EC78_CDS_0307,unknown function
Pharokka_7B_EC78_CDS_0308,unknown function
Pharokka_7B_EC78_CDS_0309,unknown function
Pharokka_7B_EC78_CDS_0310,unknown function
Pharokka_7B_EC78_CDS_0311,unknown function
Pharokka_7B_EC78_CDS_0312,lysis
Pharokka_7B_EC78_CDS_0313,lysis
Pharokka_8B-ECM1_1_CDS_0001,head and packaging
Pharokka_8B-ECM1_1_CDS_0002,head and packaging
Pharokka_8B-ECM1_1_CDS_0003,other
Pharokka_8B-ECM1_1_CDS_0004,head and packaging
Pharokka_8B-ECM1_1_CDS_0005,head and packaging
Pharokka_8B-ECM1_1_CDS_0006,head and packaging
Pharokka_8B-ECM1_1_CDS_0007,unknown function
Pharokka_8B-ECM1_1_CDS_0008,unknown function
Pharokka_8B-ECM1_1_CDS_0009,connector
Pharokka_8B-ECM1_1_CDS_0010,head and packaging
Pharokka_8B-ECM1_1_CDS_0011,connector
Pharokka_8B-ECM1_1_CDS_0012,tail
Pharokka_8B-ECM1_1_CDS_0013,head and packaging
Pharokka_8B-ECM1_1_CDS_0014,tail
Pharokka_8B-ECM1_1_CDS_0015,unknown function
Pharokka_8B-ECM1_1_CDS_0016,tail
Pharokka_8B-ECM1_1_CDS_0017,unknown function
Pharokka_8B-ECM1_1_CDS_0018,tail
Pharokka_8B-ECM1_1_CDS_0019,head and packaging
Pharokka_8B-ECM1_1_CDS_0020,tail
Pharokka_8B-ECM1_1_CDS_0021,tail
Pharokka_8B-ECM1_1_CDS_0022,tail
Pharokka_8B-ECM1_1_CDS_0023,tail
Pharokka_8B-ECM1_1_CDS_0024,tail
Pharokka_8B-ECM1_1_CDS_0025,tail
Pharokka_8B-ECM1_1_CDS_0026,tail
Pharokka_8B-ECM1_1_CDS_0027,"moron, auxiliary metabolic gene and host takeover"
Pharokka_8B-ECM1_1_CDS_0028,tail
Pharokka_8B-ECM1_1_CDS_0029,tail
Pharokka_8B-ECM1_1_CDS_0030,tail
Pharokka_8B-ECM1_1_CDS_0031,tail
Pharokka_8B-ECM1_1_CDS_0032,other
Pharokka_8B-ECM1_1_CDS_0033,"moron, auxiliary metabolic gene and host takeover"
Pharokka_8B-ECM1_1_CDS_0034,tail
Pharokka_8B-ECM1_1_CDS_0035,tail
Pharokka_8B-ECM1_1_CDS_0036,"DNA, RNA and nucleotide metabolism"
Pharokka_8B-ECM1_1_CDS_0037,unknown function
Pharokka_8B-ECM1_1_CDS_0038,"DNA, RNA and nucleotide metabolism"
Pharokka_8B-ECM1_1_CDS_0039,unknown function
Pharokka_8B-ECM1_1_CDS_0040,unknown function
Pharokka_8B-ECM1_1_CDS_0041,unknown function
Pharokka_8B-ECM1_1_CDS_0042,"DNA, RNA and nucleotide metabolism"
Pharokka_8B-ECM1_1_CDS_0043,"moron, auxiliary metabolic gene and host takeover"
Pharokka_8B-ECM1_1_CDS_0044,unknown function
Pharokka_8B-ECM1_1_CDS_0045,"DNA, RNA and nucleotide metabolism"
Pharokka_8B-ECM1_1_CDS_0046,unknown function
Pharokka_8B-ECM1_1_CDS_0047,"moron, auxiliary metabolic gene and host takeover"
Pharokka_8B-ECM1_1_CDS_0048,"moron, auxiliary metabolic gene and host takeover"
Pharokka_8B-ECM1_1_CDS_0049,"moron, auxiliary metabolic gene and host takeover"
Pharokka_8B-ECM1_1_CDS_0050,"moron, auxiliary metabolic gene and host takeover"
Pharokka_8B-ECM1_1_CDS_0051,unknown function
Pharokka_8B-ECM1_1_CDS_0052,unknown function
Pharokka_8B-ECM1_1_CDS_0053,unknown function
Pharokka_8B-ECM1_1_CDS_0054,lysis
Pharokka_8B-ECM1_1_CDS_0055,"DNA, RNA and nucleotide metabolism"
Pharokka_8B-ECM1_1_CDS_0056,unknown function
Pharokka_8B-ECM1_1_CDS_0057,unknown function
Pharokka_8B-ECM1_1_CDS_0058,"DNA, RNA and nucleotide metabolism"
Pharokka_8B-ECM1_1_CDS_0059,unknown function
Pharokka_8B-ECM1_1_CDS_0060,unknown function
Pharokka_8B-ECM1_1_CDS_0061,unknown function
Pharokka_8B-ECM1_1_CDS_0062,unknown function
Pharokka_8B-ECM1_1_CDS_0063,unknown function
Pharokka_8B-ECM1_1_CDS_0064,"moron, auxiliary metabolic gene and host takeover"
Pharokka_8B-ECM1_1_CDS_0065,"DNA, RNA and nucleotide metabolism"
Pharokka_8B-ECM1_1_CDS_0066,unknown function
Pharokka_8B-ECM1_1_CDS_0067,unknown function
Pharokka_8B-ECM1_1_CDS_0068,unknown function
Pharokka_8B-ECM1_1_CDS_0069,"moron, auxiliary metabolic gene and host takeover"
Pharokka_8B-ECM1_1_CDS_0070,unknown function
Pharokka_8B-ECM1_1_CDS_0071,other
Pharokka_8B-ECM1_1_CDS_0072,head and packaging
Pharokka_8B-ECM1_1_CDS_0073,other
Pharokka_8B-ECM1_1_CDS_0074,other
Pharokka_8B-ECM1_1_CDS_0075,unknown function
Pharokka_8B-ECM1_1_CDS_0076,"DNA, RNA and nucleotide metabolism"
Pharokka_8B-ECM1_1_CDS_0077,"moron, auxiliary metabolic gene and host takeover"
Pharokka_8B-ECM1_1_CDS_0078,"DNA, RNA and nucleotide metabolism"
Pharokka_8B-ECM1_1_CDS_0079,"DNA, RNA and nucleotide metabolism"
Pharokka_8B-ECM1_1_CDS_0080,unknown function
Pharokka_8B-ECM1_1_CDS_0081,"DNA, RNA and nucleotide metabolism"
Pharokka_8B-ECM1_1_CDS_0082,unknown function
Pharokka_8B-ECM1_1_CDS_0083,unknown function
Pharokka_8B-ECM1_1_CDS_0084,"DNA, RNA and nucleotide metabolism"
Pharokka_8B-ECM1_1_CDS_0085,unknown function
Pharokka_8B-ECM1_1_CDS_0086,unknown function
Pharokka_8B-ECM1_1_CDS_0087,unknown function
Pharokka_8B-ECM1_1_CDS_0088,unknown function
Pharokka_8B-ECM1_1_CDS_0089,unknown function
Pharokka_8B-ECM1_1_CDS_0090,unknown function
Pharokka_8B-ECM1_1_CDS_0091,unknown function
Pharokka_8B-ECM1_1_CDS_0092,unknown function
Pharokka_8B-ECM1_1_CDS_0093,unknown function
Pharokka_8B-ECM1_1_CDS_0094,unknown function
Pharokka_8B-ECM1_1_CDS_0095,unknown function
Pharokka_8B-ECM1_1_CDS_0096,unknown function
Pharokka_8B-ECM1_1_CDS_0097,unknown function
Pharokka_8B-ECM1_1_CDS_0098,unknown function
Pharokka_8B-ECM1_1_CDS_0099,unknown function
Pharokka_8B-ECM1_1_CDS_0100,unknown function
Pharokka_8B-ECM1_1_CDS_0101,unknown function
Pharokka_8B-ECM1_1_CDS_0102,unknown function
Pharokka_8B-ECM1_1_CDS_0103,unknown function
Pharokka_8B-ECM1_1_CDS_0104,unknown function
Pharokka_8B-ECM1_1_CDS_0105,unknown function
Pharokka_8B-ECM1_1_CDS_0106,unknown function
Pharokka_8B-ECM1_1_CDS_0107,unknown function
Pharokka_8B-ECM1_1_CDS_0108,other
Pharokka_8B-ECM1_1_CDS_0109,"DNA, RNA and nucleotide metabolism"
Pharokka_8B-ECM1_1_CDS_0110,unknown function
Pharokka_8B-ECM1_1_CDS_0111,unknown function
Pharokka_8B-ECM1_1_CDS_0112,other
Pharokka_8B-ECM1_1_CDS_0113,unknown function
Pharokka_8B-ECM1_1_CDS_0114,unknown function
Pharokka_8B-ECM1_1_CDS_0115,unknown function
Pharokka_8B-ECM1_1_CDS_0116,unknown function
Pharokka_8B-ECM1_1_CDS_0117,unknown function
Pharokka_8B-ECM1_1_CDS_0118,unknown function
Pharokka_8B-ECM1_1_CDS_0119,unknown function
Pharokka_8B-ECM1_1_CDS_0120,unknown function
Pharokka_8B-ECM1_1_CDS_0121,unknown function
Pharokka_8B-ECM1_1_CDS_0122,unknown function
Pharokka_8B-ECM1_1_CDS_0123,unknown function
Pharokka_8B-ECM1_1_CDS_0124,"DNA, RNA and nucleotide metabolism"
Pharokka_8B-ECM1_1_CDS_0125,unknown function
Pharokka_8B-ECM1_1_CDS_0126,unknown function
Pharokka_8B-ECM1_1_CDS_0127,unknown function
Pharokka_8B-ECM1_1_CDS_0128,unknown function
Pharokka_8B-ECM1_1_CDS_0129,unknown function
Pharokka_8B-ECM1_1_CDS_0130,unknown function
Pharokka_8B-ECM1_1_CDS_0131,unknown function
Pharokka_8B-ECM1_1_CDS_0132,other
Pharokka_8B-ECM1_1_CDS_0133,unknown function
Pharokka_8B-ECM1_1_CDS_0134,unknown function
Pharokka_8B-ECM1_1_CDS_0135,unknown function
Pharokka_8B-ECM1_1_CDS_0136,unknown function
Pharokka_8B-ECM1_1_CDS_0137,unknown function
Pharokka_8B-ECM1_1_CDS_0138,unknown function
Pharokka_8B-ECM1_1_CDS_0139,unknown function
Pharokka_8B-ECM1_1_CDS_0140,unknown function
Pharokka_8B-ECM1_1_CDS_0141,"moron, auxiliary metabolic gene and host takeover"
Pharokka_8B-ECM1_1_CDS_0142,unknown function
Pharokka_8B-ECM1_1_CDS_0143,unknown function
Pharokka_8B-ECM1_1_CDS_0144,unknown function
Pharokka_8B-ECM1_1_CDS_0145,unknown function
Pharokka_8B-ECM1_1_CDS_0146,unknown function
Pharokka_8B-ECM1_1_CDS_0147,unknown function
Pharokka_8B-ECM1_1_CDS_0148,unknown function
Pharokka_8B-ECM1_1_CDS_0149,unknown function
Pharokka_8B-ECM1_1_CDS_0150,unknown function
Pharokka_8B-ECM1_1_CDS_0151,unknown function
Pharokka_8B-ECM1_1_CDS_0152,unknown function
Pharokka_8B-ECM1_1_CDS_0153,unknown function
Pharokka_8B-ECM1_1_CDS_0154,unknown function
Pharokka_8B-ECM1_1_CDS_0155,unknown function
Pharokka_8B-ECM1_1_CDS_0156,unknown function
Pharokka_8B-ECM1_1_CDS_0157,unknown function
Pharokka_8B-ECM1_1_CDS_0158,unknown function
Pharokka_8B-ECM1_1_CDS_0159,unknown function
Pharokka_8B-ECM1_1_CDS_0160,unknown function
Pharokka_8B-ECM1_1_CDS_0161,unknown function
Pharokka_8B-ECM1_1_CDS_0162,unknown function
Pharokka_8B-ECM1_1_CDS_0163,unknown function
Pharokka_8B-ECM1_1_CDS_0164,unknown function
Pharokka_8B-ECM1_1_CDS_0165,unknown function
Pharokka_8B-ECM1_1_CDS_0166,unknown function
Pharokka_8B-ECM1_1_CDS_0167,unknown function
Pharokka_8B-ECM1_1_CDS_0168,unknown function
Pharokka_8B-ECM1_1_CDS_0169,unknown function
Pharokka_8B-ECM1_1_CDS_0170,unknown function
Pharokka_8B-ECM1_1_CDS_0171,unknown function
Pharokka_8B-ECM1_1_CDS_0172,unknown function
Pharokka_8B-ECM1_1_CDS_0173,unknown function
Pharokka_8B-ECM1_1_CDS_0174,unknown function
Pharokka_8B-ECM1_1_CDS_0175,unknown function
Pharokka_8B-ECM1_1_CDS_0176,unknown function
Pharokka_8B-ECM1_1_CDS_0177,unknown function
Pharokka_8B-ECM1_1_CDS_0178,unknown function
Pharokka_8B-ECM1_1_CDS_0179,unknown function
Pharokka_8B-ECM1_1_CDS_0180,unknown function
Pharokka_8B-ECM1_1_CDS_0181,unknown function
Pharokka_8B-ECM1_1_CDS_0182,unknown function
Pharokka_8B-ECM1_1_CDS_0183,unknown function
Pharokka_8B-ECM1_1_CDS_0184,unknown function
Pharokka_8B-ECM1_1_CDS_0185,unknown function
Pharokka_8B-ECM1_1_CDS_0186,unknown function
Pharokka_8B-ECM1_1_CDS_0187,unknown function
Pharokka_8B-ECM1_1_CDS_0188,unknown function
Pharokka_8B-ECM1_1_CDS_0189,unknown function
Pharokka_8B-ECM1_1_CDS_0190,unknown function
Pharokka_8B-ECM1_1_CDS_0191,unknown function
Pharokka_8B-ECM1_1_CDS_0192,unknown function
Pharokka_8B-ECM1_1_CDS_0193,unknown function
Pharokka_8B-ECM1_1_CDS_0194,unknown function
Pharokka_8B-ECM1_1_CDS_0195,unknown function
Pharokka_8B-ECM1_1_CDS_0196,"DNA, RNA and nucleotide metabolism"
Pharokka_8B-ECM1_1_CDS_0197,unknown function
Pharokka_8B-ECM1_1_CDS_0198,unknown function
Pharokka_8B-ECM1_1_CDS_0199,unknown function
Pharokka_8B-ECM1_1_CDS_0200,unknown function
Pharokka_8B-ECM1_1_CDS_0201,unknown function
Pharokka_8B-ECM1_1_CDS_0202,unknown function
Pharokka_8B-ECM1_1_CDS_0203,unknown function
Pharokka_8B-ECM1_1_CDS_0204,unknown function
Pharokka_8B-ECM1_1_CDS_0205,unknown function
Pharokka_8B-ECM1_1_CDS_0206,unknown function
Pharokka_8B-ECM1_1_CDS_0207,unknown function
Pharokka_8B-ECM1_1_CDS_0208,unknown function
Pharokka_8B-ECM1_1_CDS_0209,"DNA, RNA and nucleotide metabolism"
Pharokka_8B-ECM1_1_CDS_0210,unknown function
Pharokka_8B-ECM1_1_CDS_0211,unknown function
Pharokka_8B-ECM1_1_CDS_0212,unknown function
Pharokka_8B-ECM1_1_CDS_0213,unknown function
Pharokka_8B-ECM1_1_CDS_0214,unknown function
Pharokka_8B-ECM1_1_CDS_0215,unknown function
Pharokka_8B-ECM1_1_CDS_0216,unknown function
Pharokka_8B-ECM1_1_CDS_0217,unknown function
Pharokka_8B-ECM1_1_CDS_0218,unknown function
Pharokka_8B-ECM1_1_CDS_0219,"DNA, RNA and nucleotide metabolism"
Pharokka_8B-ECM1_1_CDS_0220,unknown function
Pharokka_8B-ECM1_1_CDS_0221,unknown function
Pharokka_8B-ECM1_1_CDS_0222,other
Pharokka_8B-ECM1_1_CDS_0223,unknown function
Pharokka_8B-ECM1_1_CDS_0224,unknown function
Pharokka_8B-ECM1_1_CDS_0225,unknown function
Pharokka_8B-ECM1_1_CDS_0226,unknown function
Pharokka_8B-ECM1_1_CDS_0227,unknown function
Pharokka_8B-ECM1_1_CDS_0228,unknown function
Pharokka_8B-ECM1_1_CDS_0229,unknown function
Pharokka_8B-ECM1_1_CDS_0230,unknown function
Pharokka_8B-ECM1_1_CDS_0231,"DNA, RNA and nucleotide metabolism"
Pharokka_8B-ECM1_1_CDS_0232,unknown function
Pharokka_8B-ECM1_1_CDS_0233,other
Pharokka_8B-ECM1_1_CDS_0234,unknown function
Pharokka_8B-ECM1_1_CDS_0235,"DNA, RNA and nucleotide metabolism"
Pharokka_8B-ECM1_1_CDS_0236,unknown function
Pharokka_8B-ECM1_1_CDS_0237,unknown function
Pharokka_8B-ECM1_1_CDS_0238,unknown function
Pharokka_8B-ECM1_1_CDS_0239,other
Pharokka_8B-ECM1_1_CDS_0240,unknown function
Pharokka_8B-ECM1_1_CDS_0241,other
Pharokka_8B-ECM1_1_CDS_0242,unknown function
Pharokka_8B-ECM1_1_CDS_0243,other
Pharokka_8B-ECM1_1_CDS_0244,lysis
Pharokka_8B-ECM1_1_CDS_0245,unknown function
Pharokka_8B-ECM1_1_CDS_0246,"DNA, RNA and nucleotide metabolism"
Pharokka_8B-ECM1_1_CDS_0247,"DNA, RNA and nucleotide metabolism"
Pharokka_8B-ECM1_1_CDS_0248,"moron, auxiliary metabolic gene and host takeover"
Pharokka_8B-ECM1_1_CDS_0249,"moron, auxiliary metabolic gene and host takeover"
Pharokka_8B-ECM1_1_CDS_0250,"DNA, RNA and nucleotide metabolism"
Pharokka_8B-ECM1_1_CDS_0251,unknown function
Pharokka_8B-ECM1_1_CDS_0252,unknown function
Pharokka_8B-ECM1_1_CDS_0253,unknown function
Pharokka_8B-ECM1_1_CDS_0254,unknown function
Pharokka_8B-ECM1_1_CDS_0255,"DNA, RNA and nucleotide metabolism"
Pharokka_8B-ECM1_1_CDS_0256,"DNA, RNA and nucleotide metabolism"
Pharokka_8B-ECM1_1_CDS_0257,unknown function
Pharokka_8B-ECM1_1_CDS_0258,unknown function
Pharokka_8B-ECM1_1_CDS_0259,"DNA, RNA and nucleotide metabolism"
Pharokka_8B-ECM1_1_CDS_0260,unknown function
Pharokka_8B-ECM1_1_CDS_0261,"DNA, RNA and nucleotide metabolism"
Pharokka_8B-ECM1_1_CDS_0262,unknown function
Pharokka_8B-ECM1_1_CDS_0263,other
Pharokka_8B-ECM1_1_CDS_0264,unknown function
Pharokka_8B-ECM1_1_CDS_0265,"DNA, RNA and nucleotide metabolism"
Pharokka_8B-ECM1_1_CDS_0266,"DNA, RNA and nucleotide metabolism"
Pharokka_8B-ECM1_1_CDS_0267,unknown function
Pharokka_8B-ECM1_1_CDS_0268,unknown function
Pharokka_8B-ECM1_1_CDS_0269,unknown function
Pharokka_8B-ECM1_1_CDS_0270,"DNA, RNA and nucleotide metabolism"
Pharokka_8B-ECM1_1_CDS_0271,"DNA, RNA and nucleotide metabolism"
Pharokka_8B-ECM1_1_CDS_0272,other
Pharokka_8B-ECM1_1_CDS_0273,unknown function
Pharokka_8B-ECM1_1_CDS_0274,"DNA, RNA and nucleotide metabolism"
Pharokka_8B-ECM1_1_CDS_0275,unknown function
Pharokka_8B-ECM1_1_CDS_0276,unknown function
Pharokka_8B-ECM1_1_CDS_0277,other
Pharokka_8B-ECM1_1_CDS_0278,other
Pharokka_8B-ECM1_1_CDS_0279,tail
Pharokka_8B-ECM1_1_CDS_0280,other
Pharokka_8B-ECM1_1_CDS_0281,unknown function
Pharokka_8B-ECM1_1_CDS_0282,unknown function
Pharokka_8B-ECM1_1_CDS_0283,other
Pharokka_8B-ECM1_1_CDS_0284,unknown function
Pharokka_8B-ECM1_1_CDS_0285,unknown function
Pharokka_8B-ECM1_1_CDS_0286,unknown function
Pharokka_8B-ECM1_1_CDS_0287,unknown function
Pharokka_8B-ECM1_1_CDS_0288,unknown function
Pharokka_8B-ECM1_1_CDS_0289,unknown function
Pharokka_8B-ECM1_1_CDS_0290,unknown function
Pharokka_8B-ECM1_1_CDS_0291,unknown function
Pharokka_8B-ECM1_1_CDS_0292,unknown function
Pharokka_8B-ECM1_1_CDS_0293,unknown function
Pharokka_8B-ECM1_1_CDS_0294,unknown function
Pharokka_8B-ECM1_1_CDS_0295,unknown function
Pharokka_8B-ECM1_1_CDS_0296,unknown function
Pharokka_8B-ECM1_1_CDS_0297,unknown function
Pharokka_8B-ECM1_1_CDS_0298,other
Pharokka_8B-ECM1_1_CDS_0299,unknown function
Pharokka_8B-ECM1_1_CDS_0300,"DNA, RNA and nucleotide metabolism"
Pharokka_8B-ECM1_1_CDS_0301,unknown function
Pharokka_8B-ECM1_1_CDS_0302,lysis
Pharokka_8B-ECM1_1_CDS_0303,unknown function
Pharokka_8B-ECM1_1_CDS_0304,unknown function
Pharokka_8B-ECM1_1_CDS_0305,"moron, auxiliary metabolic gene and host takeover"
Pharokka_8B-ECM1_1_CDS_0306,lysis
Pharokka_ST002_ECM1_CDS_0001,head and packaging
Pharokka_ST002_ECM1_CDS_0002,head and packaging
Pharokka_ST002_ECM1_CDS_0003,other
Pharokka_ST002_ECM1_CDS_0004,head and packaging
Pharokka_ST002_ECM1_CDS_0005,head and packaging
Pharokka_ST002_ECM1_CDS_0006,head and packaging
Pharokka_ST002_ECM1_CDS_0007,unknown function
Pharokka_ST002_ECM1_CDS_0008,unknown function
Pharokka_ST002_ECM1_CDS_0009,connector
Pharokka_ST002_ECM1_CDS_0010,head and packaging
Pharokka_ST002_ECM1_CDS_0011,connector
Pharokka_ST002_ECM1_CDS_0012,tail
Pharokka_ST002_ECM1_CDS_0013,head and packaging
Pharokka_ST002_ECM1_CDS_0014,tail
Pharokka_ST002_ECM1_CDS_0015,unknown function
Pharokka_ST002_ECM1_CDS_0016,tail
Pharokka_ST002_ECM1_CDS_0017,unknown function
Pharokka_ST002_ECM1_CDS_0018,tail
Pharokka_ST002_ECM1_CDS_0019,head and packaging
Pharokka_ST002_ECM1_CDS_0020,tail
Pharokka_ST002_ECM1_CDS_0021,tail
Pharokka_ST002_ECM1_CDS_0022,tail
Pharokka_ST002_ECM1_CDS_0023,tail
Pharokka_ST002_ECM1_CDS_0024,tail
Pharokka_ST002_ECM1_CDS_0025,tail
Pharokka_ST002_ECM1_CDS_0026,tail
Pharokka_ST002_ECM1_CDS_0027,"moron, auxiliary metabolic gene and host takeover"
Pharokka_ST002_ECM1_CDS_0028,tail
Pharokka_ST002_ECM1_CDS_0029,tail
Pharokka_ST002_ECM1_CDS_0030,tail
Pharokka_ST002_ECM1_CDS_0031,tail
Pharokka_ST002_ECM1_CDS_0032,other
Pharokka_ST002_ECM1_CDS_0033,"moron, auxiliary metabolic gene and host takeover"
Pharokka_ST002_ECM1_CDS_0034,tail
Pharokka_ST002_ECM1_CDS_0035,tail
Pharokka_ST002_ECM1_CDS_0036,"DNA, RNA and nucleotide metabolism"
Pharokka_ST002_ECM1_CDS_0037,unknown function
Pharokka_ST002_ECM1_CDS_0038,"DNA, RNA and nucleotide metabolism"
Pharokka_ST002_ECM1_CDS_0039,unknown function
Pharokka_ST002_ECM1_CDS_0040,unknown function
Pharokka_ST002_ECM1_CDS_0041,unknown function
Pharokka_ST002_ECM1_CDS_0042,"DNA, RNA and nucleotide metabolism"
Pharokka_ST002_ECM1_CDS_0043,"moron, auxiliary metabolic gene and host takeover"
Pharokka_ST002_ECM1_CDS_0044,unknown function
Pharokka_ST002_ECM1_CDS_0045,"DNA, RNA and nucleotide metabolism"
Pharokka_ST002_ECM1_CDS_0046,unknown function
Pharokka_ST002_ECM1_CDS_0047,"moron, auxiliary metabolic gene and host takeover"
Pharokka_ST002_ECM1_CDS_0048,"moron, auxiliary metabolic gene and host takeover"
Pharokka_ST002_ECM1_CDS_0049,"moron, auxiliary metabolic gene and host takeover"
Pharokka_ST002_ECM1_CDS_0050,"moron, auxiliary metabolic gene and host takeover"
Pharokka_ST002_ECM1_CDS_0051,unknown function
Pharokka_ST002_ECM1_CDS_0052,unknown function
Pharokka_ST002_ECM1_CDS_0053,unknown function
Pharokka_ST002_ECM1_CDS_0054,lysis
Pharokka_ST002_ECM1_CDS_0055,"DNA, RNA and nucleotide metabolism"
Pharokka_ST002_ECM1_CDS_0056,unknown function
Pharokka_ST002_ECM1_CDS_0057,unknown function
Pharokka_ST002_ECM1_CDS_0058,"DNA, RNA and nucleotide metabolism"
Pharokka_ST002_ECM1_CDS_0059,unknown function
Pharokka_ST002_ECM1_CDS_0060,unknown function
Pharokka_ST002_ECM1_CDS_0061,unknown function
Pharokka_ST002_ECM1_CDS_0062,unknown function
Pharokka_ST002_ECM1_CDS_0063,unknown function
Pharokka_ST002_ECM1_CDS_0064,"moron, auxiliary metabolic gene and host takeover"
Pharokka_ST002_ECM1_CDS_0065,"DNA, RNA and nucleotide metabolism"
Pharokka_ST002_ECM1_CDS_0066,unknown function
Pharokka_ST002_ECM1_CDS_0067,unknown function
Pharokka_ST002_ECM1_CDS_0068,unknown function
Pharokka_ST002_ECM1_CDS_0069,"moron, auxiliary metabolic gene and host takeover"
Pharokka_ST002_ECM1_CDS_0070,unknown function
Pharokka_ST002_ECM1_CDS_0071,other
Pharokka_ST002_ECM1_CDS_0072,"moron, auxiliary metabolic gene and host takeover"
Pharokka_ST002_ECM1_CDS_0073,other
Pharokka_ST002_ECM1_CDS_0074,other
Pharokka_ST002_ECM1_CDS_0075,unknown function
Pharokka_ST002_ECM1_CDS_0076,"DNA, RNA and nucleotide metabolism"
Pharokka_ST002_ECM1_CDS_0077,"moron, auxiliary metabolic gene and host takeover"
Pharokka_ST002_ECM1_CDS_0078,"DNA, RNA and nucleotide metabolism"
Pharokka_ST002_ECM1_CDS_0079,"DNA, RNA and nucleotide metabolism"
Pharokka_ST002_ECM1_CDS_0080,unknown function
Pharokka_ST002_ECM1_CDS_0081,"DNA, RNA and nucleotide metabolism"
Pharokka_ST002_ECM1_CDS_0082,unknown function
Pharokka_ST002_ECM1_CDS_0083,unknown function
Pharokka_ST002_ECM1_CDS_0084,"DNA, RNA and nucleotide metabolism"
Pharokka_ST002_ECM1_CDS_0085,unknown function
Pharokka_ST002_ECM1_CDS_0086,unknown function
Pharokka_ST002_ECM1_CDS_0087,unknown function
Pharokka_ST002_ECM1_CDS_0088,unknown function
Pharokka_ST002_ECM1_CDS_0089,unknown function
Pharokka_ST002_ECM1_CDS_0090,unknown function
Pharokka_ST002_ECM1_CDS_0091,unknown function
Pharokka_ST002_ECM1_CDS_0092,unknown function
Pharokka_ST002_ECM1_CDS_0093,unknown function
Pharokka_ST002_ECM1_CDS_0094,unknown function
Pharokka_ST002_ECM1_CDS_0095,unknown function
Pharokka_ST002_ECM1_CDS_0096,unknown function
Pharokka_ST002_ECM1_CDS_0097,unknown function
Pharokka_ST002_ECM1_CDS_0098,unknown function
Pharokka_ST002_ECM1_CDS_0099,unknown function
Pharokka_ST002_ECM1_CDS_0100,unknown function
Pharokka_ST002_ECM1_CDS_0101,unknown function
Pharokka_ST002_ECM1_CDS_0102,unknown function
Pharokka_ST002_ECM1_CDS_0103,unknown function
Pharokka_ST002_ECM1_CDS_0104,unknown function
Pharokka_ST002_ECM1_CDS_0105,unknown function
Pharokka_ST002_ECM1_CDS_0106,unknown function
Pharokka_ST002_ECM1_CDS_0107,unknown function
Pharokka_ST002_ECM1_CDS_0108,unknown function
Pharokka_ST002_ECM1_CDS_0109,other
Pharokka_ST002_ECM1_CDS_0110,"DNA, RNA and nucleotide metabolism"
Pharokka_ST002_ECM1_CDS_0111,unknown function
Pharokka_ST002_ECM1_CDS_0112,unknown function
Pharokka_ST002_ECM1_CDS_0113,other
Pharokka_ST002_ECM1_CDS_0114,unknown function
Pharokka_ST002_ECM1_CDS_0115,unknown function
Pharokka_ST002_ECM1_CDS_0116,unknown function
Pharokka_ST002_ECM1_CDS_0117,unknown function
Pharokka_ST002_ECM1_CDS_0118,unknown function
Pharokka_ST002_ECM1_CDS_0119,unknown function
Pharokka_ST002_ECM1_CDS_0120,unknown function
Pharokka_ST002_ECM1_CDS_0121,unknown function
Pharokka_ST002_ECM1_CDS_0122,unknown function
Pharokka_ST002_ECM1_CDS_0123,unknown function
Pharokka_ST002_ECM1_CDS_0124,unknown function
Pharokka_ST002_ECM1_CDS_0125,unknown function
Pharokka_ST002_ECM1_CDS_0126,unknown function
Pharokka_ST002_ECM1_CDS_0127,unknown function
Pharokka_ST002_ECM1_CDS_0128,unknown function
Pharokka_ST002_ECM1_CDS_0129,unknown function
Pharokka_ST002_ECM1_CDS_0130,unknown function
Pharokka_ST002_ECM1_CDS_0131,unknown function
Pharokka_ST002_ECM1_CDS_0132,unknown function
Pharokka_ST002_ECM1_CDS_0133,unknown function
Pharokka_ST002_ECM1_CDS_0134,unknown function
Pharokka_ST002_ECM1_CDS_0135,unknown function
Pharokka_ST002_ECM1_CDS_0136,unknown function
Pharokka_ST002_ECM1_CDS_0137,unknown function
Pharokka_ST002_ECM1_CDS_0138,unknown function
Pharokka_ST002_ECM1_CDS_0139,"moron, auxiliary metabolic gene and host takeover"
Pharokka_ST002_ECM1_CDS_0140,unknown function
Pharokka_ST002_ECM1_CDS_0141,unknown function
Pharokka_ST002_ECM1_CDS_0142,unknown function
Pharokka_ST002_ECM1_CDS_0143,unknown function
Pharokka_ST002_ECM1_CDS_0144,unknown function
Pharokka_ST002_ECM1_CDS_0145,unknown function
Pharokka_ST002_ECM1_CDS_0146,unknown function
Pharokka_ST002_ECM1_CDS_0147,unknown function
Pharokka_ST002_ECM1_CDS_0148,unknown function
Pharokka_ST002_ECM1_CDS_0149,unknown function
Pharokka_ST002_ECM1_CDS_0150,other
Pharokka_ST002_ECM1_CDS_0151,unknown function
Pharokka_ST002_ECM1_CDS_0152,unknown function
Pharokka_ST002_ECM1_CDS_0153,unknown function
Pharokka_ST002_ECM1_CDS_0154,unknown function
Pharokka_ST002_ECM1_CDS_0155,unknown function
Pharokka_ST002_ECM1_CDS_0156,unknown function
Pharokka_ST002_ECM1_CDS_0157,unknown function
Pharokka_ST002_ECM1_CDS_0158,unknown function
Pharokka_ST002_ECM1_CDS_0159,unknown function
Pharokka_ST002_ECM1_CDS_0160,unknown function
Pharokka_ST002_ECM1_CDS_0161,unknown function
Pharokka_ST002_ECM1_CDS_0162,unknown function
Pharokka_ST002_ECM1_CDS_0163,unknown function
Pharokka_ST002_ECM1_CDS_0164,unknown function
Pharokka_ST002_ECM1_CDS_0165,unknown function
Pharokka_ST002_ECM1_CDS_0166,unknown function
Pharokka_ST002_ECM1_CDS_0167,unknown function
Pharokka_ST002_ECM1_CDS_0168,unknown function
Pharokka_ST002_ECM1_CDS_0169,unknown function
Pharokka_ST002_ECM1_CDS_0170,unknown function
Pharokka_ST002_ECM1_CDS_0171,unknown function
Pharokka_ST002_ECM1_CDS_0172,unknown function
Pharokka_ST002_ECM1_CDS_0173,unknown function
Pharokka_ST002_ECM1_CDS_0174,unknown function
Pharokka_ST002_ECM1_CDS_0175,unknown function
Pharokka_ST002_ECM1_CDS_0176,unknown function
Pharokka_ST002_ECM1_CDS_0177,unknown function
Pharokka_ST002_ECM1_CDS_0178,unknown function
Pharokka_ST002_ECM1_CDS_0179,unknown function
Pharokka_ST002_ECM1_CDS_0180,unknown function
Pharokka_ST002_ECM1_CDS_0181,unknown function
Pharokka_ST002_ECM1_CDS_0182,unknown function
Pharokka_ST002_ECM1_CDS_0183,unknown function
Pharokka_ST002_ECM1_CDS_0184,unknown function
Pharokka_ST002_ECM1_CDS_0185,unknown function
Pharokka_ST002_ECM1_CDS_0186,unknown function
Pharokka_ST002_ECM1_CDS_0187,unknown function
Pharokka_ST002_ECM1_CDS_0188,unknown function
Pharokka_ST002_ECM1_CDS_0189,unknown function
Pharokka_ST002_ECM1_CDS_0190,unknown function
Pharokka_ST002_ECM1_CDS_0191,unknown function
Pharokka_ST002_ECM1_CDS_0192,unknown function
Pharokka_ST002_ECM1_CDS_0193,unknown function
Pharokka_ST002_ECM1_CDS_0194,unknown function
Pharokka_ST002_ECM1_CDS_0195,unknown function
Pharokka_ST002_ECM1_CDS_0196,unknown function
Pharokka_ST002_ECM1_CDS_0197,unknown function
Pharokka_ST002_ECM1_CDS_0198,"DNA, RNA and nucleotide metabolism"
Pharokka_ST002_ECM1_CDS_0199,unknown function
Pharokka_ST002_ECM1_CDS_0200,unknown function
Pharokka_ST002_ECM1_CDS_0201,unknown function
Pharokka_ST002_ECM1_CDS_0202,unknown function
Pharokka_ST002_ECM1_CDS_0203,unknown function
Pharokka_ST002_ECM1_CDS_0204,unknown function
Pharokka_ST002_ECM1_CDS_0205,unknown function
Pharokka_ST002_ECM1_CDS_0206,unknown function
Pharokka_ST002_ECM1_CDS_0207,unknown function
Pharokka_ST002_ECM1_CDS_0208,unknown function
Pharokka_ST002_ECM1_CDS_0209,unknown function
Pharokka_ST002_ECM1_CDS_0210,unknown function
Pharokka_ST002_ECM1_CDS_0211,"DNA, RNA and nucleotide metabolism"
Pharokka_ST002_ECM1_CDS_0212,unknown function
Pharokka_ST002_ECM1_CDS_0213,unknown function
Pharokka_ST002_ECM1_CDS_0214,unknown function
Pharokka_ST002_ECM1_CDS_0215,unknown function
Pharokka_ST002_ECM1_CDS_0216,unknown function
Pharokka_ST002_ECM1_CDS_0217,unknown function
Pharokka_ST002_ECM1_CDS_0218,unknown function
Pharokka_ST002_ECM1_CDS_0219,unknown function
Pharokka_ST002_ECM1_CDS_0220,unknown function
Pharokka_ST002_ECM1_CDS_0221,"DNA, RNA and nucleotide metabolism"
Pharokka_ST002_ECM1_CDS_0222,unknown function
Pharokka_ST002_ECM1_CDS_0223,unknown function
Pharokka_ST002_ECM1_CDS_0224,other
Pharokka_ST002_ECM1_CDS_0225,unknown function
Pharokka_ST002_ECM1_CDS_0226,unknown function
Pharokka_ST002_ECM1_CDS_0227,unknown function
Pharokka_ST002_ECM1_CDS_0228,unknown function
Pharokka_ST002_ECM1_CDS_0229,unknown function
Pharokka_ST002_ECM1_CDS_0230,unknown function
Pharokka_ST002_ECM1_CDS_0231,unknown function
Pharokka_ST002_ECM1_CDS_0232,unknown function
Pharokka_ST002_ECM1_CDS_0233,"DNA, RNA and nucleotide metabolism"
Pharokka_ST002_ECM1_CDS_0234,unknown function
Pharokka_ST002_ECM1_CDS_0235,other
Pharokka_ST002_ECM1_CDS_0236,unknown function
Pharokka_ST002_ECM1_CDS_0237,"DNA, RNA and nucleotide metabolism"
Pharokka_ST002_ECM1_CDS_0238,unknown function
Pharokka_ST002_ECM1_CDS_0239,unknown function
Pharokka_ST002_ECM1_CDS_0240,unknown function
Pharokka_ST002_ECM1_CDS_0241,other
Pharokka_ST002_ECM1_CDS_0242,unknown function
Pharokka_ST002_ECM1_CDS_0243,other
Pharokka_ST002_ECM1_CDS_0244,unknown function
Pharokka_ST002_ECM1_CDS_0245,other
Pharokka_ST002_ECM1_CDS_0246,lysis
Pharokka_ST002_ECM1_CDS_0247,unknown function
Pharokka_ST002_ECM1_CDS_0248,"DNA, RNA and nucleotide metabolism"
Pharokka_ST002_ECM1_CDS_0249,"DNA, RNA and nucleotide metabolism"
Pharokka_ST002_ECM1_CDS_0250,"moron, auxiliary metabolic gene and host takeover"
Pharokka_ST002_ECM1_CDS_0251,"moron, auxiliary metabolic gene and host takeover"
Pharokka_ST002_ECM1_CDS_0252,"DNA, RNA and nucleotide metabolism"
Pharokka_ST002_ECM1_CDS_0253,unknown function
Pharokka_ST002_ECM1_CDS_0254,unknown function
Pharokka_ST002_ECM1_CDS_0255,unknown function
Pharokka_ST002_ECM1_CDS_0256,unknown function
Pharokka_ST002_ECM1_CDS_0257,"DNA, RNA and nucleotide metabolism"
Pharokka_ST002_ECM1_CDS_0258,unknown function
Pharokka_ST002_ECM1_CDS_0259,"DNA, RNA and nucleotide metabolism"
Pharokka_ST002_ECM1_CDS_0260,unknown function
Pharokka_ST002_ECM1_CDS_0261,unknown function
Pharokka_ST002_ECM1_CDS_0262,"DNA, RNA and nucleotide metabolism"
Pharokka_ST002_ECM1_CDS_0263,unknown function
Pharokka_ST002_ECM1_CDS_0264,"DNA, RNA and nucleotide metabolism"
Pharokka_ST002_ECM1_CDS_0265,unknown function
Pharokka_ST002_ECM1_CDS_0266,other
Pharokka_ST002_ECM1_CDS_0267,unknown function
Pharokka_ST002_ECM1_CDS_0268,"DNA, RNA and nucleotide metabolism"
Pharokka_ST002_ECM1_CDS_0269,"DNA, RNA and nucleotide metabolism"
Pharokka_ST002_ECM1_CDS_0270,unknown function
Pharokka_ST002_ECM1_CDS_0271,unknown function
Pharokka_ST002_ECM1_CDS_0272,unknown function
Pharokka_ST002_ECM1_CDS_0273,"DNA, RNA and nucleotide metabolism"
Pharokka_ST002_ECM1_CDS_0274,other
Pharokka_ST002_ECM1_CDS_0275,unknown function
Pharokka_ST002_ECM1_CDS_0276,"DNA, RNA and nucleotide metabolism"
Pharokka_ST002_ECM1_CDS_0277,unknown function
Pharokka_ST002_ECM1_CDS_0278,unknown function
Pharokka_ST002_ECM1_CDS_0279,other
Pharokka_ST002_ECM1_CDS_0280,other
Pharokka_ST002_ECM1_CDS_0281,tail
Pharokka_ST002_ECM1_CDS_0282,other
Pharokka_ST002_ECM1_CDS_0283,unknown function
Pharokka_ST002_ECM1_CDS_0284,unknown function
Pharokka_ST002_ECM1_CDS_0285,other
Pharokka_ST002_ECM1_CDS_0286,unknown function
Pharokka_ST002_ECM1_CDS_0287,unknown function
Pharokka_ST002_ECM1_CDS_0288,unknown function
Pharokka_ST002_ECM1_CDS_0289,unknown function
Pharokka_ST002_ECM1_CDS_0290,unknown function
Pharokka_ST002_ECM1_CDS_0291,unknown function
Pharokka_ST002_ECM1_CDS_0292,unknown function
Pharokka_ST002_ECM1_CDS_0293,unknown function
Pharokka_ST002_ECM1_CDS_0294,unknown function
Pharokka_ST002_ECM1_CDS_0295,unknown function
Pharokka_ST002_ECM1_CDS_0296,unknown function
Pharokka_ST002_ECM1_CDS_0297,unknown function
Pharokka_ST002_ECM1_CDS_0298,unknown function
Pharokka_ST002_ECM1_CDS_0299,unknown function
Pharokka_ST002_ECM1_CDS_0300,other
Pharokka_ST002_ECM1_CDS_0301,unknown function
Pharokka_ST002_ECM1_CDS_0302,"DNA, RNA and nucleotide metabolism"
Pharokka_ST002_ECM1_CDS_0303,unknown function
Pharokka_ST002_ECM1_CDS_0304,lysis
Pharokka_ST002_ECM1_CDS_0305,unknown function
Pharokka_ST002_ECM1_CDS_0306,unknown function
Pharokka_ST002_ECM1_CDS_0307,"moron, auxiliary metabolic gene and host takeover"
Pharokka_ST002_ECM1_CDS_0308,lysis
Pharokka_7_EC78_CDS_0001,head and packaging
Pharokka_7_EC78_CDS_0002,head and packaging
Pharokka_7_EC78_CDS_0003,other
Pharokka_7_EC78_CDS_0004,head and packaging
Pharokka_7_EC78_CDS_0005,head and packaging
Pharokka_7_EC78_CDS_0006,head and packaging
Pharokka_7_EC78_CDS_0007,unknown function
Pharokka_7_EC78_CDS_0008,unknown function
Pharokka_7_EC78_CDS_0009,connector
Pharokka_7_EC78_CDS_0010,head and packaging
Pharokka_7_EC78_CDS_0011,connector
Pharokka_7_EC78_CDS_0012,tail
Pharokka_7_EC78_CDS_0013,head and packaging
Pharokka_7_EC78_CDS_0014,tail
Pharokka_7_EC78_CDS_0015,unknown function
Pharokka_7_EC78_CDS_0016,tail
Pharokka_7_EC78_CDS_0017,unknown function
Pharokka_7_EC78_CDS_0018,tail
Pharokka_7_EC78_CDS_0019,head and packaging
Pharokka_7_EC78_CDS_0020,tail
Pharokka_7_EC78_CDS_0021,tail
Pharokka_7_EC78_CDS_0022,tail
Pharokka_7_EC78_CDS_0023,tail
Pharokka_7_EC78_CDS_0024,tail
Pharokka_7_EC78_CDS_0025,tail
Pharokka_7_EC78_CDS_0026,tail
Pharokka_7_EC78_CDS_0027,"moron, auxiliary metabolic gene and host takeover"
Pharokka_7_EC78_CDS_0028,tail
Pharokka_7_EC78_CDS_0029,tail
Pharokka_7_EC78_CDS_0030,tail
Pharokka_7_EC78_CDS_0031,tail
Pharokka_7_EC78_CDS_0032,other
Pharokka_7_EC78_CDS_0033,"moron, auxiliary metabolic gene and host takeover"
Pharokka_7_EC78_CDS_0034,tail
Pharokka_7_EC78_CDS_0035,tail
Pharokka_7_EC78_CDS_0036,"DNA, RNA and nucleotide metabolism"
Pharokka_7_EC78_CDS_0037,unknown function
Pharokka_7_EC78_CDS_0038,"DNA, RNA and nucleotide metabolism"
Pharokka_7_EC78_CDS_0039,unknown function
Pharokka_7_EC78_CDS_0040,unknown function
Pharokka_7_EC78_CDS_0041,unknown function
Pharokka_7_EC78_CDS_0042,"DNA, RNA and nucleotide metabolism"
Pharokka_7_EC78_CDS_0043,"moron, auxiliary metabolic gene and host takeover"
Pharokka_7_EC78_CDS_0044,unknown function
Pharokka_7_EC78_CDS_0045,"DNA, RNA and nucleotide metabolism"
Pharokka_7_EC78_CDS_0046,unknown function
Pharokka_7_EC78_CDS_0047,"moron, auxiliary metabolic gene and host takeover"
Pharokka_7_EC78_CDS_0048,"moron, auxiliary metabolic gene and host takeover"
Pharokka_7_EC78_CDS_0049,"moron, auxiliary metabolic gene and host takeover"
Pharokka_7_EC78_CDS_0050,"moron, auxiliary metabolic gene and host takeover"
Pharokka_7_EC78_CDS_0051,unknown function
Pharokka_7_EC78_CDS_0052,unknown function
Pharokka_7_EC78_CDS_0053,unknown function
Pharokka_7_EC78_CDS_0054,lysis
Pharokka_7_EC78_CDS_0055,"DNA, RNA and nucleotide metabolism"
Pharokka_7_EC78_CDS_0056,unknown function
Pharokka_7_EC78_CDS_0057,unknown function
Pharokka_7_EC78_CDS_0058,"DNA, RNA and nucleotide metabolism"
Pharokka_7_EC78_CDS_0059,unknown function
Pharokka_7_EC78_CDS_0060,unknown function
Pharokka_7_EC78_CDS_0061,unknown function
Pharokka_7_EC78_CDS_0062,unknown function
Pharokka_7_EC78_CDS_0063,unknown function
Pharokka_7_EC78_CDS_0064,"moron, auxiliary metabolic gene and host takeover"
Pharokka_7_EC78_CDS_0065,"DNA, RNA and nucleotide metabolism"
Pharokka_7_EC78_CDS_0066,unknown function
Pharokka_7_EC78_CDS_0067,unknown function
Pharokka_7_EC78_CDS_0068,unknown function
Pharokka_7_EC78_CDS_0069,"moron, auxiliary metabolic gene and host takeover"
Pharokka_7_EC78_CDS_0070,unknown function
Pharokka_7_EC78_CDS_0071,other
Pharokka_7_EC78_CDS_0072,"moron, auxiliary metabolic gene and host takeover"
Pharokka_7_EC78_CDS_0073,other
Pharokka_7_EC78_CDS_0074,other
Pharokka_7_EC78_CDS_0075,unknown function
Pharokka_7_EC78_CDS_0076,"DNA, RNA and nucleotide metabolism"
Pharokka_7_EC78_CDS_0077,"moron, auxiliary metabolic gene and host takeover"
Pharokka_7_EC78_CDS_0078,"DNA, RNA and nucleotide metabolism"
Pharokka_7_EC78_CDS_0079,"DNA, RNA and nucleotide metabolism"
Pharokka_7_EC78_CDS_0080,unknown function
Pharokka_7_EC78_CDS_0081,"DNA, RNA and nucleotide metabolism"
Pharokka_7_EC78_CDS_0082,unknown function
Pharokka_7_EC78_CDS_0083,unknown function
Pharokka_7_EC78_CDS_0084,"DNA, RNA and nucleotide metabolism"
Pharokka_7_EC78_CDS_0085,unknown function
Pharokka_7_EC78_CDS_0086,unknown function
Pharokka_7_EC78_CDS_0087,unknown function
Pharokka_7_EC78_CDS_0088,unknown function
Pharokka_7_EC78_CDS_0089,unknown function
Pharokka_7_EC78_CDS_0090,unknown function
Pharokka_7_EC78_CDS_0091,unknown function
Pharokka_7_EC78_CDS_0092,unknown function
Pharokka_7_EC78_CDS_0093,unknown function
Pharokka_7_EC78_CDS_0094,unknown function
Pharokka_7_EC78_CDS_0095,unknown function
Pharokka_7_EC78_CDS_0096,unknown function
Pharokka_7_EC78_CDS_0097,unknown function
Pharokka_7_EC78_CDS_0098,unknown function
Pharokka_7_EC78_CDS_0099,unknown function
Pharokka_7_EC78_CDS_0100,unknown function
Pharokka_7_EC78_CDS_0101,unknown function
Pharokka_7_EC78_CDS_0102,unknown function
Pharokka_7_EC78_CDS_0103,unknown function
Pharokka_7_EC78_CDS_0104,unknown function
Pharokka_7_EC78_CDS_0105,unknown function
Pharokka_7_EC78_CDS_0106,unknown function
Pharokka_7_EC78_CDS_0107,unknown function
Pharokka_7_EC78_CDS_0108,unknown function
Pharokka_7_EC78_CDS_0109,other
Pharokka_7_EC78_CDS_0110,"DNA, RNA and nucleotide metabolism"
Pharokka_7_EC78_CDS_0111,unknown function
Pharokka_7_EC78_CDS_0112,unknown function
Pharokka_7_EC78_CDS_0113,other
Pharokka_7_EC78_CDS_0114,unknown function
Pharokka_7_EC78_CDS_0115,unknown function
Pharokka_7_EC78_CDS_0116,unknown function
Pharokka_7_EC78_CDS_0117,unknown function
Pharokka_7_EC78_CDS_0118,unknown function
Pharokka_7_EC78_CDS_0119,unknown function
Pharokka_7_EC78_CDS_0120,unknown function
Pharokka_7_EC78_CDS_0121,unknown function
Pharokka_7_EC78_CDS_0122,unknown function
Pharokka_7_EC78_CDS_0123,unknown function
Pharokka_7_EC78_CDS_0124,unknown function
Pharokka_7_EC78_CDS_0125,unknown function
Pharokka_7_EC78_CDS_0126,unknown function
Pharokka_7_EC78_CDS_0127,unknown function
Pharokka_7_EC78_CDS_0128,unknown function
Pharokka_7_EC78_CDS_0129,unknown function
Pharokka_7_EC78_CDS_0130,unknown function
Pharokka_7_EC78_CDS_0131,unknown function
Pharokka_7_EC78_CDS_0132,other
Pharokka_7_EC78_CDS_0133,unknown function
Pharokka_7_EC78_CDS_0134,unknown function
Pharokka_7_EC78_CDS_0135,unknown function
Pharokka_7_EC78_CDS_0136,unknown function
Pharokka_7_EC78_CDS_0137,unknown function
Pharokka_7_EC78_CDS_0138,unknown function
Pharokka_7_EC78_CDS_0139,unknown function
Pharokka_7_EC78_CDS_0140,"moron, auxiliary metabolic gene and host takeover"
Pharokka_7_EC78_CDS_0141,unknown function
Pharokka_7_EC78_CDS_0142,unknown function
Pharokka_7_EC78_CDS_0143,unknown function
Pharokka_7_EC78_CDS_0144,unknown function
Pharokka_7_EC78_CDS_0145,unknown function
Pharokka_7_EC78_CDS_0146,unknown function
Pharokka_7_EC78_CDS_0147,unknown function
Pharokka_7_EC78_CDS_0148,unknown function
Pharokka_7_EC78_CDS_0149,unknown function
Pharokka_7_EC78_CDS_0150,unknown function
Pharokka_7_EC78_CDS_0151,unknown function
Pharokka_7_EC78_CDS_0152,unknown function
Pharokka_7_EC78_CDS_0153,unknown function
Pharokka_7_EC78_CDS_0154,unknown function
Pharokka_7_EC78_CDS_0155,unknown function
Pharokka_7_EC78_CDS_0156,unknown function
Pharokka_7_EC78_CDS_0157,unknown function
Pharokka_7_EC78_CDS_0158,unknown function
Pharokka_7_EC78_CDS_0159,unknown function
Pharokka_7_EC78_CDS_0160,unknown function
Pharokka_7_EC78_CDS_0161,unknown function
Pharokka_7_EC78_CDS_0162,unknown function
Pharokka_7_EC78_CDS_0163,unknown function
Pharokka_7_EC78_CDS_0164,unknown function
Pharokka_7_EC78_CDS_0165,unknown function
Pharokka_7_EC78_CDS_0166,unknown function
Pharokka_7_EC78_CDS_0167,unknown function
Pharokka_7_EC78_CDS_0168,unknown function
Pharokka_7_EC78_CDS_0169,unknown function
Pharokka_7_EC78_CDS_0170,unknown function
Pharokka_7_EC78_CDS_0171,unknown function
Pharokka_7_EC78_CDS_0172,unknown function
Pharokka_7_EC78_CDS_0173,unknown function
Pharokka_7_EC78_CDS_0174,unknown function
Pharokka_7_EC78_CDS_0175,unknown function
Pharokka_7_EC78_CDS_0176,unknown function
Pharokka_7_EC78_CDS_0177,unknown function
Pharokka_7_EC78_CDS_0178,unknown function
Pharokka_7_EC78_CDS_0179,unknown function
Pharokka_7_EC78_CDS_0180,unknown function
Pharokka_7_EC78_CDS_0181,unknown function
Pharokka_7_EC78_CDS_0182,unknown function
Pharokka_7_EC78_CDS_0183,unknown function
Pharokka_7_EC78_CDS_0184,unknown function
Pharokka_7_EC78_CDS_0185,unknown function
Pharokka_7_EC78_CDS_0186,unknown function
Pharokka_7_EC78_CDS_0187,unknown function
Pharokka_7_EC78_CDS_0188,unknown function
Pharokka_7_EC78_CDS_0189,unknown function
Pharokka_7_EC78_CDS_0190,unknown function
Pharokka_7_EC78_CDS_0191,unknown function
Pharokka_7_EC78_CDS_0192,unknown function
Pharokka_7_EC78_CDS_0193,unknown function
Pharokka_7_EC78_CDS_0194,unknown function
Pharokka_7_EC78_CDS_0195,unknown function
Pharokka_7_EC78_CDS_0196,unknown function
Pharokka_7_EC78_CDS_0197,unknown function
Pharokka_7_EC78_CDS_0198,unknown function
Pharokka_7_EC78_CDS_0199,unknown function
Pharokka_7_EC78_CDS_0200,"DNA, RNA and nucleotide metabolism"
Pharokka_7_EC78_CDS_0201,unknown function
Pharokka_7_EC78_CDS_0202,unknown function
Pharokka_7_EC78_CDS_0203,unknown function
Pharokka_7_EC78_CDS_0204,unknown function
Pharokka_7_EC78_CDS_0205,unknown function
Pharokka_7_EC78_CDS_0206,unknown function
Pharokka_7_EC78_CDS_0207,unknown function
Pharokka_7_EC78_CDS_0208,unknown function
Pharokka_7_EC78_CDS_0209,unknown function
Pharokka_7_EC78_CDS_0210,unknown function
Pharokka_7_EC78_CDS_0211,unknown function
Pharokka_7_EC78_CDS_0212,unknown function
Pharokka_7_EC78_CDS_0213,"DNA, RNA and nucleotide metabolism"
Pharokka_7_EC78_CDS_0214,unknown function
Pharokka_7_EC78_CDS_0215,unknown function
Pharokka_7_EC78_CDS_0216,unknown function
Pharokka_7_EC78_CDS_0217,unknown function
Pharokka_7_EC78_CDS_0218,unknown function
Pharokka_7_EC78_CDS_0219,unknown function
Pharokka_7_EC78_CDS_0220,unknown function
Pharokka_7_EC78_CDS_0221,unknown function
Pharokka_7_EC78_CDS_0222,unknown function
Pharokka_7_EC78_CDS_0223,"DNA, RNA and nucleotide metabolism"
Pharokka_7_EC78_CDS_0224,unknown function
Pharokka_7_EC78_CDS_0225,unknown function
Pharokka_7_EC78_CDS_0226,other
Pharokka_7_EC78_CDS_0227,unknown function
Pharokka_7_EC78_CDS_0228,unknown function
Pharokka_7_EC78_CDS_0229,unknown function
Pharokka_7_EC78_CDS_0230,unknown function
Pharokka_7_EC78_CDS_0231,unknown function
Pharokka_7_EC78_CDS_0232,unknown function
Pharokka_7_EC78_CDS_0233,unknown function
Pharokka_7_EC78_CDS_0234,unknown function
Pharokka_7_EC78_CDS_0235,"DNA, RNA and nucleotide metabolism"
Pharokka_7_EC78_CDS_0236,unknown function
Pharokka_7_EC78_CDS_0237,other
Pharokka_7_EC78_CDS_0238,unknown function
Pharokka_7_EC78_CDS_0239,"DNA, RNA and nucleotide metabolism"
Pharokka_7_EC78_CDS_0240,unknown function
Pharokka_7_EC78_CDS_0241,unknown function
Pharokka_7_EC78_CDS_0242,unknown function
Pharokka_7_EC78_CDS_0243,other
Pharokka_7_EC78_CDS_0244,unknown function
Pharokka_7_EC78_CDS_0245,other
Pharokka_7_EC78_CDS_0246,unknown function
Pharokka_7_EC78_CDS_0247,other
Pharokka_7_EC78_CDS_0248,lysis
Pharokka_7_EC78_CDS_0249,unknown function
Pharokka_7_EC78_CDS_0250,"DNA, RNA and nucleotide metabolism"
Pharokka_7_EC78_CDS_0251,"DNA, RNA and nucleotide metabolism"
Pharokka_7_EC78_CDS_0252,"moron, auxiliary metabolic gene and host takeover"
Pharokka_7_EC78_CDS_0253,"moron, auxiliary metabolic gene and host takeover"
Pharokka_7_EC78_CDS_0254,"DNA, RNA and nucleotide metabolism"
Pharokka_7_EC78_CDS_0255,unknown function
Pharokka_7_EC78_CDS_0256,unknown function
Pharokka_7_EC78_CDS_0257,unknown function
Pharokka_7_EC78_CDS_0258,unknown function
Pharokka_7_EC78_CDS_0259,"DNA, RNA and nucleotide metabolism"
Pharokka_7_EC78_CDS_0260,"DNA, RNA and nucleotide metabolism"
Pharokka_7_EC78_CDS_0261,"DNA, RNA and nucleotide metabolism"
Pharokka_7_EC78_CDS_0262,unknown function
Pharokka_7_EC78_CDS_0263,unknown function
Pharokka_7_EC78_CDS_0264,"DNA, RNA and nucleotide metabolism"
Pharokka_7_EC78_CDS_0265,unknown function
Pharokka_7_EC78_CDS_0266,"DNA, RNA and nucleotide metabolism"
Pharokka_7_EC78_CDS_0267,unknown function
Pharokka_7_EC78_CDS_0268,other
Pharokka_7_EC78_CDS_0269,unknown function
Pharokka_7_EC78_CDS_0270,"DNA, RNA and nucleotide metabolism"
Pharokka_7_EC78_CDS_0271,"DNA, RNA and nucleotide metabolism"
Pharokka_7_EC78_CDS_0272,unknown function
Pharokka_7_EC78_CDS_0273,unknown function
Pharokka_7_EC78_CDS_0274,unknown function
Pharokka_7_EC78_CDS_0275,"DNA, RNA and nucleotide metabolism"
Pharokka_7_EC78_CDS_0276,other
Pharokka_7_EC78_CDS_0277,unknown function
Pharokka_7_EC78_CDS_0278,unknown function
Pharokka_7_EC78_CDS_0279,"DNA, RNA and nucleotide metabolism"
Pharokka_7_EC78_CDS_0280,unknown function
Pharokka_7_EC78_CDS_0281,unknown function
Pharokka_7_EC78_CDS_0282,other
Pharokka_7_EC78_CDS_0283,other
Pharokka_7_EC78_CDS_0284,tail
Pharokka_7_EC78_CDS_0285,other
Pharokka_7_EC78_CDS_0286,unknown function
Pharokka_7_EC78_CDS_0287,unknown function
Pharokka_7_EC78_CDS_0288,other
Pharokka_7_EC78_CDS_0289,unknown function
Pharokka_7_EC78_CDS_0290,unknown function
Pharokka_7_EC78_CDS_0291,unknown function
Pharokka_7_EC78_CDS_0292,unknown function
Pharokka_7_EC78_CDS_0293,unknown function
Pharokka_7_EC78_CDS_0294,unknown function
Pharokka_7_EC78_CDS_0295,unknown function
Pharokka_7_EC78_CDS_0296,unknown function
Pharokka_7_EC78_CDS_0297,unknown function
Pharokka_7_EC78_CDS_0298,unknown function
Pharokka_7_EC78_CDS_0299,unknown function
Pharokka_7_EC78_CDS_0300,unknown function
Pharokka_7_EC78_CDS_0301,unknown function
Pharokka_7_EC78_CDS_0302,unknown function
Pharokka_7_EC78_CDS_0303,other
Pharokka_7_EC78_CDS_0304,unknown function
Pharokka_7_EC78_CDS_0305,unknown function
Pharokka_7_EC78_CDS_0306,"DNA, RNA and nucleotide metabolism"
Pharokka_7_EC78_CDS_0307,unknown function
Pharokka_7_EC78_CDS_0308,unknown function
Pharokka_7_EC78_CDS_0309,unknown function
Pharokka_7_EC78_CDS_0310,unknown function
Pharokka_7_EC78_CDS_0311,"moron, auxiliary metabolic gene and host takeover"
Pharokka_7_EC78_CDS_0312,lysis
Pharokka_SS3-ECM1_2_CDS_0001,head and packaging
Pharokka_SS3-ECM1_2_CDS_0002,unknown function
Pharokka_SS3-ECM1_2_CDS_0003,"moron, auxiliary metabolic gene and host takeover"
Pharokka_SS3-ECM1_2_CDS_0004,unknown function
Pharokka_SS3-ECM1_2_CDS_0005,unknown function
Pharokka_SS3-ECM1_2_CDS_0006,head and packaging
Pharokka_SS3-ECM1_2_CDS_0007,"DNA, RNA and nucleotide metabolism"
Pharokka_SS3-ECM1_2_CDS_0008,unknown function
Pharokka_SS3-ECM1_2_CDS_0009,head and packaging
Pharokka_SS3-ECM1_2_CDS_0010,head and packaging
Pharokka_SS3-ECM1_2_CDS_0011,other
Pharokka_SS3-ECM1_2_CDS_0012,unknown function
Pharokka_SS3-ECM1_2_CDS_0013,head and packaging
Pharokka_SS3-ECM1_2_CDS_0014,head and packaging
Pharokka_SS3-ECM1_2_CDS_0015,unknown function
Pharokka_SS3-ECM1_2_CDS_0016,tail
Pharokka_SS3-ECM1_2_CDS_0017,tail
Pharokka_SS3-ECM1_2_CDS_0018,tail
Pharokka_SS3-ECM1_2_CDS_0019,head and packaging
Pharokka_SS3-ECM1_2_CDS_0020,"moron, auxiliary metabolic gene and host takeover"
Pharokka_SS3-ECM1_2_CDS_0021,unknown function
Pharokka_SS3-ECM1_2_CDS_0022,unknown function
Pharokka_SS3-ECM1_2_CDS_0023,connector
Pharokka_SS3-ECM1_2_CDS_0024,head and packaging
Pharokka_SS3-ECM1_2_CDS_0025,connector
Pharokka_SS3-ECM1_2_CDS_0026,unknown function
Pharokka_SS3-ECM1_2_CDS_0027,tail
Pharokka_SS3-ECM1_2_CDS_0028,head and packaging
Pharokka_SS3-ECM1_2_CDS_0029,tail
Pharokka_SS3-ECM1_2_CDS_0030,unknown function
Pharokka_SS3-ECM1_2_CDS_0031,tail
Pharokka_SS3-ECM1_2_CDS_0032,tail
Pharokka_SS3-ECM1_2_CDS_0033,head and packaging
Pharokka_SS3-ECM1_2_CDS_0034,tail
Pharokka_SS3-ECM1_2_CDS_0035,tail
Pharokka_SS3-ECM1_2_CDS_0036,tail
Pharokka_SS3-ECM1_2_CDS_0037,unknown function
Pharokka_SS3-ECM1_2_CDS_0038,tail
Pharokka_SS3-ECM1_2_CDS_0039,tail
Pharokka_SS3-ECM1_2_CDS_0040,tail
Pharokka_SS3-ECM1_2_CDS_0041,tail
Pharokka_SS3-ECM1_2_CDS_0042,tail
Pharokka_SS3-ECM1_2_CDS_0043,unknown function
Pharokka_SS3-ECM1_2_CDS_0044,unknown function
Pharokka_SS3-ECM1_2_CDS_0045,"moron, auxiliary metabolic gene and host takeover"
Pharokka_SS3-ECM1_2_CDS_0046,tail
Pharokka_SS3-ECM1_2_CDS_0047,tail
Pharokka_SS3-ECM1_2_CDS_0048,"DNA, RNA and nucleotide metabolism"
Pharokka_SS3-ECM1_2_CDS_0049,unknown function
Pharokka_SS3-ECM1_2_CDS_0050,unknown function
Pharokka_SS3-ECM1_2_CDS_0051,unknown function
Pharokka_SS3-ECM1_2_CDS_0052,unknown function
Pharokka_SS3-ECM1_2_CDS_0053,unknown function
Pharokka_SS3-ECM1_2_CDS_0054,unknown function
Pharokka_SS3-ECM1_2_CDS_0055,unknown function
Pharokka_SS3-ECM1_2_CDS_0056,unknown function
Pharokka_SS3-ECM1_2_CDS_0057,unknown function
Pharokka_SS3-ECM1_2_CDS_0058,unknown function
Pharokka_SS3-ECM1_2_CDS_0059,unknown function
Pharokka_SS3-ECM1_2_CDS_0060,unknown function
Pharokka_SS3-ECM1_2_CDS_0061,unknown function
Pharokka_SS3-ECM1_2_CDS_0062,unknown function
Pharokka_SS3-ECM1_2_CDS_0063,unknown function
Pharokka_SS3-ECM1_2_CDS_0064,unknown function
Pharokka_SS3-ECM1_2_CDS_0065,unknown function
Pharokka_SS3-ECM1_2_CDS_0066,unknown function
Pharokka_SS3-ECM1_2_CDS_0067,unknown function
Pharokka_SS3-ECM1_2_CDS_0068,unknown function
Pharokka_SS3-ECM1_2_CDS_0069,unknown function
Pharokka_SS3-ECM1_2_CDS_0070,unknown function
Pharokka_SS3-ECM1_2_CDS_0071,"DNA, RNA and nucleotide metabolism"
Pharokka_SS3-ECM1_2_CDS_0072,unknown function
Pharokka_SS3-ECM1_2_CDS_0073,"DNA, RNA and nucleotide metabolism"
Pharokka_SS3-ECM1_2_CDS_0074,"DNA, RNA and nucleotide metabolism"
Pharokka_SS3-ECM1_2_CDS_0075,unknown function
Pharokka_SS3-ECM1_2_CDS_0076,"DNA, RNA and nucleotide metabolism"
Pharokka_SS3-ECM1_2_CDS_0077,unknown function
Pharokka_SS3-ECM1_2_CDS_0078,"DNA, RNA and nucleotide metabolism"
Pharokka_SS3-ECM1_2_CDS_0079,unknown function
Pharokka_SS3-ECM1_2_CDS_0080,other
Pharokka_SS3-ECM1_2_CDS_0081,"DNA, RNA and nucleotide metabolism"
Pharokka_SS3-ECM1_2_CDS_0082,unknown function
Pharokka_SS3-ECM1_2_CDS_0083,unknown function
Pharokka_SS3-ECM1_2_CDS_0084,"DNA, RNA and nucleotide metabolism"
Pharokka_SS3-ECM1_2_CDS_0085,unknown function
Pharokka_SS3-ECM1_2_CDS_0086,unknown function
Pharokka_SS3-ECM1_2_CDS_0087,unknown function
Pharokka_SS3-ECM1_2_CDS_0088,"DNA, RNA and nucleotide metabolism"
Pharokka_SS3-ECM1_2_CDS_0089,lysis
Pharokka_SS3-ECM1_2_CDS_0090,lysis
Pharokka_SS3-ECM1_2_CDS_0091,lysis
Pharokka_SS3-ECM1_2_CDS_0092,unknown function
Pharokka_SS3-ECM1_2_CDS_0093,"DNA, RNA and nucleotide metabolism"
Pharokka_SS3-ECM1_2_CDS_0094,other
Pharokka_SS3-ECM1_2_CDS_0095,unknown function
Pharokka_SS3-ECM1_2_CDS_0096,other
Pharokka_SS3-ECM1_2_CDS_0097,tail
Pharokka_SS3-ECM1_2_CDS_0098,unknown function
Pharokka_SS3-ECM1_2_CDS_0099,other
Pharokka_SS3-ECM1_2_CDS_0100,unknown function
Pharokka_SS3-ECM1_2_CDS_0101,unknown function
Pharokka_SS3-ECM1_2_CDS_0102,unknown function
Pharokka_SS3-ECM1_2_CDS_0103,other
Pharokka_SS3-ECM1_2_CDS_0104,other
Pharokka_SS3-ECM1_2_CDS_0105,other
Pharokka_SS3-ECM1_2_CDS_0106,"DNA, RNA and nucleotide metabolism"
Pharokka_SS3-ECM1_2_CDS_0107,"moron, auxiliary metabolic gene and host takeover"
Pharokka_SS3-ECM1_2_CDS_0108,tail
Pharokka_SS3-ECM1_2_CDS_0109,"DNA, RNA and nucleotide metabolism"
Pharokka_SS3-ECM1_2_CDS_0110,tail
Pharokka_SS3-ECM1_2_CDS_0111,unknown function
Pharokka_SS3-ECM1_2_CDS_0112,unknown function
Pharokka_SS3-ECM1_2_CDS_0113,unknown function
Pharokka_SS3-ECM1_2_CDS_0114,unknown function
Pharokka_SS3-ECM1_2_CDS_0115,unknown function
Pharokka_SS3-ECM1_2_CDS_0116,unknown function
Pharokka_SS3-ECM1_2_CDS_0117,"moron, auxiliary metabolic gene and host takeover"
Pharokka_SS3-ECM1_2_CDS_0118,unknown function
Pharokka_SS3-ECM1_2_CDS_0119,unknown function
Pharokka_SS3-ECM1_2_CDS_0120,lysis
Pharokka_SS3-ECM1_2_CDS_0121,unknown function
Pharokka_SS3-ECM1_2_CDS_0122,unknown function
Pharokka_SS3-ECM1_2_CDS_0123,unknown function
Pharokka_SS3-ECM1_2_CDS_0124,unknown function
Pharokka_SS3-ECM1_2_CDS_0125,unknown function
Pharokka_SS3-ECM1_2_CDS_0126,unknown function
Pharokka_SS3-ECM1_2_CDS_0127,unknown function
Pharokka_SS3-ECM1_2_CDS_0128,unknown function
Pharokka_SS3-ECM1_2_CDS_0129,unknown function
Pharokka_SS3-ECM1_2_CDS_0130,unknown function
Pharokka_SS3-ECM1_2_CDS_0131,unknown function
Pharokka_SS3-ECM1_2_CDS_0132,unknown function
Pharokka_SS3-ECM1_2_CDS_0133,unknown function
Pharokka_SS3-ECM1_2_CDS_0134,unknown function
Pharokka_SS3-ECM1_2_CDS_0135,unknown function
Pharokka_SS3-ECM1_2_CDS_0136,unknown function
Pharokka_SS3-ECM1_2_CDS_0137,unknown function
Pharokka_SS3-ECM1_2_CDS_0138,unknown function
Pharokka_SS3-ECM1_2_CDS_0139,unknown function
Pharokka_SS3-ECM1_2_CDS_0140,unknown function
Pharokka_SS3-ECM1_2_CDS_0141,unknown function
Pharokka_SS3-ECM1_2_CDS_0142,unknown function
Pharokka_SS3-ECM1_2_CDS_0143,unknown function
Pharokka_SS3-ECM1_2_CDS_0144,unknown function
Pharokka_SS3-ECM1_2_CDS_0145,unknown function
Pharokka_SS3-ECM1_2_CDS_0146,unknown function
Pharokka_SS3-ECM1_2_CDS_0147,unknown function
Pharokka_SS3-ECM1_2_CDS_0148,unknown function
Pharokka_SS3-ECM1_2_CDS_0149,unknown function
Pharokka_SS3-ECM1_2_CDS_0150,unknown function
Pharokka_SS3-ECM1_2_CDS_0151,"moron, auxiliary metabolic gene and host takeover"
Pharokka_SS3-ECM1_2_CDS_0152,unknown function
Pharokka_SS3-ECM1_2_CDS_0153,unknown function
Pharokka_SS3-ECM1_2_CDS_0154,unknown function
Pharokka_SS3-ECM1_2_CDS_0155,unknown function
Pharokka_SS3-ECM1_2_CDS_0156,unknown function
Pharokka_SS3-ECM1_2_CDS_0157,unknown function
Pharokka_SS3-ECM1_2_CDS_0158,unknown function
Pharokka_SS3-ECM1_2_CDS_0159,unknown function
Pharokka_SS3-ECM1_2_CDS_0160,unknown function
Pharokka_SS3-ECM1_2_CDS_0161,unknown function
Pharokka_SS3-ECM1_2_CDS_0162,unknown function
Pharokka_SS3-ECM1_2_CDS_0163,unknown function
Pharokka_SS3-ECM1_2_CDS_0164,unknown function
Pharokka_SS3-ECM1_2_CDS_0165,unknown function
Pharokka_SS3-ECM1_2_CDS_0166,unknown function
Pharokka_SS3-ECM1_2_CDS_0167,unknown function
Pharokka_SS3-ECM1_2_CDS_0168,"moron, auxiliary metabolic gene and host takeover"
Pharokka_SS3-ECM1_2_CDS_0169,unknown function
Pharokka_SS3-ECM1_2_CDS_0170,unknown function
Pharokka_SS3-ECM1_2_CDS_0171,unknown function
Pharokka_SS3-ECM1_2_CDS_0172,unknown function
Pharokka_SS3-ECM1_2_CDS_0173,"DNA, RNA and nucleotide metabolism"
Pharokka_SS3-ECM1_2_CDS_0174,unknown function
Pharokka_SS3-ECM1_2_CDS_0175,"moron, auxiliary metabolic gene and host takeover"
Pharokka_SS3-ECM1_2_CDS_0176,other
Pharokka_SS3-ECM1_2_CDS_0177,"moron, auxiliary metabolic gene and host takeover"
Pharokka_SS3-ECM1_2_CDS_0178,unknown function
Pharokka_SS3-ECM1_2_CDS_0179,"DNA, RNA and nucleotide metabolism"
Pharokka_SS3-ECM1_2_CDS_0180,unknown function
Pharokka_SS3-ECM1_2_CDS_0181,unknown function
Pharokka_SS3-ECM1_2_CDS_0182,other
Pharokka_SS3-ECM1_2_CDS_0183,other
Pharokka_SS3-ECM1_2_CDS_0184,unknown function
Pharokka_SS3-ECM1_2_CDS_0185,unknown function
Pharokka_SS3-ECM1_2_CDS_0186,"DNA, RNA and nucleotide metabolism"
Pharokka_SS3-ECM1_2_CDS_0187,other
Pharokka_SS3-ECM1_2_CDS_0188,lysis
Pharokka_SS3-ECM1_2_CDS_0189,unknown function
Pharokka_SS3-ECM1_2_CDS_0190,unknown function
Pharokka_SS3-ECM1_2_CDS_0191,"DNA, RNA and nucleotide metabolism"
Pharokka_SS3-ECM1_2_CDS_0192,"DNA, RNA and nucleotide metabolism"
Pharokka_SS3-ECM1_2_CDS_0193,tail
Pharokka_SS3-ECM1_2_CDS_0194,"moron, auxiliary metabolic gene and host takeover"
Pharokka_SS3-ECM1_2_CDS_0195,unknown function
Pharokka_SS3-ECM1_2_CDS_0196,"moron, auxiliary metabolic gene and host takeover"
Pharokka_SS3-ECM1_2_CDS_0197,unknown function
Pharokka_SS3-ECM1_2_CDS_0198,unknown function
Pharokka_SS3-ECM1_2_CDS_0199,"moron, auxiliary metabolic gene and host takeover"
Pharokka_SS3-ECM1_2_CDS_0200,"DNA, RNA and nucleotide metabolism"
Pharokka_SS3-ECM1_2_CDS_0201,"DNA, RNA and nucleotide metabolism"
Pharokka_SS3-ECM1_2_CDS_0202,"DNA, RNA and nucleotide metabolism"
Pharokka_SS3-ECM1_2_CDS_0203,unknown function
Pharokka_SS3-ECM1_2_CDS_0204,unknown function
Pharokka_SS3-ECM1_2_CDS_0205,"DNA, RNA and nucleotide metabolism"
Pharokka_SS3-ECM1_2_CDS_0206,unknown function
Pharokka_SS3-ECM1_2_CDS_0207,unknown function
Pharokka_SS3-ECM1_2_CDS_0208,unknown function
Pharokka_SS3-ECM1_2_CDS_0209,"DNA, RNA and nucleotide metabolism"
Pharokka_SS3-ECM1_2_CDS_0210,other
Pharokka_SS3-ECM1_2_CDS_0211,"DNA, RNA and nucleotide metabolism"
Pharokka_SS3-ECM1_2_CDS_0212,"DNA, RNA and nucleotide metabolism"
Pharokka_SS3-ECM1_2_CDS_0213,"DNA, RNA and nucleotide metabolism"
Pharokka_SS3-ECM1_2_CDS_0214,unknown function
Pharokka_SS3-ECM1_2_CDS_0215,"DNA, RNA and nucleotide metabolism"
Pharokka_SS3-ECM1_2_CDS_0216,unknown function
Pharokka_SS3-ECM1_2_CDS_0217,"DNA, RNA and nucleotide metabolism"
Pharokka_SS3-ECM1_2_CDS_0218,"DNA, RNA and nucleotide metabolism"
Pharokka_SS3-ECM1_2_CDS_0219,unknown function
Pharokka_SS3-ECM1_2_CDS_0220,unknown function
Pharokka_SS3-ECM1_2_CDS_0221,other
Pharokka_SS3-ECM1_2_CDS_0222,"moron, auxiliary metabolic gene and host takeover"
Pharokka_SS3-ECM1_2_CDS_0223,transcription regulation
Pharokka_SS3-ECM1_2_CDS_0224,unknown function
Pharokka_SS3-ECM1_2_CDS_0225,other
Pharokka_SS3-ECM1_2_CDS_0226,unknown function
Pharokka_SS3-ECM1_2_CDS_0227,"DNA, RNA and nucleotide metabolism"
Pharokka_SS3-ECM1_2_CDS_0228,"DNA, RNA and nucleotide metabolism"
Pharokka_SS3-ECM1_2_CDS_0229,other
Pharokka_SS3-ECM1_2_CDS_0230,unknown function
Pharokka_SS3-ECM1_2_CDS_0231,tail
Pharokka_SS3-ECM1_2_CDS_0232,unknown function
Pharokka_SS3-ECM1_2_CDS_0233,other
Pharokka_SS3-ECM1_2_CDS_0234,unknown function
Pharokka_SS3-ECM1_2_CDS_0235,unknown function
Pharokka_SS3-ECM1_2_CDS_0236,tail
Pharokka_SS3-ECM1_2_CDS_0237,"DNA, RNA and nucleotide metabolism"
Pharokka_SS3-ECM1_2_CDS_0238,other
Pharokka_SS3-ECM1_2_CDS_0239,other
Pharokka_SS3-ECM1_2_CDS_0240,unknown function
Pharokka_SS3-ECM1_2_CDS_0241,unknown function
Pharokka_SS3-ECM1_2_CDS_0242,unknown function
Pharokka_SS3-ECM1_2_CDS_0243,unknown function
Pharokka_SS3-ECM1_2_CDS_0244,unknown function
Pharokka_SS3-ECM1_2_CDS_0245,unknown function
Pharokka_SS3-ECM1_2_CDS_0246,unknown function
Pharokka_SS3-ECM1_2_CDS_0247,tail
Pharokka_SS3-ECM1_2_CDS_0248,unknown function
Pharokka_SS3-ECM1_2_CDS_0249,unknown function
Pharokka_SS3-ECM1_2_CDS_0250,unknown function
Pharokka_SS3-ECM1_2_CDS_0251,unknown function
Pharokka_SS3-ECM1_2_CDS_0252,unknown function
Pharokka_SS3-ECM1_2_CDS_0253,unknown function
Pharokka_SS3-ECM1_2_CDS_0254,unknown function
Pharokka_SS3-ECM1_2_CDS_0255,unknown function
Pharokka_SS3-ECM1_2_CDS_0256,unknown function
Pharokka_SS3-ECM1_2_CDS_0257,unknown function
Pharokka_SS3-ECM1_2_CDS_0258,unknown function
Pharokka_SS3-ECM1_2_CDS_0259,unknown function
Pharokka_SS3-ECM1_2_CDS_0260,"DNA, RNA and nucleotide metabolism"
Pharokka_SS3-ECM1_2_CDS_0261,lysis
Pharokka_SS3-ECM1_2_CDS_0262,lysis
Pharokka_SS3-ECM1_2_CDS_0263,unknown function
Pharokka_SW33_ECM1_CDS_0001,head and packaging
Pharokka_SW33_ECM1_CDS_0002,head and packaging
Pharokka_SW33_ECM1_CDS_0003,other
Pharokka_SW33_ECM1_CDS_0004,head and packaging
Pharokka_SW33_ECM1_CDS_0005,head and packaging
Pharokka_SW33_ECM1_CDS_0006,head and packaging
Pharokka_SW33_ECM1_CDS_0007,unknown function
Pharokka_SW33_ECM1_CDS_0008,unknown function
Pharokka_SW33_ECM1_CDS_0009,connector
Pharokka_SW33_ECM1_CDS_0010,head and packaging
Pharokka_SW33_ECM1_CDS_0011,connector
Pharokka_SW33_ECM1_CDS_0012,tail
Pharokka_SW33_ECM1_CDS_0013,head and packaging
Pharokka_SW33_ECM1_CDS_0014,tail
Pharokka_SW33_ECM1_CDS_0015,unknown function
Pharokka_SW33_ECM1_CDS_0016,tail
Pharokka_SW33_ECM1_CDS_0017,unknown function
Pharokka_SW33_ECM1_CDS_0018,tail
Pharokka_SW33_ECM1_CDS_0019,head and packaging
Pharokka_SW33_ECM1_CDS_0020,tail
Pharokka_SW33_ECM1_CDS_0021,tail
Pharokka_SW33_ECM1_CDS_0022,tail
Pharokka_SW33_ECM1_CDS_0023,tail
Pharokka_SW33_ECM1_CDS_0024,tail
Pharokka_SW33_ECM1_CDS_0025,tail
Pharokka_SW33_ECM1_CDS_0026,"moron, auxiliary metabolic gene and host takeover"
Pharokka_SW33_ECM1_CDS_0027,tail
Pharokka_SW33_ECM1_CDS_0028,tail
Pharokka_SW33_ECM1_CDS_0029,tail
Pharokka_SW33_ECM1_CDS_0030,tail
Pharokka_SW33_ECM1_CDS_0031,other
Pharokka_SW33_ECM1_CDS_0032,"moron, auxiliary metabolic gene and host takeover"
Pharokka_SW33_ECM1_CDS_0033,tail
Pharokka_SW33_ECM1_CDS_0034,tail
Pharokka_SW33_ECM1_CDS_0035,"DNA, RNA and nucleotide metabolism"
Pharokka_SW33_ECM1_CDS_0036,unknown function
Pharokka_SW33_ECM1_CDS_0037,"DNA, RNA and nucleotide metabolism"
Pharokka_SW33_ECM1_CDS_0038,unknown function
Pharokka_SW33_ECM1_CDS_0039,unknown function
Pharokka_SW33_ECM1_CDS_0040,unknown function
Pharokka_SW33_ECM1_CDS_0041,"DNA, RNA and nucleotide metabolism"
Pharokka_SW33_ECM1_CDS_0042,"moron, auxiliary metabolic gene and host takeover"
Pharokka_SW33_ECM1_CDS_0043,unknown function
Pharokka_SW33_ECM1_CDS_0044,"DNA, RNA and nucleotide metabolism"
Pharokka_SW33_ECM1_CDS_0045,unknown function
Pharokka_SW33_ECM1_CDS_0046,"moron, auxiliary metabolic gene and host takeover"
Pharokka_SW33_ECM1_CDS_0047,"moron, auxiliary metabolic gene and host takeover"
Pharokka_SW33_ECM1_CDS_0048,"moron, auxiliary metabolic gene and host takeover"
Pharokka_SW33_ECM1_CDS_0049,"moron, auxiliary metabolic gene and host takeover"
Pharokka_SW33_ECM1_CDS_0050,unknown function
Pharokka_SW33_ECM1_CDS_0051,unknown function
Pharokka_SW33_ECM1_CDS_0052,unknown function
Pharokka_SW33_ECM1_CDS_0053,lysis
Pharokka_SW33_ECM1_CDS_0054,"DNA, RNA and nucleotide metabolism"
Pharokka_SW33_ECM1_CDS_0055,unknown function
Pharokka_SW33_ECM1_CDS_0056,unknown function
Pharokka_SW33_ECM1_CDS_0057,"DNA, RNA and nucleotide metabolism"
Pharokka_SW33_ECM1_CDS_0058,unknown function
Pharokka_SW33_ECM1_CDS_0059,unknown function
Pharokka_SW33_ECM1_CDS_0060,unknown function
Pharokka_SW33_ECM1_CDS_0061,unknown function
Pharokka_SW33_ECM1_CDS_0062,unknown function
Pharokka_SW33_ECM1_CDS_0063,"moron, auxiliary metabolic gene and host takeover"
Pharokka_SW33_ECM1_CDS_0064,"DNA, RNA and nucleotide metabolism"
Pharokka_SW33_ECM1_CDS_0065,unknown function
Pharokka_SW33_ECM1_CDS_0066,unknown function
Pharokka_SW33_ECM1_CDS_0067,unknown function
Pharokka_SW33_ECM1_CDS_0068,"moron, auxiliary metabolic gene and host takeover"
Pharokka_SW33_ECM1_CDS_0069,unknown function
Pharokka_SW33_ECM1_CDS_0070,other
Pharokka_SW33_ECM1_CDS_0071,"moron, auxiliary metabolic gene and host takeover"
Pharokka_SW33_ECM1_CDS_0072,other
Pharokka_SW33_ECM1_CDS_0073,other
Pharokka_SW33_ECM1_CDS_0074,unknown function
Pharokka_SW33_ECM1_CDS_0075,"DNA, RNA and nucleotide metabolism"
Pharokka_SW33_ECM1_CDS_0076,"moron, auxiliary metabolic gene and host takeover"
Pharokka_SW33_ECM1_CDS_0077,"DNA, RNA and nucleotide metabolism"
Pharokka_SW33_ECM1_CDS_0078,"DNA, RNA and nucleotide metabolism"
Pharokka_SW33_ECM1_CDS_0079,unknown function
Pharokka_SW33_ECM1_CDS_0080,"DNA, RNA and nucleotide metabolism"
Pharokka_SW33_ECM1_CDS_0081,unknown function
Pharokka_SW33_ECM1_CDS_0082,unknown function
Pharokka_SW33_ECM1_CDS_0083,"DNA, RNA and nucleotide metabolism"
Pharokka_SW33_ECM1_CDS_0084,unknown function
Pharokka_SW33_ECM1_CDS_0085,unknown function
Pharokka_SW33_ECM1_CDS_0086,unknown function
Pharokka_SW33_ECM1_CDS_0087,unknown function
Pharokka_SW33_ECM1_CDS_0088,unknown function
Pharokka_SW33_ECM1_CDS_0089,unknown function
Pharokka_SW33_ECM1_CDS_0090,unknown function
Pharokka_SW33_ECM1_CDS_0091,unknown function
Pharokka_SW33_ECM1_CDS_0092,unknown function
Pharokka_SW33_ECM1_CDS_0093,unknown function
Pharokka_SW33_ECM1_CDS_0094,unknown function
Pharokka_SW33_ECM1_CDS_0095,unknown function
Pharokka_SW33_ECM1_CDS_0096,unknown function
Pharokka_SW33_ECM1_CDS_0097,unknown function
Pharokka_SW33_ECM1_CDS_0098,unknown function
Pharokka_SW33_ECM1_CDS_0099,unknown function
Pharokka_SW33_ECM1_CDS_0100,unknown function
Pharokka_SW33_ECM1_CDS_0101,unknown function
Pharokka_SW33_ECM1_CDS_0102,unknown function
Pharokka_SW33_ECM1_CDS_0103,unknown function
Pharokka_SW33_ECM1_CDS_0104,unknown function
Pharokka_SW33_ECM1_CDS_0105,unknown function
Pharokka_SW33_ECM1_CDS_0106,unknown function
Pharokka_SW33_ECM1_CDS_0107,unknown function
Pharokka_SW33_ECM1_CDS_0108,unknown function
Pharokka_SW33_ECM1_CDS_0109,other
Pharokka_SW33_ECM1_CDS_0110,"DNA, RNA and nucleotide metabolism"
Pharokka_SW33_ECM1_CDS_0111,unknown function
Pharokka_SW33_ECM1_CDS_0112,unknown function
Pharokka_SW33_ECM1_CDS_0113,other
Pharokka_SW33_ECM1_CDS_0114,unknown function
Pharokka_SW33_ECM1_CDS_0115,unknown function
Pharokka_SW33_ECM1_CDS_0116,unknown function
Pharokka_SW33_ECM1_CDS_0117,unknown function
Pharokka_SW33_ECM1_CDS_0118,unknown function
Pharokka_SW33_ECM1_CDS_0119,unknown function
Pharokka_SW33_ECM1_CDS_0120,unknown function
Pharokka_SW33_ECM1_CDS_0121,unknown function
Pharokka_SW33_ECM1_CDS_0122,unknown function
Pharokka_SW33_ECM1_CDS_0123,unknown function
Pharokka_SW33_ECM1_CDS_0124,unknown function
Pharokka_SW33_ECM1_CDS_0125,unknown function
Pharokka_SW33_ECM1_CDS_0126,unknown function
Pharokka_SW33_ECM1_CDS_0127,unknown function
Pharokka_SW33_ECM1_CDS_0128,unknown function
Pharokka_SW33_ECM1_CDS_0129,unknown function
Pharokka_SW33_ECM1_CDS_0130,unknown function
Pharokka_SW33_ECM1_CDS_0131,other
Pharokka_SW33_ECM1_CDS_0132,unknown function
Pharokka_SW33_ECM1_CDS_0133,unknown function
Pharokka_SW33_ECM1_CDS_0134,unknown function
Pharokka_SW33_ECM1_CDS_0135,unknown function
Pharokka_SW33_ECM1_CDS_0136,unknown function
Pharokka_SW33_ECM1_CDS_0137,unknown function
Pharokka_SW33_ECM1_CDS_0138,unknown function
Pharokka_SW33_ECM1_CDS_0139,unknown function
Pharokka_SW33_ECM1_CDS_0140,"moron, auxiliary metabolic gene and host takeover"
Pharokka_SW33_ECM1_CDS_0141,unknown function
Pharokka_SW33_ECM1_CDS_0142,unknown function
Pharokka_SW33_ECM1_CDS_0143,unknown function
Pharokka_SW33_ECM1_CDS_0144,unknown function
Pharokka_SW33_ECM1_CDS_0145,unknown function
Pharokka_SW33_ECM1_CDS_0146,unknown function
Pharokka_SW33_ECM1_CDS_0147,unknown function
Pharokka_SW33_ECM1_CDS_0148,unknown function
Pharokka_SW33_ECM1_CDS_0149,unknown function
Pharokka_SW33_ECM1_CDS_0150,unknown function
Pharokka_SW33_ECM1_CDS_0151,other
Pharokka_SW33_ECM1_CDS_0152,unknown function
Pharokka_SW33_ECM1_CDS_0153,unknown function
Pharokka_SW33_ECM1_CDS_0154,unknown function
Pharokka_SW33_ECM1_CDS_0155,unknown function
Pharokka_SW33_ECM1_CDS_0156,unknown function
Pharokka_SW33_ECM1_CDS_0157,unknown function
Pharokka_SW33_ECM1_CDS_0158,unknown function
Pharokka_SW33_ECM1_CDS_0159,unknown function
Pharokka_SW33_ECM1_CDS_0160,unknown function
Pharokka_SW33_ECM1_CDS_0161,unknown function
Pharokka_SW33_ECM1_CDS_0162,unknown function
Pharokka_SW33_ECM1_CDS_0163,unknown function
Pharokka_SW33_ECM1_CDS_0164,unknown function
Pharokka_SW33_ECM1_CDS_0165,unknown function
Pharokka_SW33_ECM1_CDS_0166,unknown function
Pharokka_SW33_ECM1_CDS_0167,unknown function
Pharokka_SW33_ECM1_CDS_0168,unknown function
Pharokka_SW33_ECM1_CDS_0169,unknown function
Pharokka_SW33_ECM1_CDS_0170,unknown function
Pharokka_SW33_ECM1_CDS_0171,unknown function
Pharokka_SW33_ECM1_CDS_0172,unknown function
Pharokka_SW33_ECM1_CDS_0173,unknown function
Pharokka_SW33_ECM1_CDS_0174,unknown function
Pharokka_SW33_ECM1_CDS_0175,unknown function
Pharokka_SW33_ECM1_CDS_0176,unknown function
Pharokka_SW33_ECM1_CDS_0177,unknown function
Pharokka_SW33_ECM1_CDS_0178,unknown function
Pharokka_SW33_ECM1_CDS_0179,unknown function
Pharokka_SW33_ECM1_CDS_0180,unknown function
Pharokka_SW33_ECM1_CDS_0181,unknown function
Pharokka_SW33_ECM1_CDS_0182,unknown function
Pharokka_SW33_ECM1_CDS_0183,unknown function
Pharokka_SW33_ECM1_CDS_0184,unknown function
Pharokka_SW33_ECM1_CDS_0185,unknown function
Pharokka_SW33_ECM1_CDS_0186,unknown function
Pharokka_SW33_ECM1_CDS_0187,unknown function
Pharokka_SW33_ECM1_CDS_0188,unknown function
Pharokka_SW33_ECM1_CDS_0189,unknown function
Pharokka_SW33_ECM1_CDS_0190,unknown function
Pharokka_SW33_ECM1_CDS_0191,unknown function
Pharokka_SW33_ECM1_CDS_0192,unknown function
Pharokka_SW33_ECM1_CDS_0193,unknown function
Pharokka_SW33_ECM1_CDS_0194,unknown function
Pharokka_SW33_ECM1_CDS_0195,unknown function
Pharokka_SW33_ECM1_CDS_0196,unknown function
Pharokka_SW33_ECM1_CDS_0197,unknown function
Pharokka_SW33_ECM1_CDS_0198,unknown function
Pharokka_SW33_ECM1_CDS_0199,unknown function
Pharokka_SW33_ECM1_CDS_0200,"DNA, RNA and nucleotide metabolism"
Pharokka_SW33_ECM1_CDS_0201,unknown function
Pharokka_SW33_ECM1_CDS_0202,unknown function
Pharokka_SW33_ECM1_CDS_0203,unknown function
Pharokka_SW33_ECM1_CDS_0204,unknown function
Pharokka_SW33_ECM1_CDS_0205,unknown function
Pharokka_SW33_ECM1_CDS_0206,unknown function
Pharokka_SW33_ECM1_CDS_0207,unknown function
Pharokka_SW33_ECM1_CDS_0208,unknown function
Pharokka_SW33_ECM1_CDS_0209,unknown function
Pharokka_SW33_ECM1_CDS_0210,unknown function
Pharokka_SW33_ECM1_CDS_0211,unknown function
Pharokka_SW33_ECM1_CDS_0212,unknown function
Pharokka_SW33_ECM1_CDS_0213,"DNA, RNA and nucleotide metabolism"
Pharokka_SW33_ECM1_CDS_0214,unknown function
Pharokka_SW33_ECM1_CDS_0215,unknown function
Pharokka_SW33_ECM1_CDS_0216,unknown function
Pharokka_SW33_ECM1_CDS_0217,unknown function
Pharokka_SW33_ECM1_CDS_0218,unknown function
Pharokka_SW33_ECM1_CDS_0219,unknown function
Pharokka_SW33_ECM1_CDS_0220,unknown function
Pharokka_SW33_ECM1_CDS_0221,unknown function
Pharokka_SW33_ECM1_CDS_0222,unknown function
Pharokka_SW33_ECM1_CDS_0223,"DNA, RNA and nucleotide metabolism"
Pharokka_SW33_ECM1_CDS_0224,unknown function
Pharokka_SW33_ECM1_CDS_0225,unknown function
Pharokka_SW33_ECM1_CDS_0226,other
Pharokka_SW33_ECM1_CDS_0227,unknown function
Pharokka_SW33_ECM1_CDS_0228,unknown function
Pharokka_SW33_ECM1_CDS_0229,unknown function
Pharokka_SW33_ECM1_CDS_0230,unknown function
Pharokka_SW33_ECM1_CDS_0231,unknown function
Pharokka_SW33_ECM1_CDS_0232,unknown function
Pharokka_SW33_ECM1_CDS_0233,unknown function
Pharokka_SW33_ECM1_CDS_0234,unknown function
Pharokka_SW33_ECM1_CDS_0235,"DNA, RNA and nucleotide metabolism"
Pharokka_SW33_ECM1_CDS_0236,unknown function
Pharokka_SW33_ECM1_CDS_0237,other
Pharokka_SW33_ECM1_CDS_0238,unknown function
Pharokka_SW33_ECM1_CDS_0239,"DNA, RNA and nucleotide metabolism"
Pharokka_SW33_ECM1_CDS_0240,unknown function
Pharokka_SW33_ECM1_CDS_0241,unknown function
Pharokka_SW33_ECM1_CDS_0242,unknown function
Pharokka_SW33_ECM1_CDS_0243,other
Pharokka_SW33_ECM1_CDS_0244,unknown function
Pharokka_SW33_ECM1_CDS_0245,other
Pharokka_SW33_ECM1_CDS_0246,unknown function
Pharokka_SW33_ECM1_CDS_0247,other
Pharokka_SW33_ECM1_CDS_0248,lysis
Pharokka_SW33_ECM1_CDS_0249,unknown function
Pharokka_SW33_ECM1_CDS_0250,"DNA, RNA and nucleotide metabolism"
Pharokka_SW33_ECM1_CDS_0251,"DNA, RNA and nucleotide metabolism"
Pharokka_SW33_ECM1_CDS_0252,"moron, auxiliary metabolic gene and host takeover"
Pharokka_SW33_ECM1_CDS_0253,"moron, auxiliary metabolic gene and host takeover"
Pharokka_SW33_ECM1_CDS_0254,"DNA, RNA and nucleotide metabolism"
Pharokka_SW33_ECM1_CDS_0255,unknown function
Pharokka_SW33_ECM1_CDS_0256,unknown function
Pharokka_SW33_ECM1_CDS_0257,unknown function
Pharokka_SW33_ECM1_CDS_0258,unknown function
Pharokka_SW33_ECM1_CDS_0259,"DNA, RNA and nucleotide metabolism"
Pharokka_SW33_ECM1_CDS_0260,unknown function
Pharokka_SW33_ECM1_CDS_0261,"DNA, RNA and nucleotide metabolism"
Pharokka_SW33_ECM1_CDS_0262,unknown function
Pharokka_SW33_ECM1_CDS_0263,unknown function
Pharokka_SW33_ECM1_CDS_0264,"DNA, RNA and nucleotide metabolism"
Pharokka_SW33_ECM1_CDS_0265,unknown function
Pharokka_SW33_ECM1_CDS_0266,"DNA, RNA and nucleotide metabolism"
Pharokka_SW33_ECM1_CDS_0267,unknown function
Pharokka_SW33_ECM1_CDS_0268,other
Pharokka_SW33_ECM1_CDS_0269,unknown function
Pharokka_SW33_ECM1_CDS_0270,"DNA, RNA and nucleotide metabolism"
Pharokka_SW33_ECM1_CDS_0271,"DNA, RNA and nucleotide metabolism"
Pharokka_SW33_ECM1_CDS_0272,unknown function
Pharokka_SW33_ECM1_CDS_0273,unknown function
Pharokka_SW33_ECM1_CDS_0274,unknown function
Pharokka_SW33_ECM1_CDS_0275,"DNA, RNA and nucleotide metabolism"
Pharokka_SW33_ECM1_CDS_0276,other
Pharokka_SW33_ECM1_CDS_0277,unknown function
Pharokka_SW33_ECM1_CDS_0278,unknown function
Pharokka_SW33_ECM1_CDS_0279,"DNA, RNA and nucleotide metabolism"
Pharokka_SW33_ECM1_CDS_0280,unknown function
Pharokka_SW33_ECM1_CDS_0281,unknown function
Pharokka_SW33_ECM1_CDS_0282,other
Pharokka_SW33_ECM1_CDS_0283,other
Pharokka_SW33_ECM1_CDS_0284,tail
Pharokka_SW33_ECM1_CDS_0285,other
Pharokka_SW33_ECM1_CDS_0286,unknown function
Pharokka_SW33_ECM1_CDS_0287,unknown function
Pharokka_SW33_ECM1_CDS_0288,other
Pharokka_SW33_ECM1_CDS_0289,unknown function
Pharokka_SW33_ECM1_CDS_0290,unknown function
Pharokka_SW33_ECM1_CDS_0291,unknown function
Pharokka_SW33_ECM1_CDS_0292,unknown function
Pharokka_SW33_ECM1_CDS_0293,unknown function
Pharokka_SW33_ECM1_CDS_0294,unknown function
Pharokka_SW33_ECM1_CDS_0295,unknown function
Pharokka_SW33_ECM1_CDS_0296,unknown function
Pharokka_SW33_ECM1_CDS_0297,unknown function
Pharokka_SW33_ECM1_CDS_0298,unknown function
Pharokka_SW33_ECM1_CDS_0299,unknown function
Pharokka_SW33_ECM1_CDS_0300,unknown function
Pharokka_SW33_ECM1_CDS_0301,unknown function
Pharokka_SW33_ECM1_CDS_0302,unknown function
Pharokka_SW33_ECM1_CDS_0303,other
Pharokka_SW33_ECM1_CDS_0304,unknown function
Pharokka_SW33_ECM1_CDS_0305,unknown function
Pharokka_SW33_ECM1_CDS_0306,"DNA, RNA and nucleotide metabolism"
Pharokka_SW33_ECM1_CDS_0307,unknown function
Pharokka_SW33_ECM1_CDS_0308,unknown function
Pharokka_SW33_ECM1_CDS_0309,unknown function
Pharokka_SW33_ECM1_CDS_0310,unknown function
Pharokka_SW33_ECM1_CDS_0311,"moron, auxiliary metabolic gene and host takeover"
Pharokka_SW33_ECM1_CDS_0312,lysis
Pharokka_ST001-ECM1_1_CDS_0001,head and packaging
Pharokka_ST001-ECM1_1_CDS_0002,head and packaging
Pharokka_ST001-ECM1_1_CDS_0003,other
Pharokka_ST001-ECM1_1_CDS_0004,head and packaging
Pharokka_ST001-ECM1_1_CDS_0005,head and packaging
Pharokka_ST001-ECM1_1_CDS_0006,head and packaging
Pharokka_ST001-ECM1_1_CDS_0007,unknown function
Pharokka_ST001-ECM1_1_CDS_0008,unknown function
Pharokka_ST001-ECM1_1_CDS_0009,connector
Pharokka_ST001-ECM1_1_CDS_0010,head and packaging
Pharokka_ST001-ECM1_1_CDS_0011,connector
Pharokka_ST001-ECM1_1_CDS_0012,tail
Pharokka_ST001-ECM1_1_CDS_0013,head and packaging
Pharokka_ST001-ECM1_1_CDS_0014,tail
Pharokka_ST001-ECM1_1_CDS_0015,unknown function
Pharokka_ST001-ECM1_1_CDS_0016,tail
Pharokka_ST001-ECM1_1_CDS_0017,unknown function
Pharokka_ST001-ECM1_1_CDS_0018,tail
Pharokka_ST001-ECM1_1_CDS_0019,head and packaging
Pharokka_ST001-ECM1_1_CDS_0020,tail
Pharokka_ST001-ECM1_1_CDS_0021,tail
Pharokka_ST001-ECM1_1_CDS_0022,tail
Pharokka_ST001-ECM1_1_CDS_0023,tail
Pharokka_ST001-ECM1_1_CDS_0024,tail
Pharokka_ST001-ECM1_1_CDS_0025,tail
Pharokka_ST001-ECM1_1_CDS_0026,tail
Pharokka_ST001-ECM1_1_CDS_0027,"moron, auxiliary metabolic gene and host takeover"
Pharokka_ST001-ECM1_1_CDS_0028,tail
Pharokka_ST001-ECM1_1_CDS_0029,tail
Pharokka_ST001-ECM1_1_CDS_0030,tail
Pharokka_ST001-ECM1_1_CDS_0031,tail
Pharokka_ST001-ECM1_1_CDS_0032,other
Pharokka_ST001-ECM1_1_CDS_0033,"moron, auxiliary metabolic gene and host takeover"
Pharokka_ST001-ECM1_1_CDS_0034,tail
Pharokka_ST001-ECM1_1_CDS_0035,tail
Pharokka_ST001-ECM1_1_CDS_0036,"DNA, RNA and nucleotide metabolism"
Pharokka_ST001-ECM1_1_CDS_0037,unknown function
Pharokka_ST001-ECM1_1_CDS_0038,"DNA, RNA and nucleotide metabolism"
Pharokka_ST001-ECM1_1_CDS_0039,unknown function
Pharokka_ST001-ECM1_1_CDS_0040,unknown function
Pharokka_ST001-ECM1_1_CDS_0041,unknown function
Pharokka_ST001-ECM1_1_CDS_0042,"DNA, RNA and nucleotide metabolism"
Pharokka_ST001-ECM1_1_CDS_0043,"moron, auxiliary metabolic gene and host takeover"
Pharokka_ST001-ECM1_1_CDS_0044,unknown function
Pharokka_ST001-ECM1_1_CDS_0045,"DNA, RNA and nucleotide metabolism"
Pharokka_ST001-ECM1_1_CDS_0046,unknown function
Pharokka_ST001-ECM1_1_CDS_0047,"moron, auxiliary metabolic gene and host takeover"
Pharokka_ST001-ECM1_1_CDS_0048,"moron, auxiliary metabolic gene and host takeover"
Pharokka_ST001-ECM1_1_CDS_0049,"moron, auxiliary metabolic gene and host takeover"
Pharokka_ST001-ECM1_1_CDS_0050,"moron, auxiliary metabolic gene and host takeover"
Pharokka_ST001-ECM1_1_CDS_0051,unknown function
Pharokka_ST001-ECM1_1_CDS_0052,unknown function
Pharokka_ST001-ECM1_1_CDS_0053,unknown function
Pharokka_ST001-ECM1_1_CDS_0054,lysis
Pharokka_ST001-ECM1_1_CDS_0055,"DNA, RNA and nucleotide metabolism"
Pharokka_ST001-ECM1_1_CDS_0056,unknown function
Pharokka_ST001-ECM1_1_CDS_0057,unknown function
Pharokka_ST001-ECM1_1_CDS_0058,"DNA, RNA and nucleotide metabolism"
Pharokka_ST001-ECM1_1_CDS_0059,unknown function
Pharokka_ST001-ECM1_1_CDS_0060,unknown function
Pharokka_ST001-ECM1_1_CDS_0061,unknown function
Pharokka_ST001-ECM1_1_CDS_0062,unknown function
Pharokka_ST001-ECM1_1_CDS_0063,unknown function
Pharokka_ST001-ECM1_1_CDS_0064,"moron, auxiliary metabolic gene and host takeover"
Pharokka_ST001-ECM1_1_CDS_0065,"DNA, RNA and nucleotide metabolism"
Pharokka_ST001-ECM1_1_CDS_0066,unknown function
Pharokka_ST001-ECM1_1_CDS_0067,unknown function
Pharokka_ST001-ECM1_1_CDS_0068,unknown function
Pharokka_ST001-ECM1_1_CDS_0069,"moron, auxiliary metabolic gene and host takeover"
Pharokka_ST001-ECM1_1_CDS_0070,unknown function
Pharokka_ST001-ECM1_1_CDS_0071,other
Pharokka_ST001-ECM1_1_CDS_0072,"moron, auxiliary metabolic gene and host takeover"
Pharokka_ST001-ECM1_1_CDS_0073,other
Pharokka_ST001-ECM1_1_CDS_0074,other
Pharokka_ST001-ECM1_1_CDS_0075,unknown function
Pharokka_ST001-ECM1_1_CDS_0076,"DNA, RNA and nucleotide metabolism"
Pharokka_ST001-ECM1_1_CDS_0077,"moron, auxiliary metabolic gene and host takeover"
Pharokka_ST001-ECM1_1_CDS_0078,"DNA, RNA and nucleotide metabolism"
Pharokka_ST001-ECM1_1_CDS_0079,"DNA, RNA and nucleotide metabolism"
Pharokka_ST001-ECM1_1_CDS_0080,unknown function
Pharokka_ST001-ECM1_1_CDS_0081,"DNA, RNA and nucleotide metabolism"
Pharokka_ST001-ECM1_1_CDS_0082,unknown function
Pharokka_ST001-ECM1_1_CDS_0083,unknown function
Pharokka_ST001-ECM1_1_CDS_0084,"DNA, RNA and nucleotide metabolism"
Pharokka_ST001-ECM1_1_CDS_0085,unknown function
Pharokka_ST001-ECM1_1_CDS_0086,unknown function
Pharokka_ST001-ECM1_1_CDS_0087,unknown function
Pharokka_ST001-ECM1_1_CDS_0088,unknown function
Pharokka_ST001-ECM1_1_CDS_0089,unknown function
Pharokka_ST001-ECM1_1_CDS_0090,unknown function
Pharokka_ST001-ECM1_1_CDS_0091,unknown function
Pharokka_ST001-ECM1_1_CDS_0092,unknown function
Pharokka_ST001-ECM1_1_CDS_0093,unknown function
Pharokka_ST001-ECM1_1_CDS_0094,unknown function
Pharokka_ST001-ECM1_1_CDS_0095,unknown function
Pharokka_ST001-ECM1_1_CDS_0096,unknown function
Pharokka_ST001-ECM1_1_CDS_0097,unknown function
Pharokka_ST001-ECM1_1_CDS_0098,unknown function
Pharokka_ST001-ECM1_1_CDS_0099,unknown function
Pharokka_ST001-ECM1_1_CDS_0100,unknown function
Pharokka_ST001-ECM1_1_CDS_0101,unknown function
Pharokka_ST001-ECM1_1_CDS_0102,unknown function
Pharokka_ST001-ECM1_1_CDS_0103,unknown function
Pharokka_ST001-ECM1_1_CDS_0104,unknown function
Pharokka_ST001-ECM1_1_CDS_0105,unknown function
Pharokka_ST001-ECM1_1_CDS_0106,unknown function
Pharokka_ST001-ECM1_1_CDS_0107,unknown function
Pharokka_ST001-ECM1_1_CDS_0108,unknown function
Pharokka_ST001-ECM1_1_CDS_0109,other
Pharokka_ST001-ECM1_1_CDS_0110,"DNA, RNA and nucleotide metabolism"
Pharokka_ST001-ECM1_1_CDS_0111,unknown function
Pharokka_ST001-ECM1_1_CDS_0112,unknown function
Pharokka_ST001-ECM1_1_CDS_0113,other
Pharokka_ST001-ECM1_1_CDS_0114,unknown function
Pharokka_ST001-ECM1_1_CDS_0115,unknown function
Pharokka_ST001-ECM1_1_CDS_0116,unknown function
Pharokka_ST001-ECM1_1_CDS_0117,unknown function
Pharokka_ST001-ECM1_1_CDS_0118,unknown function
Pharokka_ST001-ECM1_1_CDS_0119,unknown function
Pharokka_ST001-ECM1_1_CDS_0120,unknown function
Pharokka_ST001-ECM1_1_CDS_0121,unknown function
Pharokka_ST001-ECM1_1_CDS_0122,unknown function
Pharokka_ST001-ECM1_1_CDS_0123,unknown function
Pharokka_ST001-ECM1_1_CDS_0124,unknown function
Pharokka_ST001-ECM1_1_CDS_0125,unknown function
Pharokka_ST001-ECM1_1_CDS_0126,unknown function
Pharokka_ST001-ECM1_1_CDS_0127,unknown function
Pharokka_ST001-ECM1_1_CDS_0128,unknown function
Pharokka_ST001-ECM1_1_CDS_0129,unknown function
Pharokka_ST001-ECM1_1_CDS_0130,unknown function
Pharokka_ST001-ECM1_1_CDS_0131,unknown function
Pharokka_ST001-ECM1_1_CDS_0132,unknown function
Pharokka_ST001-ECM1_1_CDS_0133,unknown function
Pharokka_ST001-ECM1_1_CDS_0134,unknown function
Pharokka_ST001-ECM1_1_CDS_0135,unknown function
Pharokka_ST001-ECM1_1_CDS_0136,unknown function
Pharokka_ST001-ECM1_1_CDS_0137,unknown function
Pharokka_ST001-ECM1_1_CDS_0138,unknown function
Pharokka_ST001-ECM1_1_CDS_0139,"moron, auxiliary metabolic gene and host takeover"
Pharokka_ST001-ECM1_1_CDS_0140,unknown function
Pharokka_ST001-ECM1_1_CDS_0141,unknown function
Pharokka_ST001-ECM1_1_CDS_0142,unknown function
Pharokka_ST001-ECM1_1_CDS_0143,unknown function
Pharokka_ST001-ECM1_1_CDS_0144,unknown function
Pharokka_ST001-ECM1_1_CDS_0145,unknown function
Pharokka_ST001-ECM1_1_CDS_0146,unknown function
Pharokka_ST001-ECM1_1_CDS_0147,unknown function
Pharokka_ST001-ECM1_1_CDS_0148,unknown function
Pharokka_ST001-ECM1_1_CDS_0149,unknown function
Pharokka_ST001-ECM1_1_CDS_0150,other
Pharokka_ST001-ECM1_1_CDS_0151,unknown function
Pharokka_ST001-ECM1_1_CDS_0152,unknown function
Pharokka_ST001-ECM1_1_CDS_0153,unknown function
Pharokka_ST001-ECM1_1_CDS_0154,unknown function
Pharokka_ST001-ECM1_1_CDS_0155,unknown function
Pharokka_ST001-ECM1_1_CDS_0156,unknown function
Pharokka_ST001-ECM1_1_CDS_0157,unknown function
Pharokka_ST001-ECM1_1_CDS_0158,unknown function
Pharokka_ST001-ECM1_1_CDS_0159,unknown function
Pharokka_ST001-ECM1_1_CDS_0160,unknown function
Pharokka_ST001-ECM1_1_CDS_0161,unknown function
Pharokka_ST001-ECM1_1_CDS_0162,unknown function
Pharokka_ST001-ECM1_1_CDS_0163,unknown function
Pharokka_ST001-ECM1_1_CDS_0164,unknown function
Pharokka_ST001-ECM1_1_CDS_0165,unknown function
Pharokka_ST001-ECM1_1_CDS_0166,unknown function
Pharokka_ST001-ECM1_1_CDS_0167,unknown function
Pharokka_ST001-ECM1_1_CDS_0168,unknown function
Pharokka_ST001-ECM1_1_CDS_0169,unknown function
Pharokka_ST001-ECM1_1_CDS_0170,unknown function
Pharokka_ST001-ECM1_1_CDS_0171,unknown function
Pharokka_ST001-ECM1_1_CDS_0172,unknown function
Pharokka_ST001-ECM1_1_CDS_0173,unknown function
Pharokka_ST001-ECM1_1_CDS_0174,unknown function
Pharokka_ST001-ECM1_1_CDS_0175,unknown function
Pharokka_ST001-ECM1_1_CDS_0176,unknown function
Pharokka_ST001-ECM1_1_CDS_0177,unknown function
Pharokka_ST001-ECM1_1_CDS_0178,unknown function
Pharokka_ST001-ECM1_1_CDS_0179,unknown function
Pharokka_ST001-ECM1_1_CDS_0180,unknown function
Pharokka_ST001-ECM1_1_CDS_0181,unknown function
Pharokka_ST001-ECM1_1_CDS_0182,unknown function
Pharokka_ST001-ECM1_1_CDS_0183,unknown function
Pharokka_ST001-ECM1_1_CDS_0184,unknown function
Pharokka_ST001-ECM1_1_CDS_0185,unknown function
Pharokka_ST001-ECM1_1_CDS_0186,unknown function
Pharokka_ST001-ECM1_1_CDS_0187,unknown function
Pharokka_ST001-ECM1_1_CDS_0188,unknown function
Pharokka_ST001-ECM1_1_CDS_0189,unknown function
Pharokka_ST001-ECM1_1_CDS_0190,unknown function
Pharokka_ST001-ECM1_1_CDS_0191,unknown function
Pharokka_ST001-ECM1_1_CDS_0192,unknown function
Pharokka_ST001-ECM1_1_CDS_0193,unknown function
Pharokka_ST001-ECM1_1_CDS_0194,unknown function
Pharokka_ST001-ECM1_1_CDS_0195,unknown function
Pharokka_ST001-ECM1_1_CDS_0196,unknown function
Pharokka_ST001-ECM1_1_CDS_0197,"DNA, RNA and nucleotide metabolism"
Pharokka_ST001-ECM1_1_CDS_0198,unknown function
Pharokka_ST001-ECM1_1_CDS_0199,unknown function
Pharokka_ST001-ECM1_1_CDS_0200,unknown function
Pharokka_ST001-ECM1_1_CDS_0201,unknown function
Pharokka_ST001-ECM1_1_CDS_0202,unknown function
Pharokka_ST001-ECM1_1_CDS_0203,unknown function
Pharokka_ST001-ECM1_1_CDS_0204,unknown function
Pharokka_ST001-ECM1_1_CDS_0205,unknown function
Pharokka_ST001-ECM1_1_CDS_0206,unknown function
Pharokka_ST001-ECM1_1_CDS_0207,unknown function
Pharokka_ST001-ECM1_1_CDS_0208,unknown function
Pharokka_ST001-ECM1_1_CDS_0209,unknown function
Pharokka_ST001-ECM1_1_CDS_0210,"DNA, RNA and nucleotide metabolism"
Pharokka_ST001-ECM1_1_CDS_0211,unknown function
Pharokka_ST001-ECM1_1_CDS_0212,unknown function
Pharokka_ST001-ECM1_1_CDS_0213,unknown function
Pharokka_ST001-ECM1_1_CDS_0214,unknown function
Pharokka_ST001-ECM1_1_CDS_0215,unknown function
Pharokka_ST001-ECM1_1_CDS_0216,unknown function
Pharokka_ST001-ECM1_1_CDS_0217,unknown function
Pharokka_ST001-ECM1_1_CDS_0218,unknown function
Pharokka_ST001-ECM1_1_CDS_0219,unknown function
Pharokka_ST001-ECM1_1_CDS_0220,"DNA, RNA and nucleotide metabolism"
Pharokka_ST001-ECM1_1_CDS_0221,unknown function
Pharokka_ST001-ECM1_1_CDS_0222,unknown function
Pharokka_ST001-ECM1_1_CDS_0223,other
Pharokka_ST001-ECM1_1_CDS_0224,unknown function
Pharokka_ST001-ECM1_1_CDS_0225,unknown function
Pharokka_ST001-ECM1_1_CDS_0226,unknown function
Pharokka_ST001-ECM1_1_CDS_0227,unknown function
Pharokka_ST001-ECM1_1_CDS_0228,unknown function
Pharokka_ST001-ECM1_1_CDS_0229,unknown function
Pharokka_ST001-ECM1_1_CDS_0230,unknown function
Pharokka_ST001-ECM1_1_CDS_0231,unknown function
Pharokka_ST001-ECM1_1_CDS_0232,"DNA, RNA and nucleotide metabolism"
Pharokka_ST001-ECM1_1_CDS_0233,unknown function
Pharokka_ST001-ECM1_1_CDS_0234,other
Pharokka_ST001-ECM1_1_CDS_0235,unknown function
Pharokka_ST001-ECM1_1_CDS_0236,"DNA, RNA and nucleotide metabolism"
Pharokka_ST001-ECM1_1_CDS_0237,unknown function
Pharokka_ST001-ECM1_1_CDS_0238,unknown function
Pharokka_ST001-ECM1_1_CDS_0239,unknown function
Pharokka_ST001-ECM1_1_CDS_0240,other
Pharokka_ST001-ECM1_1_CDS_0241,unknown function
Pharokka_ST001-ECM1_1_CDS_0242,other
Pharokka_ST001-ECM1_1_CDS_0243,unknown function
Pharokka_ST001-ECM1_1_CDS_0244,other
Pharokka_ST001-ECM1_1_CDS_0245,lysis
Pharokka_ST001-ECM1_1_CDS_0246,unknown function
Pharokka_ST001-ECM1_1_CDS_0247,"DNA, RNA and nucleotide metabolism"
Pharokka_ST001-ECM1_1_CDS_0248,"DNA, RNA and nucleotide metabolism"
Pharokka_ST001-ECM1_1_CDS_0249,"moron, auxiliary metabolic gene and host takeover"
Pharokka_ST001-ECM1_1_CDS_0250,"moron, auxiliary metabolic gene and host takeover"
Pharokka_ST001-ECM1_1_CDS_0251,"DNA, RNA and nucleotide metabolism"
Pharokka_ST001-ECM1_1_CDS_0252,unknown function
Pharokka_ST001-ECM1_1_CDS_0253,unknown function
Pharokka_ST001-ECM1_1_CDS_0254,unknown function
Pharokka_ST001-ECM1_1_CDS_0255,unknown function
Pharokka_ST001-ECM1_1_CDS_0256,"DNA, RNA and nucleotide metabolism"
Pharokka_ST001-ECM1_1_CDS_0257,unknown function
Pharokka_ST001-ECM1_1_CDS_0258,"DNA, RNA and nucleotide metabolism"
Pharokka_ST001-ECM1_1_CDS_0259,unknown function
Pharokka_ST001-ECM1_1_CDS_0260,unknown function
Pharokka_ST001-ECM1_1_CDS_0261,"DNA, RNA and nucleotide metabolism"
Pharokka_ST001-ECM1_1_CDS_0262,unknown function
Pharokka_ST001-ECM1_1_CDS_0263,"DNA, RNA and nucleotide metabolism"
Pharokka_ST001-ECM1_1_CDS_0264,unknown function
Pharokka_ST001-ECM1_1_CDS_0265,other
Pharokka_ST001-ECM1_1_CDS_0266,unknown function
Pharokka_ST001-ECM1_1_CDS_0267,"DNA, RNA and nucleotide metabolism"
Pharokka_ST001-ECM1_1_CDS_0268,"DNA, RNA and nucleotide metabolism"
Pharokka_ST001-ECM1_1_CDS_0269,unknown function
Pharokka_ST001-ECM1_1_CDS_0270,unknown function
Pharokka_ST001-ECM1_1_CDS_0271,unknown function
Pharokka_ST001-ECM1_1_CDS_0272,"DNA, RNA and nucleotide metabolism"
Pharokka_ST001-ECM1_1_CDS_0273,other
Pharokka_ST001-ECM1_1_CDS_0274,unknown function
Pharokka_ST001-ECM1_1_CDS_0275,"DNA, RNA and nucleotide metabolism"
Pharokka_ST001-ECM1_1_CDS_0276,unknown function
Pharokka_ST001-ECM1_1_CDS_0277,unknown function
Pharokka_ST001-ECM1_1_CDS_0278,other
Pharokka_ST001-ECM1_1_CDS_0279,other
Pharokka_ST001-ECM1_1_CDS_0280,tail
Pharokka_ST001-ECM1_1_CDS_0281,other
Pharokka_ST001-ECM1_1_CDS_0282,unknown function
Pharokka_ST001-ECM1_1_CDS_0283,unknown function
Pharokka_ST001-ECM1_1_CDS_0284,other
Pharokka_ST001-ECM1_1_CDS_0285,unknown function
Pharokka_ST001-ECM1_1_CDS_0286,unknown function
Pharokka_ST001-ECM1_1_CDS_0287,unknown function
Pharokka_ST001-ECM1_1_CDS_0288,unknown function
Pharokka_ST001-ECM1_1_CDS_0289,unknown function
Pharokka_ST001-ECM1_1_CDS_0290,unknown function
Pharokka_ST001-ECM1_1_CDS_0291,unknown function
Pharokka_ST001-ECM1_1_CDS_0292,unknown function
Pharokka_ST001-ECM1_1_CDS_0293,unknown function
Pharokka_ST001-ECM1_1_CDS_0294,unknown function
Pharokka_ST001-ECM1_1_CDS_0295,unknown function
Pharokka_ST001-ECM1_1_CDS_0296,unknown function
Pharokka_ST001-ECM1_1_CDS_0297,unknown function
Pharokka_ST001-ECM1_1_CDS_0298,unknown function
Pharokka_ST001-ECM1_1_CDS_0299,other
Pharokka_ST001-ECM1_1_CDS_0300,unknown function
Pharokka_ST001-ECM1_1_CDS_0301,"DNA, RNA and nucleotide metabolism"
Pharokka_ST001-ECM1_1_CDS_0302,unknown function
Pharokka_ST001-ECM1_1_CDS_0303,lysis
Pharokka_ST001-ECM1_1_CDS_0304,unknown function
Pharokka_ST001-ECM1_1_CDS_0305,unknown function
Pharokka_ST001-ECM1_1_CDS_0306,"moron, auxiliary metabolic gene and host takeover"
Pharokka_ST001-ECM1_1_CDS_0307,lysis
